merchant_abn,merchant_name,segment,Takings Rank,Loss Potential Ranking,Growth Potential Ranking,Final Ranking
49322182190,Gravida Mauris Incorporated,"Fashion, Jewelry & Personal Goods",10,11,114,1
96680767841,Ornare Limited,"Lifestyle, Health & Recreation",4,5,126,2
45629217853,Lacus Consulting,"Fashion, Jewelry & Personal Goods",3,3,137,3
79417999332,Phasellus At Company,"Fashion, Jewelry & Personal Goods",15,15,116,4
89726005175,Est Nunc Consulting,"Home, Garden & Living",8,7,132,5
48534649627,Dignissim Maecenas Foundation,"Lifestyle, Health & Recreation",12,13,123,6
72472909171,Nullam Consulting,"Arts, Media & Entertainment",14,16,122,7
86578477987,Leo In Consulting,"Fashion, Jewelry & Personal Goods",2,2,158,8
76767266140,Phasellus At Limited,"Home, Garden & Living",18,18,129,9
32361057556,Orci In Consequat Corporation,"Fashion, Jewelry & Personal Goods",1,1,165,10
94493496784,Dictum Phasellus In Institute,"Fashion, Jewelry & Personal Goods",9,9,152,11
49505931725,Suspendisse Ac Associates,"Arts, Media & Entertainment",31,31,113,12
98166254020,Magna Sed Industries,"Arts, Media & Entertainment",17,19,139,13
21439773999,Mauris Non Institute,"Arts, Media & Entertainment",5,4,171,14
68559320474,Aliquam Auctor Associates,"Fashion, Jewelry & Personal Goods",34,34,124,15
57757792876,Pretium Et LLC,Technology & Professional Services,29,29,135,16
64403598239,Lobortis Ultrices Company,"Arts, Media & Entertainment",6,6,186,17
45433476494,Adipiscing Elit Foundation,Technology & Professional Services,20,22,160,18
63123845164,Odio Phasellus Institute,"Arts, Media & Entertainment",11,12,181,19
38090089066,Interdum Feugiat Sed Inc.,"Home, Garden & Living",38,37,130,20
93558142492,Dolor Quisque Inc.,"Fashion, Jewelry & Personal Goods",43,43,120,21
80518954462,Neque Sed Dictum Incorporated,Technology & Professional Services,44,44,119,22
19492220327,Commodo Ipsum Industries,"Fashion, Jewelry & Personal Goods",24,10,175,23
35223308778,Euismod In Corp.,"Arts, Media & Entertainment",35,35,140,24
82368304209,Nec Incorporated,Technology & Professional Services,7,8,206,25
35909341340,Arcu Sed Eu Incorporated,Technology & Professional Services,13,14,195,26
63290521567,Vehicula Pellentesque Corporation,"Arts, Media & Entertainment",39,40,145,27
67400260923,Eleifend PC,Technology & Professional Services,30,32,166,28
60956456424,Ultricies Dignissim LLP,"Fashion, Jewelry & Personal Goods",27,26,176,29
99976658299,Sociosqu Corp.,"Fashion, Jewelry & Personal Goods",55,55,127,30
21772962346,Purus Gravida Sagittis Ltd,"Home, Garden & Living",37,36,168,31
34179569263,Sodales At LLC,"Arts, Media & Entertainment",32,30,183,32
88699453206,Sed Nec Inc.,"Lifestyle, Health & Recreation",67,67,115,33
46804135891,Suspendisse Dui Corporation,"Lifestyle, Health & Recreation",63,63,125,34
22033359776,Suspendisse Non Leo PC,"Lifestyle, Health & Recreation",47,47,157,35
93260930990,Pede Cras Vulputate Ltd,Technology & Professional Services,41,41,174,36
11439466003,Blandit At LLC,"Fashion, Jewelry & Personal Goods",45,45,173,37
62224020443,Hendrerit A Corporation,"Fashion, Jewelry & Personal Goods",65,65,136,38
90543168331,Phasellus Dapibus Incorporated,"Home, Garden & Living",52,52,170,39
13514558491,Magna Praesent PC,"Lifestyle, Health & Recreation",26,27,223,40
86710922099,Ac Urna Consulting,"Arts, Media & Entertainment",61,62,162,41
94690988633,Eu Placerat LLC,Technology & Professional Services,28,28,235,42
90918180829,Pharetra Quisque Company,"Fashion, Jewelry & Personal Goods",81,72,144,43
50315283629,Iaculis Aliquet Diam LLC,"Home, Garden & Living",74,75,150,44
27093785141,Placerat Orci Institute,Technology & Professional Services,48,48,205,45
71759376949,Pharetra Corp.,"Arts, Media & Entertainment",53,53,201,46
89932674734,Nulla Vulputate Company,"Arts, Media & Entertainment",91,91,128,47
27326652377,Tellus Aenean Corporation,"Arts, Media & Entertainment",57,57,197,48
46012371285,A Ultricies Inc.,"Arts, Media & Entertainment",70,70,172,49
26169574842,Dolor Dolor Industries,"Arts, Media & Entertainment",62,61,191,50
98072939449,Mattis Velit Justo Ltd,"Arts, Media & Entertainment",56,56,202,51
88358066529,Pede Cras Vulputate Consulting,"Lifestyle, Health & Recreation",76,78,161,52
42355028515,Eu Inc.,"Home, Garden & Living",33,33,250,53
67978471888,Magna Malesuada Corp.,"Arts, Media & Entertainment",16,17,288,54
78073971498,Venenatis A Industries,"Arts, Media & Entertainment",96,95,131,55
68216911708,Placerat Eget Venenatis Limited,Technology & Professional Services,60,60,204,56
52959528548,Libero Et Limited,"Home, Garden & Living",86,84,155,57
49212265466,Auctor Company,"Home, Garden & Living",42,42,243,58
16288327194,A Neque LLC,Technology & Professional Services,94,94,141,59
76314317957,Semper Corp.,"Home, Garden & Living",50,50,230,60
32709545238,Tempor Est Foundation,Technology & Professional Services,36,38,259,61
71528203369,Ipsum Primis Associates,"Fashion, Jewelry & Personal Goods",90,90,154,62
77338620996,Fames Ac Turpis LLC,Technology & Professional Services,77,79,179,63
15560455575,Morbi Accumsan Laoreet Industries,"Arts, Media & Entertainment",99,99,147,64
29639699851,Sodales Elit Erat Corporation,"Home, Garden & Living",78,80,187,65
49891706470,Non Vestibulum Industries,"Home, Garden & Living",21,21,303,66
80324045558,Ipsum Dolor Sit Corporation,"Fashion, Jewelry & Personal Goods",98,97,151,67
61080648284,Lobortis Ultrices LLC,"Arts, Media & Entertainment",85,86,177,68
64203420245,Pede Nonummy Corp.,"Home, Garden & Living",59,58,231,69
34096466752,Nullam Enim Ltd,Technology & Professional Services,58,59,233,70
58454491168,Diam At Foundation,Technology & Professional Services,25,25,300,71
81219314324,Faucibus Leo Ltd,"Fashion, Jewelry & Personal Goods",40,39,272,72
21359184622,Sit Amet PC,"Lifestyle, Health & Recreation",54,54,246,73
77590625261,Sed Diam Foundation,Technology & Professional Services,51,51,254,74
43186523025,Lorem Ipsum Sodales Industries,"Home, Garden & Living",23,24,310,75
29616684420,Tellus Id LLC,"Fashion, Jewelry & Personal Goods",88,88,182,76
40515428545,Elit Sed Consequat Associates,"Arts, Media & Entertainment",19,20,324,77
18158387243,Nec Tellus Ltd,"Lifestyle, Health & Recreation",71,71,227,78
46298404088,Feugiat Sed Nec Institute,"Arts, Media & Entertainment",75,77,219,79
81761494572,Nulla Facilisis Institute,"Fashion, Jewelry & Personal Goods",68,68,239,80
84703983173,Amet Consulting,Technology & Professional Services,104,104,169,81
23338656015,Iaculis LLC,"Fashion, Jewelry & Personal Goods",72,74,232,82
63817709749,A Felis Ullamcorper Industries,"Arts, Media & Entertainment",84,83,212,83
22227727512,Malesuada Integer Id Foundation,"Lifestyle, Health & Recreation",66,66,247,84
57699602880,Tellus Id Institute,Technology & Professional Services,79,82,221,85
90173050473,Lobortis Class Industries,"Home, Garden & Living",80,81,224,86
78760357380,Nibh Aliquam Corp.,Technology & Professional Services,133,135,118,87
39649557865,Arcu Morbi Institute,"Arts, Media & Entertainment",87,87,218,88
13812221471,Eget Massa Associates,"Arts, Media & Entertainment",97,98,210,89
15043504837,Odio Incorporated,"Fashion, Jewelry & Personal Goods",82,73,253,90
35556933338,Semper Cursus Integer Limited,"Arts, Media & Entertainment",108,105,196,91
79633007926,Auctor Vitae Inc.,"Lifestyle, Health & Recreation",110,112,189,92
68004106739,Nec Ante Ltd,"Arts, Media & Entertainment",138,137,138,93
97159474697,Sodales Limited,"Home, Garden & Living",137,138,146,94
25732256442,Malesuada Vel Associates,"Arts, Media & Entertainment",69,69,284,95
99291944648,Rutrum Magna Cras LLC,"Arts, Media & Entertainment",46,46,330,96
71247553576,Et Magnis Dis Corp.,"Arts, Media & Entertainment",101,102,220,97
28057731482,Dignissim Lacus PC,"Arts, Media & Entertainment",89,89,245,98
41271931352,Ac Sem Ut Company,Technology & Professional Services,92,92,244,99
98973094975,Ornare Fusce Inc.,"Arts, Media & Entertainment",22,23,384,100
52594457116,Vel Turpis Aliquam Company,"Lifestyle, Health & Recreation",93,93,248,101
58314972637,Nunc Ullamcorper Velit Inc.,"Arts, Media & Entertainment",118,121,198,102
94455880010,Nunc Sit LLC,Technology & Professional Services,73,76,290,103
29641342749,Et Associates,Technology & Professional Services,115,117,209,104
45899477665,At Incorporated,"Arts, Media & Entertainment",148,155,149,105
74589998324,Nec Inc.,Technology & Professional Services,136,133,185,106
97603729191,Eu Company,Technology & Professional Services,105,107,242,107
45244796758,Vitae Dolor LLP,Technology & Professional Services,95,96,264,108
85362139954,In Consequat Associates,"Fashion, Jewelry & Personal Goods",119,125,214,109
24852446429,Erat Vitae LLP,"Home, Garden & Living",49,49,360,110
94472466107,Eu Dolor Egestas PC,"Arts, Media & Entertainment",130,132,199,111
62692834922,Cum Sociis Company,Technology & Professional Services,145,161,156,112
98269572896,Eget Laoreet Posuere PC,"Home, Garden & Living",83,85,299,113
74063123996,Nec Eleifend Non Ltd,"Home, Garden & Living",121,122,228,114
97860823526,Aliquet Metus Urna Associates,Technology & Professional Services,162,172,143,115
10648956813,Proin Nisl Institute,Technology & Professional Services,111,111,256,116
10596295795,Egestas A Associates,"Fashion, Jewelry & Personal Goods",167,130,193,117
88563451053,Nisi PC,"Arts, Media & Entertainment",117,115,258,118
17488304283,Posuere Cubilia Curae Corporation,"Arts, Media & Entertainment",64,64,366,119
32560075533,Malesuada Vel Convallis Consulting,"Arts, Media & Entertainment",122,123,251,120
38012560280,In Tempus Associates,"Home, Garden & Living",131,139,237,121
37379915451,Tempor Est Ac Corporation,"Home, Garden & Living",120,119,270,122
48465277903,Metus Aenean Industries,"Arts, Media & Entertainment",165,166,180,123
45946543693,Egestas Hendrerit LLP,"Lifestyle, Health & Recreation",106,106,304,124
20325086904,Vivamus Rhoncus Ltd,"Fashion, Jewelry & Personal Goods",142,143,234,125
68435002949,Aliquam Eu Inc.,"Arts, Media & Entertainment",109,108,308,126
69069584766,Cras Eget Foundation,Technology & Professional Services,126,131,276,127
15269431008,Nisi Limited,"Fashion, Jewelry & Personal Goods",173,169,215,128
51016899219,Dolor Fusce Industries,"Lifestyle, Health & Recreation",151,153,255,129
83815730799,Feugiat Metus Sit Industries,"Home, Garden & Living",124,124,314,130
98518649381,Nullam Scelerisque Neque Corp.,"Home, Garden & Living",112,109,342,131
10323485998,Nunc Inc.,"Home, Garden & Living",125,127,318,132
83690644458,Id Erat Etiam Consulting,"Fashion, Jewelry & Personal Goods",102,101,370,133
56796971172,Enim Non Nisi Corporation,"Fashion, Jewelry & Personal Goods",183,179,213,134
68645868338,Felis Purus Foundation,"Lifestyle, Health & Recreation",103,103,375,135
91873181182,Sem LLC,"Arts, Media & Entertainment",154,156,273,136
50589958690,Nibh Quisque Corp.,Technology & Professional Services,155,165,268,137
41974958954,Sed Libero Proin Incorporated,"Arts, Media & Entertainment",228,221,142,138
82076270246,Lorem Ipsum Foundation,"Fashion, Jewelry & Personal Goods",201,197,194,139
90578415511,A Scelerisque Foundation,"Home, Garden & Living",132,134,335,140
15299889494,Porttitor Eros Ltd,"Arts, Media & Entertainment",210,208,188,141
34172909925,Nec Ante Foundation,"Lifestyle, Health & Recreation",114,113,379,142
82448693380,Vulputate Dui Nec Corp.,Technology & Professional Services,128,142,341,143
44454840859,Erat Eget Ipsum PC,"Arts, Media & Entertainment",199,196,217,144
31397959824,Blandit Congue In Corp.,"Arts, Media & Entertainment",100,100,414,145
35014882568,Faucibus Corporation,"Arts, Media & Entertainment",195,195,238,146
85574524327,Est Tempor Inc.,"Arts, Media & Entertainment",144,150,334,147
76626119831,Tristique Pellentesque Inc.,"Fashion, Jewelry & Personal Goods",188,189,252,148
72897360319,Sapien Imperdiet Ornare Consulting,Technology & Professional Services,174,167,289,149
87717092177,Lacinia Mattis Corp.,"Lifestyle, Health & Recreation",185,185,262,150
95574756848,At Pede Inc.,"Lifestyle, Health & Recreation",113,114,406,151
91720867026,Eget Mollis LLC,"Fashion, Jewelry & Personal Goods",116,116,402,152
18935690984,Semper Et Consulting,"Home, Garden & Living",222,225,190,153
90692244747,Dictum Mi Limited,"Arts, Media & Entertainment",129,129,386,154
74093231988,Mi Eleifend Company,Technology & Professional Services,192,193,260,155
75944642726,Et PC,"Home, Garden & Living",182,183,282,156
73489866331,Eu Dui Cum Company,"Fashion, Jewelry & Personal Goods",147,120,380,157
82065156333,Nascetur Ridiculus PC,"Home, Garden & Living",177,181,296,158
57900494384,Porttitor Tellus Corporation,"Home, Garden & Living",123,126,418,159
89022158521,Sollicitudin Adipiscing Ltd,"Arts, Media & Entertainment",274,260,134,160
93260450766,Condimentum Limited,Technology & Professional Services,156,154,358,161
46817474676,Nec Orci Company,"Arts, Media & Entertainment",197,203,275,162
12870663624,Vestibulum Ut Eros Corporation,"Fashion, Jewelry & Personal Goods",139,140,407,163
39060546194,At Lacus Quisque Inc.,"Arts, Media & Entertainment",198,199,293,164
64644843223,Dictum Augue Consulting,"Lifestyle, Health & Recreation",187,186,317,165
45056974934,Vel Pede Blandit Incorporated,Technology & Professional Services,181,184,325,166
55090181035,Dictum Ultricies Ltd,Technology & Professional Services,179,180,337,167
38212167834,Magna Suspendisse Industries,"Home, Garden & Living",207,212,278,168
37459245212,Aliquet Phasellus Consulting,Technology & Professional Services,277,277,153,169
75034515922,Ac Eleifend Corp.,"Arts, Media & Entertainment",134,136,439,170
52794670013,Semper Pretium Corp.,"Lifestyle, Health & Recreation",175,182,354,171
62583219931,Mi Lacinia Mattis Corporation,"Lifestyle, Health & Recreation",212,209,292,172
44345785419,Phasellus Nulla LLC,"Fashion, Jewelry & Personal Goods",157,118,438,173
29625244690,Id Enim Inc.,"Arts, Media & Entertainment",190,188,336,174
75850458091,Dictum Sapien Incorporated,"Home, Garden & Living",140,146,428,175
98416475066,Lacinia Orci PC,"Arts, Media & Entertainment",169,171,381,176
58476363584,Mauris Blandit Foundation,"Fashion, Jewelry & Personal Goods",202,200,321,177
30214222203,Et Malesuada Fames Limited,"Arts, Media & Entertainment",135,141,447,178
17950989709,A Dui Institute,"Lifestyle, Health & Recreation",189,191,345,179
66842618444,Ultrices Inc.,"Fashion, Jewelry & Personal Goods",127,128,474,180
73256306726,Id LLP,"Lifestyle, Health & Recreation",213,207,312,181
71989214810,Semper Et Lacinia Associates,Technology & Professional Services,163,170,399,182
14058755389,Vel Mauris Integer Limited,Technology & Professional Services,107,110,516,183
59658193201,Id Ante Institute,"Arts, Media & Entertainment",194,192,355,184
62694031334,Vel Est Tempor LLP,Technology & Professional Services,208,210,328,185
64732735902,Imperdiet Non Vestibulum Institute,Technology & Professional Services,164,162,422,186
58377425534,At Corp.,"Arts, Media & Entertainment",264,266,222,187
31637210281,Lorem Luctus Incorporated,"Fashion, Jewelry & Personal Goods",152,148,452,188
38435278995,Sed Consequat Corp.,"Arts, Media & Entertainment",160,160,433,189
26148653604,Volutpat Nulla Incorporated,"Home, Garden & Living",172,164,421,190
27888724678,Ut Ipsum LLC,Technology & Professional Services,245,258,257,191
96161947306,Imperdiet Dictum Magna Associates,"Fashion, Jewelry & Personal Goods",291,292,178,192
74142277711,Et Magnis Associates,"Arts, Media & Entertainment",204,204,356,193
51550230865,Mauris Corp.,"Fashion, Jewelry & Personal Goods",263,267,236,194
25884436429,Lorem Auctor Ltd,"Lifestyle, Health & Recreation",180,176,413,195
17158952809,Arcu Vestibulum Corp.,"Arts, Media & Entertainment",178,174,417,196
80779820715,Euismod Enim LLC,"Fashion, Jewelry & Personal Goods",292,284,203,197
70893725439,Luctus Curabitur Incorporated,"Fashion, Jewelry & Personal Goods",231,230,319,198
60061691817,Enim Mi Institute,"Arts, Media & Entertainment",170,173,441,199
41705715409,Augue Eu LLP,"Home, Garden & Living",141,144,499,200
98627514823,Aliquam Gravida Mauris Corp.,Technology & Professional Services,200,201,387,201
73343245974,Convallis Erat Incorporated,"Arts, Media & Entertainment",149,149,498,202
90087872851,Elit Pellentesque PC,"Arts, Media & Entertainment",158,158,481,203
24015173965,Lectus Limited,"Arts, Media & Entertainment",143,145,527,204
97292256063,Amet Ante Vivamus Corporation,"Arts, Media & Entertainment",214,214,392,205
15069598461,Parturient Institute,"Fashion, Jewelry & Personal Goods",290,293,249,206
45380641195,Nisl Arcu Iaculis Incorporated,Technology & Professional Services,186,187,459,207
89502033586,Adipiscing Enim LLC,"Arts, Media & Entertainment",153,152,528,208
79269463423,Egestas Fusce Aliquet Company,"Fashion, Jewelry & Personal Goods",219,224,394,209
46877655150,Vivamus Molestie Foundation,"Arts, Media & Entertainment",311,313,216,210
11237511112,Magna Institute,"Lifestyle, Health & Recreation",315,316,211,211
72738688428,Donec Tempor Corp.,"Arts, Media & Entertainment",176,177,492,212
96152467973,Rhoncus Donec Associates,"Home, Garden & Living",265,272,320,213
75723980434,Velit Eget Foundation,"Home, Garden & Living",161,159,537,214
54272781746,Non Massa Institute,"Lifestyle, Health & Recreation",294,295,277,215
49125619545,Adipiscing Elit Curabitur PC,"Arts, Media & Entertainment",259,256,353,216
70620117107,Ante Vivamus Consulting,"Lifestyle, Health & Recreation",193,190,485,217
42543374304,Morbi Metus Vivamus Inc.,Technology & Professional Services,171,175,524,218
87667432396,Pharetra Nibh Aliquam PC,"Arts, Media & Entertainment",256,252,367,219
24989367414,Hendrerit A Arcu Foundation,"Arts, Media & Entertainment",191,194,491,220
40555823280,Nibh Donec Incorporated,"Fashion, Jewelry & Personal Goods",283,283,313,221
40279146273,Pellentesque Habitant Morbi Corp.,"Arts, Media & Entertainment",211,211,457,222
34459028045,Tellus Eu Inc.,Technology & Professional Services,247,246,389,223
82812059627,Fermentum Institute,Technology & Professional Services,205,213,464,224
47459279421,Aliquam Gravida PC,"Fashion, Jewelry & Personal Goods",159,157,571,225
86772484982,Posuere Cubilia Curae LLC,"Arts, Media & Entertainment",150,151,586,226
88279777843,Ante Maecenas LLC,"Arts, Media & Entertainment",278,280,338,227
29521780474,At Sem Corp.,"Arts, Media & Entertainment",184,178,538,228
96161808980,Velit Aliquam Corporation,"Arts, Media & Entertainment",168,163,569,229
56946407125,Quisque Fringilla Limited,Technology & Professional Services,307,305,294,230
95431176007,Mi Enim Corporation,Technology & Professional Services,225,229,455,231
37967061831,Nullam Foundation,"Lifestyle, Health & Recreation",216,215,479,232
79645157255,Consectetuer Mauris Corp.,"Arts, Media & Entertainment",257,251,404,233
53062283717,Mi Felis Adipiscing Company,"Fashion, Jewelry & Personal Goods",280,286,348,234
57860746842,Dui Augue PC,"Fashion, Jewelry & Personal Goods",306,262,347,235
66079287213,Hendrerit Corporation,"Fashion, Jewelry & Personal Goods",226,222,467,236
15912561882,Nullam Nisl Institute,"Fashion, Jewelry & Personal Goods",377,376,163,237
86662713230,Vestibulum Accumsan Associates,"Fashion, Jewelry & Personal Goods",209,206,508,238
71674475255,Lacinia Mattis LLC,"Lifestyle, Health & Recreation",387,382,159,239
60650953328,Integer LLC,"Fashion, Jewelry & Personal Goods",223,226,483,240
14583462783,Elit Elit Institute,"Lifestyle, Health & Recreation",241,242,451,241
96133248275,Semper Dui PC,Technology & Professional Services,232,243,473,242
63978837398,In Tincidunt PC,Technology & Professional Services,215,217,517,243
52065114842,Gravida Non PC,"Arts, Media & Entertainment",308,304,339,244
76646764782,Tempor Diam Inc.,"Home, Garden & Living",289,287,377,245
74046727484,Vestibulum Accumsan Neque Ltd,"Fashion, Jewelry & Personal Goods",244,239,471,246
28690231799,Mollis Phasellus Ltd,"Home, Garden & Living",341,346,271,247
42150648766,Nec Mollis Corp.,"Lifestyle, Health & Recreation",166,168,629,248
93644338786,Consectetuer Cursus Inc.,"Fashion, Jewelry & Personal Goods",220,223,534,249
13118172970,Placerat Cras Incorporated,"Fashion, Jewelry & Personal Goods",339,342,298,250
62580273150,Non Feugiat Nec LLC,"Arts, Media & Entertainment",239,245,497,251
52160665475,Mauris Associates,"Arts, Media & Entertainment",146,147,689,252
15441635442,Lectus A Corp.,Technology & Professional Services,255,253,476,253
18303734841,Sollicitudin Orci Ltd,"Lifestyle, Health & Recreation",218,218,549,254
52342208808,Nisl Arcu Incorporated,"Arts, Media & Entertainment",309,303,374,255
92343252737,Ornare Libero At Institute,"Arts, Media & Entertainment",258,254,477,256
99467302626,Ac Ipsum Foundation,Technology & Professional Services,206,205,578,257
32605756719,In Ornare Industries,"Arts, Media & Entertainment",238,235,518,258
46953117138,Eu Accumsan Foundation,"Lifestyle, Health & Recreation",409,403,184,259
38736067045,Cras Lorem Institute,"Fashion, Jewelry & Personal Goods",242,240,514,260
21094505909,Venenatis Corp.,"Home, Garden & Living",221,219,556,261
94729574738,Scelerisque Corporation,Technology & Professional Services,343,345,311,262
99803748393,Risus Odio Auctor Foundation,"Lifestyle, Health & Recreation",243,237,519,263
22526511302,Semper Et Incorporated,Technology & Professional Services,196,198,607,264
60111071436,Imperdiet Non LLC,"Arts, Media & Entertainment",224,220,559,265
25938405651,Elementum Dui Quis Ltd,"Home, Garden & Living",282,274,449,266
47663262928,Eget Lacus LLP,"Arts, Media & Entertainment",236,232,541,267
18653260078,Maecenas Mi LLC,"Arts, Media & Entertainment",366,366,280,268
50075408315,Aliquam Gravida Mauris Company,"Arts, Media & Entertainment",227,227,562,269
22718657980,Ultricies Ornare Associates,"Home, Garden & Living",246,244,531,270
62204398944,Vel Institute,"Lifestyle, Health & Recreation",217,216,590,271
33233265647,Felis Corporation,"Arts, Media & Entertainment",395,406,229,272
58727332026,Scelerisque LLP,"Arts, Media & Entertainment",248,259,525,273
63105795563,Aliquet Consulting,"Arts, Media & Entertainment",417,409,208,274
93532380797,Quisque Libero Lacus Incorporated,Technology & Professional Services,298,296,442,275
61085944703,Vestibulum Mauris Institute,Technology & Professional Services,261,275,505,276
53237353758,Ut Molestie Company,"Arts, Media & Entertainment",249,249,547,277
23709946765,Faucibus Leo Corp.,"Fashion, Jewelry & Personal Goods",368,327,352,278
61997656782,Mauris Erat Ltd,"Lifestyle, Health & Recreation",305,317,427,279
12741443840,Tincidunt Aliquam Limited,Technology & Professional Services,203,202,644,280
49536733338,Duis A Ltd,Technology & Professional Services,250,255,545,281
55501929396,Mauris Sagittis Corp.,"Lifestyle, Health & Recreation",388,380,283,282
77990807356,Natoque Penatibus Corp.,Technology & Professional Services,353,362,349,283
24471518053,Enim Suspendisse Aliquet LLP,"Home, Garden & Living",268,261,536,284
23255291705,Interdum Nunc Sollicitudin Foundation,"Arts, Media & Entertainment",300,294,472,285
20549656225,Sed Inc.,Technology & Professional Services,351,355,364,286
54874856789,Euismod Urna Incorporated,"Arts, Media & Entertainment",323,331,416,287
69703285964,Suspendisse Incorporated,"Arts, Media & Entertainment",272,270,530,288
74553285516,Eros LLP,"Arts, Media & Entertainment",335,344,395,289
43127814599,Nam Ligula Elit Foundation,"Home, Garden & Living",380,379,316,290
32946666313,Ligula Donec LLC,Technology & Professional Services,304,308,463,291
26218617714,Ultrices Vivamus Industries,"Arts, Media & Entertainment",303,309,480,292
78905182348,Urna Incorporated,"Fashion, Jewelry & Personal Goods",326,319,453,293
54550134954,Tempor Diam Dictum Company,"Home, Garden & Living",413,412,274,294
28687004922,Eget Company,Technology & Professional Services,338,339,423,295
40049033270,Iaculis Aliquet Limited,Technology & Professional Services,260,264,577,296
60023412760,Eleifend Vitae Erat Corporation,"Arts, Media & Entertainment",229,233,639,297
79830510987,Fusce Corporation,"Arts, Media & Entertainment",230,228,645,298
21025433654,Lorem Foundation,"Arts, Media & Entertainment",262,257,589,299
27251742541,Malesuada Institute,Technology & Professional Services,275,276,558,300
10618089367,Enim Consequat Institute,Technology & Professional Services,373,378,359,301
82298341051,Eros Institute,"Home, Garden & Living",365,369,378,302
92773401740,Massa Limited,Technology & Professional Services,416,432,266,303
53126107676,Sed Neque Corporation,"Home, Garden & Living",276,273,567,304
88547577701,Enim Etiam Industries,"Lifestyle, Health & Recreation",252,248,618,305
46654841462,Iaculis Enim Corp.,Technology & Professional Services,358,368,396,306
31385641294,Semper Auctor PC,"Lifestyle, Health & Recreation",376,384,363,307
16256895427,Tempus Non Foundation,"Home, Garden & Living",254,241,630,308
23109950638,Etiam Bibendum Fermentum LLC,Technology & Professional Services,253,263,612,309
31585975447,Dolor Dapibus Gravida Associates,"Arts, Media & Entertainment",487,479,167,310
31101120643,Commodo Hendrerit Donec Corp.,"Arts, Media & Entertainment",324,323,487,311
55306842177,Aliquam Iaculis Lacus Foundation,Technology & Professional Services,267,278,592,312
88950371391,Erat Etiam Vestibulum PC,"Arts, Media & Entertainment",359,364,415,313
71381535323,Faucibus Leo In Corp.,"Lifestyle, Health & Recreation",287,279,576,314
13839274306,Sit Amet Consectetuer PC,Technology & Professional Services,285,288,570,315
78091331382,Turpis Foundation,"Fashion, Jewelry & Personal Goods",412,421,315,316
44403753948,Urna LLC,"Home, Garden & Living",327,329,494,317
58495294020,Diam Nunc Associates,"Fashion, Jewelry & Personal Goods",429,371,351,318
29253286472,Fusce Incorporated,"Fashion, Jewelry & Personal Goods",360,338,456,319
75090756544,Suspendisse Tristique Company,Technology & Professional Services,316,320,521,320
43159973833,Nulla Tincidunt Corporation,"Fashion, Jewelry & Personal Goods",414,418,327,321
65668855732,In Nec Industries,"Arts, Media & Entertainment",295,291,575,322
81410315303,Sed Dictum PC,"Lifestyle, Health & Recreation",237,236,688,323
60813622669,Auctor Velit Consulting,Technology & Professional Services,233,238,693,324
77368674747,Quisque Purus Inc.,"Arts, Media & Entertainment",240,247,678,325
55417076134,Posuere Enim Nisl PC,"Arts, Media & Entertainment",266,268,633,326
38646383513,Leo Elementum Foundation,Technology & Professional Services,350,350,470,327
43321695302,Ante Limited,"Lifestyle, Health & Recreation",423,415,333,328
12173100693,Quam Quis Diam Foundation,"Fashion, Jewelry & Personal Goods",398,388,385,329
40272107679,Lobortis Augue Incorporated,Technology & Professional Services,302,300,573,330
27288001271,Pede Cum Institute,"Arts, Media & Entertainment",469,467,240,331
22027671078,Mauris Magna Industries,Technology & Professional Services,393,386,398,332
69236417931,Vitae Velit Institute,Technology & Professional Services,293,299,585,333
87771712045,Vivamus Sit LLC,Technology & Professional Services,301,298,580,334
17431888602,Metus Inc.,"Fashion, Jewelry & Personal Goods",336,341,503,335
83177825742,Sed Facilisis Corp.,"Fashion, Jewelry & Personal Goods",320,311,554,336
37106509177,Nullam Scelerisque Ltd,"Arts, Media & Entertainment",325,335,526,337
90994364089,Rhoncus Proin Inc.,"Lifestyle, Health & Recreation",234,234,721,338
80701973278,Nunc PC,"Fashion, Jewelry & Personal Goods",251,250,691,339
25819356184,Nunc Est Foundation,"Arts, Media & Entertainment",273,285,638,340
86889657711,Accumsan Corporation,"Fashion, Jewelry & Personal Goods",370,326,504,341
35733444320,Arcu Ac Limited,"Fashion, Jewelry & Personal Goods",439,435,332,342
79710547245,Aliquam Arcu Limited,"Lifestyle, Health & Recreation",379,370,462,343
81002603831,Vitae LLP,"Lifestyle, Health & Recreation",402,400,411,344
88795682549,Elit Sed Consequat LLC,"Arts, Media & Entertainment",371,377,465,345
41663117354,Litora Torquent Industries,"Fashion, Jewelry & Personal Goods",269,265,686,346
57626266756,Urna Justo Inc.,Technology & Professional Services,472,488,267,347
17739089622,Auctor Quis Corp.,"Arts, Media & Entertainment",357,352,522,348
55842128301,A Ultricies Adipiscing LLC,"Fashion, Jewelry & Personal Goods",284,290,659,349
54097385985,Magna Nam Ltd,"Lifestyle, Health & Recreation",392,395,448,350
24070342853,Ligula Tortor PC,"Fashion, Jewelry & Personal Goods",342,343,557,351
91923722701,Euismod Urna Institute,"Home, Garden & Living",345,349,551,352
66678764219,Vulputate Posuere Vulputate Foundation,"Fashion, Jewelry & Personal Goods",299,306,641,353
63465140133,Vitae Odio Limited,"Arts, Media & Entertainment",428,423,401,354
17324645993,Eget Metus In Corporation,"Home, Garden & Living",378,374,500,355
46965256386,Nonummy Fusce Corporation,"Arts, Media & Entertainment",479,476,302,356
92065881715,Quam Elementum Corp.,"Lifestyle, Health & Recreation",436,426,397,357
20364924160,Sed Congue Limited,Technology & Professional Services,288,289,682,358
86388904574,Nullam Suscipit LLC,Technology & Professional Services,328,336,597,359
82545351270,Vel Inc.,Technology & Professional Services,434,447,383,360
48981211054,Nibh Phasellus Nulla PC,Technology & Professional Services,344,353,568,361
46451548968,Tempus Eu Ligula Limited,"Lifestyle, Health & Recreation",340,334,591,362
56144254367,Erat Etiam Vestibulum LLP,Technology & Professional Services,498,499,269,363
69425596520,Mus Donec Corp.,"Arts, Media & Entertainment",471,474,322,364
46622394552,Laoreet Libero Et Ltd,Technology & Professional Services,286,297,685,365
68209747287,Purus Duis Institute,"Arts, Media & Entertainment",391,394,484,366
27500085887,Vitae Posuere Industries,"Fashion, Jewelry & Personal Goods",415,413,445,367
43650058736,Malesuada Consulting,"Lifestyle, Health & Recreation",319,314,642,368
88553358884,Sed Consequat Limited,"Fashion, Jewelry & Personal Goods",270,269,737,369
88393306198,Mauris LLC,"Home, Garden & Living",497,494,286,370
22059270846,Montes Nascetur Ridiculus Limited,"Lifestyle, Health & Recreation",329,324,625,371
14530561097,Duis At Inc.,"Fashion, Jewelry & Personal Goods",601,531,148,372
12543580354,Ut Aliquam Corp.,"Fashion, Jewelry & Personal Goods",437,440,410,373
32176774610,Cubilia Curae Donec Inc.,"Fashion, Jewelry & Personal Goods",374,373,543,374
46380096952,Non Enim Mauris PC,"Fashion, Jewelry & Personal Goods",461,457,382,375
86182863634,Luctus Vulputate Nisi Institute,"Home, Garden & Living",317,310,674,376
70009327857,Torquent Per Inc.,"Home, Garden & Living",454,460,388,377
11121775571,Egestas Nunc Associates,"Arts, Media & Entertainment",235,231,838,378
86871438193,Nunc Interdum Inc.,"Home, Garden & Living",401,407,501,379
33163130598,Id Ante Associates,"Arts, Media & Entertainment",318,325,667,380
19986358096,Hendrerit Donec Company,"Arts, Media & Entertainment",554,558,200,381
41305045812,Ligula Tortor Incorporated,"Arts, Media & Entertainment",369,361,582,382
30389290864,Lobortis Industries,"Arts, Media & Entertainment",518,508,287,383
68501926042,Dolor Corp.,"Arts, Media & Entertainment",367,365,581,384
27022400550,Id Mollis Nec Corp.,"Arts, Media & Entertainment",333,332,652,385
48997695741,Lorem Tristique Institute,"Home, Garden & Living",386,390,542,386
45759576746,Auctor Velit PC,"Home, Garden & Living",483,468,372,387
45073039817,Praesent Interdum Ligula LLC,Technology & Professional Services,375,387,574,388
89260537373,Feugiat Incorporated,Technology & Professional Services,560,564,226,389
36066395091,Tristique LLC,"Home, Garden & Living",312,321,718,390
89107518982,Adipiscing Lobortis Risus Corporation,"Fashion, Jewelry & Personal Goods",458,453,443,391
40453061481,Interdum Sed Limited,Technology & Professional Services,489,498,368,392
23661821077,Suspendisse Eleifend Corp.,Technology & Professional Services,475,477,408,393
11944993446,Tincidunt Dui Corp.,"Fashion, Jewelry & Personal Goods",355,360,647,394
91630014920,Accumsan Sed LLP,"Fashion, Jewelry & Personal Goods",383,383,603,395
66030670083,Convallis Erat Eget Foundation,"Arts, Media & Entertainment",521,520,329,396
25083422701,Pretium Et Rutrum Limited,"Arts, Media & Entertainment",271,271,828,397
41502716433,Mi Associates,"Lifestyle, Health & Recreation",389,385,602,398
22795471441,Etiam Gravida Molestie LLP,"Lifestyle, Health & Recreation",438,433,506,399
24938000144,Consequat Nec Corporation,"Fashion, Jewelry & Personal Goods",443,443,493,400
72231375027,Sed Auctor LLC,Technology & Professional Services,296,301,782,401
23527526869,Tellus Phasellus Corporation,"Arts, Media & Entertainment",279,281,825,402
24043105437,Enim Nec Tempus Institute,"Lifestyle, Health & Recreation",442,427,520,403
25370771356,Eu Tempor LLP,"Home, Garden & Living",330,315,745,404
98314397036,Lobortis Augue Industries,"Fashion, Jewelry & Personal Goods",310,302,787,405
42217736449,Egestas Ligula Nullam Corporation,"Fashion, Jewelry & Personal Goods",524,532,344,406
58321530622,Consequat Associates,"Fashion, Jewelry & Personal Goods",550,552,305,407
71178069190,Auctor Velit Eget LLC,"Home, Garden & Living",407,398,606,408
99022808555,Turpis In LLC,"Home, Garden & Living",403,393,616,409
29362189014,Vestibulum Limited,"Arts, Media & Entertainment",346,348,725,410
56624752594,Tincidunt Vehicula Corp.,Technology & Professional Services,281,282,858,411
22407003576,In Lorem Corporation,"Fashion, Jewelry & Personal Goods",478,469,475,412
15061716544,Tempus Scelerisque Lorem Incorporated,"Arts, Media & Entertainment",349,354,719,413
67174003021,Eget Mollis Incorporated,"Arts, Media & Entertainment",364,372,687,414
30417042223,Mauris Morbi Ltd,"Arts, Media & Entertainment",406,416,609,415
57573802697,Tellus Id Nunc Incorporated,Technology & Professional Services,396,404,631,416
78982081666,Lectus Corp.,"Arts, Media & Entertainment",432,437,566,417
16629601490,Enim Non Foundation,Technology & Professional Services,322,328,786,418
30209373786,Laoreet Inc.,Technology & Professional Services,347,351,749,419
16570599421,Non Magna Nam PC,"Arts, Media & Entertainment",334,333,781,420
88249446460,Pellentesque Habitant Morbi Institute,Technology & Professional Services,564,568,323,421
46674437504,Mi Enim Foundation,Technology & Professional Services,431,441,583,422
25624067782,Amet Corp.,Technology & Professional Services,444,463,550,423
87084550311,Vulputate Inc.,"Lifestyle, Health & Recreation",427,430,600,424
45559085309,A Auctor Non Corporation,"Fashion, Jewelry & Personal Goods",356,359,743,425
41980722395,Aliquet Nec PC,"Lifestyle, Health & Recreation",372,375,715,426
74449830326,Ac Corp.,Technology & Professional Services,513,521,430,427
11199348915,Orci Luctus PC,"Lifestyle, Health & Recreation",385,411,672,428
53772871046,Adipiscing Associates,"Lifestyle, Health & Recreation",297,312,863,429
44473011453,Magnis Inc.,"Arts, Media & Entertainment",348,356,770,430
92980848589,Maecenas Industries,"Arts, Media & Entertainment",382,381,717,431
52606147371,Mi Ac Foundation,"Fashion, Jewelry & Personal Goods",515,518,450,432
30942453214,Justo Nec Associates,"Lifestyle, Health & Recreation",332,337,819,433
80109801322,In Faucibus LLP,"Arts, Media & Entertainment",512,512,468,434
17060583346,Dolor Sit Limited,"Arts, Media & Entertainment",420,422,655,435
70172340121,Justo Eu Incorporated,"Fashion, Jewelry & Personal Goods",540,539,420,436
15790540567,Integer Foundation,Technology & Professional Services,447,442,611,437
47374330858,Aliquam Ultrices Iaculis Corporation,Technology & Professional Services,502,504,496,438
10487253336,Laoreet Lectus Associates,"Arts, Media & Entertainment",481,486,544,439
45572698303,Libero Proin Corp.,"Fashion, Jewelry & Personal Goods",531,527,458,440
88402174457,Duis Dignissim LLC,"Home, Garden & Living",331,330,856,441
59965794726,Dictum Corp.,"Lifestyle, Health & Recreation",321,307,889,442
14965232967,Augue Ac Ipsum Associates,"Arts, Media & Entertainment",422,419,677,443
92413760084,Mi Corp.,"Lifestyle, Health & Recreation",525,525,469,444
11566786699,Euismod Et Institute,"Lifestyle, Health & Recreation",577,579,369,445
55069630872,A Nunc Corp.,"Home, Garden & Living",508,509,509,446
72857570096,Neque Incorporated,"Fashion, Jewelry & Personal Goods",476,480,572,447
72673996108,Donec Sollicitudin LLC,"Fashion, Jewelry & Personal Goods",411,414,710,448
14639489823,Auctor Mauris Incorporated,"Home, Garden & Living",352,347,836,449
14246432250,Mauris Elit Foundation,"Arts, Media & Entertainment",337,340,859,450
48091635916,Lorem Ipsum Limited,"Arts, Media & Entertainment",433,439,666,451
62191208634,Cursus Non Egestas Foundation,"Home, Garden & Living",648,650,241,452
90522979771,Curabitur Consequat Consulting,Technology & Professional Services,384,389,767,453
58392414752,Mattis Ornare Lectus Inc.,"Home, Garden & Living",655,662,225,454
36607451384,Feugiat Lorem Incorporated,"Lifestyle, Health & Recreation",538,533,478,455
75372814642,Nec LLC,Technology & Professional Services,581,580,390,456
50866797623,Cum Sociis Natoque Incorporated,"Fashion, Jewelry & Personal Goods",591,590,376,457
64938910147,Cras Interdum Incorporated,"Arts, Media & Entertainment",394,399,764,458
38523562929,Sed Dictum Corp.,"Arts, Media & Entertainment",362,357,841,459
20520680348,Blandit Mattis Company,"Home, Garden & Living",354,358,848,460
71761786483,Mauris Blandit PC,"Fashion, Jewelry & Personal Goods",533,538,490,461
10959028715,Ante Maecenas Ltd,"Home, Garden & Living",511,510,540,462
76251945060,Tempor Arcu Corp.,"Lifestyle, Health & Recreation",435,450,676,463
70501974849,Facilisis Lorem Tristique Company,Technology & Professional Services,552,544,466,464
20985347699,Semper Tellus PC,"Home, Garden & Living",363,363,837,465
28663538418,Ipsum Dolor Limited,Technology & Professional Services,400,401,763,466
77690613296,Cursus Et Eros Corp.,"Home, Garden & Living",421,417,728,467
59162205130,Ante Dictum LLC,"Lifestyle, Health & Recreation",715,719,133,468
54291122944,Ipsum Primis In Inc.,"Arts, Media & Entertainment",543,546,482,469
57772891398,Risus Industries,"Lifestyle, Health & Recreation",410,410,753,470
48256546416,Consequat Incorporated,"Lifestyle, Health & Recreation",658,653,263,471
20885454195,Pharetra Ut Industries,"Arts, Media & Entertainment",457,449,675,472
49609375026,Convallis LLC,Technology & Professional Services,430,456,702,473
19854089605,Aenean Massa Industries,"Fashion, Jewelry & Personal Goods",466,465,658,474
32551640842,Erat Semper Ltd,"Lifestyle, Health & Recreation",313,322,955,475
50755717212,Iaculis Odio LLP,"Fashion, Jewelry & Personal Goods",495,481,615,476
43356103768,Odio Limited,"Home, Garden & Living",314,318,959,477
30458474292,Euismod Est Foundation,"Fashion, Jewelry & Personal Goods",440,434,720,478
60829135130,Tellus Imperdiet Non Inc.,Technology & Professional Services,612,633,350,479
63728747020,Lobortis Ultrices Ltd,"Fashion, Jewelry & Personal Goods",473,475,650,480
28000487688,Sed Nunc Industries,"Arts, Media & Entertainment",528,534,539,481
87719724258,Suspendisse Eleifend LLC,"Fashion, Jewelry & Personal Goods",404,396,812,482
28449116125,Est Industries,"Fashion, Jewelry & Personal Goods",628,585,400,483
13255205539,In Aliquet Inc.,"Fashion, Jewelry & Personal Goods",418,420,775,484
71169969325,Enim Mi Tempor Associates,"Arts, Media & Entertainment",399,408,808,485
98861937890,Metus Institute,"Home, Garden & Living",459,458,701,486
81909596183,Sagittis Duis Corporation,"Arts, Media & Entertainment",460,462,700,487
35911782646,Semper Nam Tempor Limited,Technology & Professional Services,527,545,555,488
98548263806,Nam Ligula Elit Corporation,"Fashion, Jewelry & Personal Goods",501,507,623,489
41251795489,Ultricies Sem Limited,"Lifestyle, Health & Recreation",587,586,460,490
25273270711,Lacus Vestibulum Foundation,"Lifestyle, Health & Recreation",450,455,729,491
65204103269,Est Ac Mattis Ltd,"Arts, Media & Entertainment",492,492,651,492
99022662131,Auctor Vitae Aliquet Associates,"Fashion, Jewelry & Personal Goods",562,529,546,493
98253764162,Malesuada Augue Incorporated,"Arts, Media & Entertainment",485,493,660,494
71518311042,Aliquam Adipiscing Company,"Home, Garden & Living",530,523,588,495
36196225600,Leo Elementum Sem Associates,"Arts, Media & Entertainment",494,478,669,496
41747634618,Dolor Fusce Mi Incorporated,Technology & Professional Services,667,667,309,497
96644705620,Eget Odio Aliquam Institute,"Arts, Media & Entertainment",635,637,371,498
71236652596,Risus Nulla Eget Consulting,"Lifestyle, Health & Recreation",463,466,714,499
23092329041,Cum Sociis Associates,"Arts, Media & Entertainment",361,367,918,500
35927874515,Ac Orci Ut Industries,"Fashion, Jewelry & Personal Goods",390,392,866,501
46607130088,Vivamus Sit Consulting,"Arts, Media & Entertainment",397,397,865,502
75559137486,Velit Dui Inc.,"Arts, Media & Entertainment",408,391,861,503
49514072231,Eget LLC,Technology & Professional Services,493,506,664,504
16119907679,Proin Non Inc.,"Home, Garden & Living",694,685,285,505
39469311070,Lorem Donec Foundation,"Lifestyle, Health & Recreation",549,551,565,506
61310985405,Ipsum Primis In Corporation,Technology & Professional Services,381,405,881,507
61619924340,In Mi Institute,"Fashion, Jewelry & Personal Goods",606,612,461,508
38971488186,Primis In LLP,"Arts, Media & Entertainment",619,618,444,509
92990617267,Malesuada Malesuada Integer Inc.,"Arts, Media & Entertainment",452,436,797,510
22206721435,Suspendisse Aliquet LLC,"Arts, Media & Entertainment",503,503,683,511
60462729568,Mattis Limited,"Home, Garden & Living",445,438,807,512
44780100984,Quam Quis Consulting,"Home, Garden & Living",456,445,795,513
13285958344,Purus Gravida Sagittis Inc.,"Fashion, Jewelry & Personal Goods",451,444,818,514
47874674591,Ligula Tortor Dictum Associates,"Home, Garden & Living",405,402,910,515
52509095251,Justo Proin Associates,"Arts, Media & Entertainment",775,780,164,516
70223714517,In Consectetuer Company,Technology & Professional Services,605,604,511,517
66161087361,Morbi LLC,Technology & Professional Services,517,537,668,518
74391255526,Vitae Semper Egestas Foundation,"Lifestyle, Health & Recreation",559,553,614,519
43908105892,Nisi Cum Corp.,"Arts, Media & Entertainment",582,588,560,520
14480530534,Eu Augue Corporation,"Arts, Media & Entertainment",467,470,793,521
43083074133,Faucibus Leo In LLC,"Fashion, Jewelry & Personal Goods",750,701,281,522
48701447259,Adipiscing Lobortis Institute,"Arts, Media & Entertainment",557,554,626,523
57566534349,Class Aptent PC,"Fashion, Jewelry & Personal Goods",465,464,813,524
42298598169,Velit Egestas PC,Technology & Professional Services,419,424,900,525
73972053940,Quis Tristique Ac Associates,"Home, Garden & Living",545,542,661,526
66228393506,Sed Hendrerit Foundation,"Fashion, Jewelry & Personal Goods",849,783,121,527
23812847062,Pellentesque Eget Ltd,"Fashion, Jewelry & Personal Goods",643,622,489,528
28941011848,Commodo LLC,"Fashion, Jewelry & Personal Goods",567,567,621,529
87404274320,Tincidunt Aliquam Associates,Technology & Professional Services,627,629,510,530
81583941068,Aliquam Vulputate Ullamcorper Foundation,Technology & Professional Services,610,609,553,531
11355018654,Interdum Inc.,"Fashion, Jewelry & Personal Goods",523,515,738,532
20240471832,Eu Metus In LLP,"Lifestyle, Health & Recreation",499,501,777,533
48624093501,Mi Consulting,"Arts, Media & Entertainment",484,490,803,534
35424691626,Eu Sem Pellentesque Limited,Technology & Professional Services,572,575,632,535
63952221889,Non Limited,"Fashion, Jewelry & Personal Goods",714,709,357,536
31471844679,Suspendisse Industries,"Arts, Media & Entertainment",424,428,930,537
54611298155,Tortor Dictum Corp.,"Arts, Media & Entertainment",488,496,799,538
70088042348,Rutrum Fusce Dolor Inc.,"Arts, Media & Entertainment",579,593,613,539
58715026442,Eget Incorporated,"Fashion, Jewelry & Personal Goods",500,495,791,540
14430838529,Magna A Neque LLC,"Arts, Media & Entertainment",744,745,301,541
66571984047,Volutpat Company,"Arts, Media & Entertainment",541,543,707,542
27179144904,Risus Donec LLC,"Lifestyle, Health & Recreation",537,540,716,543
17107204463,Ultricies Ornare Elit Limited,"Home, Garden & Living",681,678,437,544
72177236569,Elit Pellentesque Inc.,"Lifestyle, Health & Recreation",453,454,890,545
28049322288,Donec Elementum Foundation,"Home, Garden & Living",558,561,679,546
87964227397,Vestibulum Lorem Incorporated,"Arts, Media & Entertainment",449,459,896,547
65674339048,Aliquet Company,"Arts, Media & Entertainment",719,722,365,548
22469567189,Quam Dignissim Pharetra Consulting,Technology & Professional Services,468,472,867,549
60121698774,Nec Tempus Inc.,"Home, Garden & Living",532,530,747,550
46533246372,Ut Quam Inc.,"Home, Garden & Living",446,448,920,551
28896046710,Nec Orci Ltd,Technology & Professional Services,426,429,961,552
83620670827,Curabitur Massa Corp.,"Arts, Media & Entertainment",607,608,617,553
57471217202,A Ultricies Institute,"Fashion, Jewelry & Personal Goods",505,500,829,554
99275601275,Proin Velit Sed Foundation,"Home, Garden & Living",710,703,424,555
75902032169,Accumsan Neque Consulting,"Lifestyle, Health & Recreation",638,640,561,556
32656335530,Enim Etiam Gravida PC,"Fashion, Jewelry & Personal Goods",620,616,608,557
56945597985,Sem LLP,"Arts, Media & Entertainment",462,451,938,558
71361928741,Ut Odio Inc.,Technology & Professional Services,626,627,599,559
46987545043,Lobortis Nisi Nibh PC,"Arts, Media & Entertainment",544,541,769,560
97886307095,Ullamcorper Institute,Technology & Professional Services,477,485,898,561
41383736952,Lacus Vestibulum Institute,"Arts, Media & Entertainment",760,758,343,562
70610974780,Elit Aliquam PC,"Home, Garden & Living",455,446,962,563
56729951690,Quam Corporation,"Lifestyle, Health & Recreation",448,452,965,564
34564250941,Lorem LLP,"Arts, Media & Entertainment",480,487,904,565
99904689266,Dictum Eu Ltd,"Arts, Media & Entertainment",522,526,824,566
81836621910,Et Institute,Technology & Professional Services,798,798,279,567
26445720989,Donec Limited,"Lifestyle, Health & Recreation",597,594,697,568
73527950332,Orci Ut Ltd,Technology & Professional Services,470,473,945,569
95508140753,Ullamcorper Velit Ltd,"Arts, Media & Entertainment",618,613,663,570
77505747217,Et Arcu LLC,Technology & Professional Services,563,566,765,571
16452078130,In Sodales PC,"Lifestyle, Health & Recreation",733,734,429,572
61447419161,Mollis Dui In LLP,"Fashion, Jewelry & Personal Goods",770,768,362,573
65122248893,Egestas Hendrerit Neque Institute,"Fashion, Jewelry & Personal Goods",749,739,412,574
38710494876,Morbi Non Corp.,Technology & Professional Services,646,658,596,575
32451620193,Malesuada Augue PC,"Home, Garden & Living",486,482,937,576
17055065679,Sit Amet Consectetuer Ltd,Technology & Professional Services,631,642,635,577
29921604246,Tellus Justo Sit Company,Technology & Professional Services,602,603,703,578
15903176024,Adipiscing Elit PC,"Home, Garden & Living",705,698,512,579
71041015148,Orci Ltd,"Arts, Media & Entertainment",759,754,403,580
88816810320,Libero Company,"Home, Garden & Living",586,582,750,581
73619221575,Mollis Duis Consulting,"Home, Garden & Living",682,687,552,582
76078244980,Nec Quam PC,"Lifestyle, Health & Recreation",568,574,779,583
26844395593,Arcu Ac Inc.,"Arts, Media & Entertainment",536,536,849,584
51959118092,Elementum Lorem Industries,"Home, Garden & Living",441,425,1057,585
79827781481,Amet Risus Inc.,"Home, Garden & Living",576,572,778,586
83414869405,Hendrerit Donec Corporation,"Arts, Media & Entertainment",547,547,832,587
37662781564,Vitae Velit Egestas Incorporated,"Home, Garden & Living",659,655,627,588
92681936901,Eget Volutpat Ornare Ltd,"Lifestyle, Health & Recreation",745,757,440,589
16248082282,Phasellus Foundation,"Lifestyle, Health & Recreation",464,461,1021,590
23540152063,Nulla Cras Limited,"Fashion, Jewelry & Personal Goods",425,431,1090,591
96880556465,At Lacus Quisque Institute,"Fashion, Jewelry & Personal Goods",555,550,842,592
90796680287,Dolor Vitae PC,"Arts, Media & Entertainment",588,589,771,593
43930439013,Dignissim Institute,Technology & Professional Services,519,516,914,594
40252040480,Luctus Felis Purus Corp.,"Arts, Media & Entertainment",584,583,784,595
43833568675,Eu Odio Corp.,Technology & Professional Services,482,489,980,596
12434006854,Feugiat Non Associates,Technology & Professional Services,504,505,949,597
60070647768,Lacinia Corp.,"Arts, Media & Entertainment",780,788,391,598
22997201471,A Malesuada Id Institute,"Lifestyle, Health & Recreation",685,681,594,599
55958301764,Eget Magna Ltd,Technology & Professional Services,546,557,857,600
96893283227,Curabitur Vel Corporation,"Arts, Media & Entertainment",496,483,985,601
16286338734,Vitae PC,"Fashion, Jewelry & Personal Goods",684,683,598,602
14148282104,Dictum Magna Ltd,"Arts, Media & Entertainment",520,528,917,603
35016722348,Lacus PC,"Home, Garden & Living",490,484,991,604
99229845016,Phasellus Corp.,Technology & Professional Services,592,606,768,605
26671932360,Mi Fringilla Ltd,"Arts, Media & Entertainment",571,569,827,606
83559154052,At Libero Morbi Incorporated,"Arts, Media & Entertainment",514,519,934,607
16644129035,Magna Associates,"Arts, Media & Entertainment",590,581,805,608
23692710924,Integer Urna Corporation,"Home, Garden & Living",516,517,947,609
68759076161,Erat Volutpat Corp.,"Arts, Media & Entertainment",553,559,873,610
27851049264,Turpis Nulla Foundation,"Arts, Media & Entertainment",838,854,297,611
88652114856,Eros PC,Technology & Professional Services,630,628,733,612
77925217758,Diam Pellentesque LLC,Technology & Professional Services,634,639,722,613
75566438995,Vivamus Nisi Mauris Inc.,"Arts, Media & Entertainment",556,555,886,614
27975606844,Tempor Diam Dictum Industries,Technology & Professional Services,561,563,874,615
15359085759,Ac Urna Ut PC,"Fashion, Jewelry & Personal Goods",551,556,891,616
61845622676,Turpis In Incorporated,"Fashion, Jewelry & Personal Goods",736,729,535,617
34621449599,Vivamus Nibh Company,Technology & Professional Services,721,717,563,618
43711175854,Amet Consectetuer Consulting,"Home, Garden & Living",491,491,1019,619
62773208456,Ac Institute,"Fashion, Jewelry & Personal Goods",784,784,434,620
50506553485,Dictum Cursus Nunc Ltd,"Arts, Media & Entertainment",583,591,834,621
46970913786,Lectus Ltd,"Lifestyle, Health & Recreation",507,497,1009,622
38918664617,Faucibus Foundation,"Fashion, Jewelry & Personal Goods",959,940,117,623
86223953880,Libero Et Inc.,Technology & Professional Services,795,799,425,624
92207241352,Sem Egestas Blandit Corporation,"Lifestyle, Health & Recreation",703,700,624,625
91016242612,Est Associates,"Arts, Media & Entertainment",799,803,426,626
97590358496,Tristique Inc.,"Fashion, Jewelry & Personal Goods",603,578,847,627
19573722372,Faucibus Orci Incorporated,"Arts, Media & Entertainment",526,522,983,628
18905299698,Massa LLP,"Arts, Media & Entertainment",599,610,826,629
81369312244,Mauris Morbi Non Ltd,"Home, Garden & Living",771,771,495,630
11285988014,Tincidunt Pede Company,"Arts, Media & Entertainment",569,576,895,631
40201093869,Justo Praesent Corporation,Technology & Professional Services,539,560,951,632
97903083009,Praesent Eu Dui LLP,Technology & Professional Services,574,571,906,633
32825608803,Dapibus Quam Quis Associates,"Home, Garden & Living",891,897,265,634
78798828265,Diam LLC,"Arts, Media & Entertainment",474,471,1108,635
43073797016,Molestie Arcu Corporation,"Lifestyle, Health & Recreation",707,702,646,636
69377909125,Urna Vivamus Institute,Technology & Professional Services,841,842,373,637
59615752944,Mauris Corporation,Technology & Professional Services,647,646,785,638
15582655078,Eu Odio Phasellus Corp.,"Fashion, Jewelry & Personal Goods",624,614,840,639
15130143460,Integer LLP,Technology & Professional Services,709,723,648,640
61412665910,Tempor Inc.,"Home, Garden & Living",885,870,326,641
87639550697,Mauris Consulting,"Arts, Media & Entertainment",688,686,708,642
87998844202,A Corp.,"Fashion, Jewelry & Personal Goods",535,513,1034,643
29122719261,Risus Quisque Corp.,"Lifestyle, Health & Recreation",698,695,690,644
72361927236,Congue Associates,"Arts, Media & Entertainment",637,636,814,645
41450604292,Turpis Nulla Corp.,Technology & Professional Services,580,595,912,646
39211701585,Diam Eu Dolor PC,"Fashion, Jewelry & Personal Goods",654,654,780,647
89640578182,Magnis Foundation,"Home, Garden & Living",615,617,860,648
92779316513,Nec Malesuada Industries,"Arts, Media & Entertainment",883,879,331,649
87632767975,Aliquam Foundation,Technology & Professional Services,725,741,637,650
74369182597,Ridiculus Mus Donec LLP,"Home, Garden & Living",593,597,915,651
11841065357,Eu Tellus Industries,"Lifestyle, Health & Recreation",578,596,932,652
25706310514,Nonummy Ltd,"Arts, Media & Entertainment",683,692,736,653
98268965514,Vulputate LLC,"Fashion, Jewelry & Personal Goods",886,880,346,654
57480173036,Dolor Sit Incorporated,"Lifestyle, Health & Recreation",509,514,1091,655
24715277505,Auctor Limited,"Fashion, Jewelry & Personal Goods",570,573,976,656
60978195146,Lobortis Tellus Corp.,"Fashion, Jewelry & Personal Goods",909,908,306,657
84057522285,Egestas Ligula Industries,"Home, Garden & Living",510,502,1112,658
17073441842,Duis Corp.,Technology & Professional Services,589,592,944,659
30122382323,Ipsum Company,"Fashion, Jewelry & Personal Goods",692,690,744,660
33064796871,Curabitur Massa Consulting,Technology & Professional Services,616,620,893,661
52535771754,Vel Pede Blandit Corp.,"Lifestyle, Health & Recreation",534,535,1062,662
32894483068,Non Egestas LLP,Technology & Professional Services,506,511,1119,663
16492082804,Et Malesuada Institute,"Fashion, Jewelry & Personal Goods",693,689,757,664
66567150019,Cursus In Foundation,"Arts, Media & Entertainment",689,684,774,665
31580243600,Sed Corp.,"Lifestyle, Health & Recreation",542,549,1056,666
75664480997,Molestie Sodales PC,Technology & Professional Services,755,759,636,667
26505333735,Varius Ultrices LLC,"Arts, Media & Entertainment",639,643,871,668
78327477486,Auctor Inc.,"Home, Garden & Living",980,968,207,669
62739118502,Vel Venenatis Vel Consulting,Technology & Professional Services,679,680,798,670
39088614710,Ut Eros Institute,"Lifestyle, Health & Recreation",656,657,845,671
25069678029,Elit Dictum Eu Corp.,"Lifestyle, Health & Recreation",796,800,564,672
66858882701,Elit Elit Fermentum Limited,Technology & Professional Services,614,632,916,673
34900312172,Arcu Sed Et Limited,Technology & Professional Services,625,631,907,674
11588046517,Dolor Industries,"Lifestyle, Health & Recreation",672,672,822,675
60706491699,Gravida Praesent Corp.,"Lifestyle, Health & Recreation",575,570,1022,676
42807026185,Nunc Laoreet Incorporated,"Fashion, Jewelry & Personal Goods",723,713,735,677
74874670528,Aliquet Odio PC,Technology & Professional Services,756,763,653,678
31940875883,Amet Associates,"Arts, Media & Entertainment",611,611,956,679
27585113425,Dolor Dolor Limited,"Fashion, Jewelry & Personal Goods",566,562,1050,680
25235376304,Pellentesque Tellus Associates,"Home, Garden & Living",753,752,680,681
34904300711,Convallis Convallis Dolor Foundation,"Arts, Media & Entertainment",791,793,605,682
94732687919,Dui In Sodales Foundation,"Arts, Media & Entertainment",670,670,850,683
28681229636,Elementum At LLP,"Arts, Media & Entertainment",629,619,943,684
74319969182,Morbi Tristique Corp.,Technology & Professional Services,548,548,1096,685
92636306985,Ornare Incorporated,"Home, Garden & Living",573,577,1045,686
67142049268,Aliquet Sem Ut PC,"Lifestyle, Health & Recreation",609,598,989,687
57289898526,Mi Felis Adipiscing LLC,"Fashion, Jewelry & Personal Goods",529,524,1143,688
71538439295,Morbi Metus Limited,"Arts, Media & Entertainment",642,634,921,689
52242018594,Aliquet Diam Sed Limited,"Fashion, Jewelry & Personal Goods",768,765,665,690
45895438985,Luctus Ipsum PC,"Home, Garden & Living",720,716,762,691
97264771172,Lobortis Foundation,"Home, Garden & Living",608,600,992,692
25674631453,Venenatis Lacus Etiam Incorporated,"Lifestyle, Health & Recreation",740,743,723,693
51515623602,Eget Laoreet Associates,"Home, Garden & Living",665,666,876,694
19054547079,Tincidunt Adipiscing Corp.,"Fashion, Jewelry & Personal Goods",565,565,1080,695
75089928159,Porttitor Vulputate Limited,"Fashion, Jewelry & Personal Goods",965,955,295,696
17934773261,Fringilla LLP,"Home, Garden & Living",687,697,833,697
37687523474,Nunc In Industries,"Arts, Media & Entertainment",657,652,908,698
60050955776,Libero Integer Industries,"Arts, Media & Entertainment",596,607,1015,699
93606772530,At Arcu Vestibulum Company,Technology & Professional Services,1011,1018,192,700
14961279222,Lacinia At Inc.,"Fashion, Jewelry & Personal Goods",757,753,713,701
43349891433,Urna Inc.,"Arts, Media & Entertainment",729,721,773,702
53123395285,Nisl Arcu Limited,"Lifestyle, Health & Recreation",967,966,291,703
72539760068,Nunc Risus Varius Ltd,"Home, Garden & Living",600,601,1024,704
39190083890,Rutrum Urna Corp.,Technology & Professional Services,914,916,405,705
18645942609,Pellentesque A LLP,"Arts, Media & Entertainment",664,665,913,706
98533840054,Feugiat Placerat Ltd,"Arts, Media & Entertainment",722,726,796,707
98472033309,Semper Associates,"Lifestyle, Health & Recreation",781,773,692,708
69418675752,Donec PC,"Arts, Media & Entertainment",645,659,942,709
84088835754,Congue Turpis In LLC,"Lifestyle, Health & Recreation",595,599,1055,710
97861055416,Morbi Neque Inc.,Technology & Professional Services,801,794,656,711
43301018611,Dui Nec Corp.,Technology & Professional Services,789,782,681,712
49278214714,Augue Malesuada LLP,"Arts, Media & Entertainment",632,626,1000,713
26008308191,Nulla Aliquet LLP,"Arts, Media & Entertainment",762,769,731,714
92598420603,Non Lobortis Quis LLP,"Home, Garden & Living",763,761,739,715
67691683330,Integer Mollis Integer Institute,"Fashion, Jewelry & Personal Goods",937,938,393,716
66667026714,Sit Amet Risus Foundation,"Arts, Media & Entertainment",922,917,436,717
65038094136,Praesent Interdum Associates,Technology & Professional Services,651,641,984,718
21046714053,Nibh Phasellus Nulla Foundation,Technology & Professional Services,640,649,993,719
45446645240,Vivamus Rhoncus Limited,Technology & Professional Services,649,645,994,720
93442141629,Vitae Aliquam Eros Inc.,"Arts, Media & Entertainment",617,624,1048,721
92265887651,Felis Nulla PC,"Arts, Media & Entertainment",741,744,806,722
59274084898,Sodales Elit PC,Technology & Professional Services,877,886,529,723
28556213345,Eu Augue Ltd,"Home, Garden & Living",669,673,958,724
20497101151,Arcu Vestibulum Ante LLC,Technology & Professional Services,772,778,751,725
94701884796,Ante Nunc Ltd,"Lifestyle, Health & Recreation",701,704,897,726
22019664345,Molestie Sodales Foundation,"Lifestyle, Health & Recreation",641,635,1027,727
12438697459,At Arcu Industries,"Fashion, Jewelry & Personal Goods",690,693,922,728
86174823628,Eget Ipsum Suspendisse Industries,"Home, Garden & Living",832,835,649,729
99478391356,Orci Quis Foundation,Technology & Professional Services,985,995,340,730
55661978105,Lectus Convallis Est LLC,"Arts, Media & Entertainment",652,651,1017,731
29063380341,Arcu Imperdiet Ullamcorper LLC,Technology & Professional Services,585,587,1149,732
43671774465,Condimentum Donec At Ltd,Technology & Professional Services,622,623,1081,733
79359610588,Eget Mollis Corp.,"Arts, Media & Entertainment",728,737,869,734
42464370262,Dolor Ltd,"Arts, Media & Entertainment",675,671,990,735
47529937246,Nisi Dictum Augue Inc.,"Arts, Media & Entertainment",804,802,734,736
46564887665,Suspendisse LLC,Technology & Professional Services,777,777,789,737
44160392990,Sociis Natoque Incorporated,"Arts, Media & Entertainment",650,647,1047,738
31169432936,Enim Condimentum Inc.,"Fashion, Jewelry & Personal Goods",706,714,928,739
52037285370,In Felis Nulla LLC,Technology & Professional Services,674,675,1005,740
66917621463,Vulputate Velit Inc.,"Fashion, Jewelry & Personal Goods",704,712,940,741
54702673300,Maecenas Mi Industries,Technology & Professional Services,879,877,601,742
47644196714,Auctor Non Feugiat Inc.,"Lifestyle, Health & Recreation",859,860,640,743
32493270774,Libero LLP,"Fashion, Jewelry & Personal Goods",776,750,835,744
95184414711,Ut Eros Incorporated,"Arts, Media & Entertainment",661,663,1039,745
44461622420,Tempor Arcu Associates,"Arts, Media & Entertainment",964,967,435,746
79377496749,Non Cursus LLP,"Arts, Media & Entertainment",746,736,887,747
67797658023,Enim Mi Ltd,"Lifestyle, Health & Recreation",805,805,761,748
20717993088,Lacus Vestibulum Lorem Institute,"Lifestyle, Health & Recreation",697,705,971,749
58420836090,Duis Limited,"Arts, Media & Entertainment",888,891,595,750
30372130473,Semper Egestas LLP,"Arts, Media & Entertainment",633,630,1111,751
67882460777,Ipsum PC,Technology & Professional Services,660,661,1058,752
44594244784,Dapibus Id Incorporated,"Fashion, Jewelry & Personal Goods",845,840,696,753
30623214058,Mauris Eu PC,"Fashion, Jewelry & Personal Goods",897,901,584,754
34695415993,Ultrices Vivamus Rhoncus Associates,"Arts, Media & Entertainment",653,644,1085,755
69666829657,Sem Ut Institute,"Lifestyle, Health & Recreation",765,764,854,756
81246943924,Sit Amet Diam Institute,"Home, Garden & Living",604,602,1180,757
71350572766,Dictum Placerat Augue Foundation,"Arts, Media & Entertainment",931,924,532,758
55559667703,Quis Incorporated,"Lifestyle, Health & Recreation",666,660,1066,759
58139231665,Dolor Nonummy Limited,Technology & Professional Services,944,943,507,760
94072762560,Natoque Consulting,"Lifestyle, Health & Recreation",739,728,927,761
38488456221,In Cursus Consulting,"Fashion, Jewelry & Personal Goods",644,648,1107,762
13565102775,Malesuada LLP,"Fashion, Jewelry & Personal Goods",873,868,662,763
17208085375,Volutpat Ornare Facilisis Associates,"Arts, Media & Entertainment",788,795,821,764
39010056512,Cursus Et Eros Industries,Technology & Professional Services,700,707,1001,765
85978665515,Euismod LLC,"Lifestyle, Health & Recreation",623,621,1164,766
11437621158,Nam Foundation,"Lifestyle, Health & Recreation",702,710,1004,767
51659779274,Luctus Lobortis Industries,"Home, Garden & Living",892,892,634,768
41170595493,Et Ultrices Company,"Fashion, Jewelry & Personal Goods",829,831,759,769
44440245427,In Felis Inc.,Technology & Professional Services,807,813,800,770
71357650211,Euismod Ac Fermentum Ltd,"Arts, Media & Entertainment",844,852,727,771
29286506036,Metus Aenean Sed Associates,"Arts, Media & Entertainment",904,904,619,772
38337815814,Eget Venenatis Limited,"Lifestyle, Health & Recreation",594,605,1228,773
21820852598,Et Tristique Consulting,Technology & Professional Services,712,720,996,774
16096277862,Arcu Vivamus Incorporated,"Arts, Media & Entertainment",767,775,888,775
73463200282,Proin Vel LLC,"Arts, Media & Entertainment",738,746,946,776
32844138686,At Augue Id Associates,Technology & Professional Services,916,923,593,777
75238031489,Tincidunt Foundation,"Arts, Media & Entertainment",872,874,694,778
90599617648,Mollis Integer Company,"Arts, Media & Entertainment",827,822,794,779
67920961191,Ut Pharetra Company,Technology & Professional Services,978,981,488,780
68874243493,Nullam Suscipit Consulting,Technology & Professional Services,864,859,724,781
25078409316,Vel LLP,"Home, Garden & Living",663,669,1118,782
70052129860,Donec Tempus Lorem Company,"Arts, Media & Entertainment",843,836,772,783
41881349154,Adipiscing Enim LLP,"Arts, Media & Entertainment",876,871,705,784
33651513345,Amet Lorem Ltd,"Home, Garden & Living",662,664,1127,785
30415756696,Nec Mollis PC,"Arts, Media & Entertainment",957,965,533,786
90348927972,Sed Auctor Industries,"Home, Garden & Living",673,674,1110,787
96513857365,Tellus Aenean Consulting,"Arts, Media & Entertainment",680,679,1099,788
73980410353,Suspendisse Sed Dolor Institute,"Arts, Media & Entertainment",880,885,698,789
60836029312,Montes Nascetur Institute,"Lifestyle, Health & Recreation",598,584,1281,790
93096883450,Donec Dignissim Incorporated,"Arts, Media & Entertainment",981,976,515,791
95896852636,Rhoncus Associates,Technology & Professional Services,823,829,820,792
37351213839,Lacus Quisque Purus Institute,Technology & Professional Services,678,676,1121,793
54923508125,Ullamcorper Duis Corporation,"Home, Garden & Living",671,656,1153,794
64974914166,Consectetuer Adipiscing Elit LLC,"Arts, Media & Entertainment",870,865,746,795
76323008415,At Augue Limited,"Arts, Media & Entertainment",758,755,968,796
56559128138,Nec Tempus Mauris LLC,"Lifestyle, Health & Recreation",717,715,1049,797
78850452637,Nullam Lobortis PC,"Arts, Media & Entertainment",668,677,1136,798
74155418313,Egestas Ligula Corp.,"Lifestyle, Health & Recreation",786,790,909,799
27086915609,At Velit Pellentesque Limited,"Lifestyle, Health & Recreation",754,766,967,800
22155114860,Suscipit Nonummy Fusce PC,Technology & Professional Services,778,774,936,801
59248738261,Ullamcorper Ltd,Technology & Professional Services,862,867,760,802
92284330384,Id Risus Quis Consulting,"Home, Garden & Living",676,668,1146,803
89022505272,Luctus LLC,"Fashion, Jewelry & Personal Goods",752,747,997,804
29216160692,Class Aptent LLC,"Home, Garden & Living",731,724,1041,805
45466221547,Eu LLC,Technology & Professional Services,836,832,831,806
97661757443,Nulla Cras Eu Corp.,"Arts, Media & Entertainment",727,735,1040,807
80166805919,Eu Dui Foundation,"Arts, Media & Entertainment",996,994,513,808
46898641989,Netus Et LLP,"Fashion, Jewelry & Personal Goods",953,931,620,809
57405729081,Augue Corporation,"Fashion, Jewelry & Personal Goods",902,903,699,810
21807339153,Praesent Eu LLP,"Arts, Media & Entertainment",898,898,709,811
87340243269,Sapien Cursus Industries,"Arts, Media & Entertainment",875,884,748,812
16165222459,Vehicula Pellentesque LLP,Technology & Professional Services,742,756,1013,813
92696023351,Odio Aliquam Vulputate Limited,Technology & Professional Services,696,699,1116,814
56530958295,Pede Et LLC,Technology & Professional Services,621,625,1265,815
41944909975,Et Nunc Consulting,"Arts, Media & Entertainment",1108,1104,307,816
67019805160,Pharetra Nibh Aliquam Consulting,"Lifestyle, Health & Recreation",871,869,783,817
54327105512,Suscipit Nonummy Fusce Inc.,"Lifestyle, Health & Recreation",636,638,1251,818
40215552134,Ultrices Iaculis Odio Corp.,"Arts, Media & Entertainment",695,691,1145,819
88230622213,Eu Tellus Ltd,Technology & Professional Services,613,615,1303,820
73792600690,Odio Semper Associates,"Arts, Media & Entertainment",896,899,740,821
61634218640,Nam Interdum Enim Corporation,"Home, Garden & Living",903,910,726,822
82426950076,Ipsum Non Arcu Incorporated,"Arts, Media & Entertainment",927,928,695,823
71787414647,Aliquam Arcu Industries,"Home, Garden & Living",711,706,1133,824
54278310951,Nullam Institute,"Arts, Media & Entertainment",1052,1050,454,825
17758483290,Orci PC,Technology & Professional Services,835,851,872,826
77924688488,Elit Curabitur Sed PC,"Arts, Media & Entertainment",1036,1039,486,827
77149983383,Egestas Aliquam Nec Ltd,"Home, Garden & Living",716,725,1128,828
59039508122,Augue Ut Lacus Foundation,"Fashion, Jewelry & Personal Goods",792,760,1020,829
19933438190,Dui Nec Corporation,"Home, Garden & Living",887,887,801,830
57867831267,Mi Lorem Inc.,"Fashion, Jewelry & Personal Goods",863,858,855,831
77929547081,Elementum At Egestas Ltd,"Fashion, Jewelry & Personal Goods",854,847,877,832
69320682085,Consequat Dolor Foundation,Technology & Professional Services,691,694,1197,833
32329455050,Massa Lobortis Consulting,"Lifestyle, Health & Recreation",819,826,941,834
22658353530,Libero Corporation,"Arts, Media & Entertainment",1018,1022,548,835
71961434094,Amet Diam Corporation,"Home, Garden & Living",790,787,1014,836
67713855705,Nulla Industries,Technology & Professional Services,774,786,1033,837
81877438808,Tempor Arcu Vestibulum Limited,"Arts, Media & Entertainment",779,779,1035,838
74337408103,Donec At Inc.,Technology & Professional Services,708,696,1189,839
98722839745,Interdum Ligula Eu Corp.,"Arts, Media & Entertainment",735,732,1129,840
33138327540,Fermentum Convallis Ltd,"Fashion, Jewelry & Personal Goods",751,749,1098,841
35040817462,Dolor Vitae Limited,Technology & Professional Services,783,792,1025,842
67915848101,Aliquet Molestie Company,"Lifestyle, Health & Recreation",938,952,711,843
25467145329,Hendrerit Consectetuer LLP,"Arts, Media & Entertainment",809,811,982,844
25083358415,Interdum Libero Dui Foundation,Technology & Professional Services,919,932,758,845
74019238521,Ac Limited,"Lifestyle, Health & Recreation",806,797,1007,846
19633197919,Molestie Sodales Mauris Industries,Technology & Professional Services,930,930,752,847
54197321846,Parturient Montes Corporation,Technology & Professional Services,950,959,704,848
44915049915,Nulla Foundation,Technology & Professional Services,982,982,654,849
25176526221,Nec Cursus Corporation,"Lifestyle, Health & Recreation",699,708,1212,850
19237425345,A Scelerisque Associates,"Arts, Media & Entertainment",910,906,804,851
50321300271,Augue Industries,"Lifestyle, Health & Recreation",826,825,970,852
92616389691,Maecenas Iaculis Aliquet Limited,Technology & Professional Services,899,895,830,853
29202486033,Vel Foundation,Technology & Professional Services,865,875,884,854
20435488659,Diam Lorem Industries,"Lifestyle, Health & Recreation",748,751,1126,855
42752230305,Ut Molestie Foundation,"Home, Garden & Living",785,804,1037,856
92064565896,Justo Praesent Luctus PC,Technology & Professional Services,677,682,1269,857
77343745836,Nunc Ullamcorper Velit LLC,"Lifestyle, Health & Recreation",934,929,766,858
64573039027,Magna Sed Eu Associates,Technology & Professional Services,686,688,1257,859
75104340635,Nisl Elementum Ltd,"Lifestyle, Health & Recreation",955,949,730,860
48290289285,Sed Dolor Corporation,Technology & Professional Services,923,925,788,861
92895607850,Risus PC,Technology & Professional Services,766,776,1095,862
76910557723,Leo LLP,Technology & Professional Services,713,718,1206,863
49285644021,Dolor Sit Industries,"Arts, Media & Entertainment",831,843,966,864
70969465360,Purus Maecenas PC,"Lifestyle, Health & Recreation",848,845,948,865
46600268436,Accumsan Inc.,"Lifestyle, Health & Recreation",730,731,1181,866
27504885147,Enim Ltd,"Fashion, Jewelry & Personal Goods",718,711,1213,867
67794222692,Nunc Ut Inc.,"Arts, Media & Entertainment",1039,1026,579,868
34726792617,Purus Mauris Associates,"Fashion, Jewelry & Personal Goods",747,742,1155,869
49758515423,Ac Turpis Egestas PC,"Fashion, Jewelry & Personal Goods",724,727,1193,870
14492521225,Praesent Eu Associates,"Home, Garden & Living",881,882,883,871
57961198956,Cursus Institute,"Fashion, Jewelry & Personal Goods",764,770,1113,872
56945094143,Rutrum Justo Foundation,"Arts, Media & Entertainment",732,748,1167,873
52034043972,Non Dapibus Rutrum Limited,Technology & Professional Services,1098,1120,432,874
24094430920,Ac Fermentum LLP,Technology & Professional Services,737,738,1175,875
55294337974,Tristique Senectus Et Ltd,"Home, Garden & Living",972,974,706,876
87076215407,Lacus Limited,"Arts, Media & Entertainment",933,933,792,877
41957730940,Arcu Et Inc.,"Arts, Media & Entertainment",988,998,673,878
57554365043,Et Consulting,"Arts, Media & Entertainment",868,866,925,879
62135501337,Pede Corp.,"Lifestyle, Health & Recreation",726,740,1201,880
83935353706,Curabitur Egestas Nunc Corp.,"Lifestyle, Health & Recreation",794,791,1087,881
43801715289,Mollis Duis Sit Foundation,"Arts, Media & Entertainment",842,863,972,882
85139489422,Ut Institute,"Arts, Media & Entertainment",818,817,1042,883
29023134283,Mollis Lectus Industries,"Home, Garden & Living",828,820,1031,884
46116141083,Nisi LLP,"Home, Garden & Living",824,834,1028,885
54705111450,Eleifend Non Inc.,"Fashion, Jewelry & Personal Goods",857,844,1008,886
80989415297,Pede Foundation,"Arts, Media & Entertainment",917,915,879,887
40307304965,Interdum Ltd,"Fashion, Jewelry & Personal Goods",734,730,1256,888
18525353549,Pede Ultrices Corp.,Technology & Professional Services,821,830,1070,889
39896913161,Accumsan Convallis Company,"Arts, Media & Entertainment",820,821,1089,890
82123916158,Egestas A Corp.,"Fashion, Jewelry & Personal Goods",1028,1020,684,891
26063968667,Dictum Eu Institute,"Home, Garden & Living",814,818,1100,892
49925232405,Aliquam Tincidunt Nunc PC,"Home, Garden & Living",969,971,802,893
28208763477,Ut Molestie Ltd,"Fashion, Jewelry & Personal Goods",974,970,809,894
99514198047,Ultricies Dignissim Lacus Corp.,Technology & Professional Services,1073,1065,622,895
22953464223,Est Mauris Rhoncus Corporation,"Arts, Media & Entertainment",793,785,1182,896
91157839617,Blandit Nam Limited,Technology & Professional Services,940,939,882,897
68828285855,Mi Pede Nonummy Limited,Technology & Professional Services,833,827,1101,898
48294164165,Mauris Sit Amet Corp.,"Arts, Media & Entertainment",797,809,1157,899
35664226523,Erat Eget PC,"Home, Garden & Living",769,781,1217,900
27047988248,Purus Accumsan LLP,"Fashion, Jewelry & Personal Goods",816,815,1138,901
17945458645,Curae Industries,"Fashion, Jewelry & Personal Goods",852,850,1068,902
44631836704,Auctor Incorporated,"Home, Garden & Living",847,841,1082,903
70038202360,Varius Orci Institute,"Home, Garden & Living",830,823,1122,904
22470136913,Adipiscing Elit Incorporated,"Lifestyle, Health & Recreation",837,833,1106,905
28622174594,Parturient Montes Foundation,Technology & Professional Services,846,824,1109,906
47086412084,Eros Limited,"Arts, Media & Entertainment",1021,1017,742,907
78522984877,Viverra Maecenas Iaculis Associates,"Home, Garden & Living",813,808,1162,908
90672655190,Nullam Vitae Foundation,"Home, Garden & Living",889,890,1012,909
26603390734,Phasellus In LLP,"Arts, Media & Entertainment",825,837,1130,910
33495932835,Vel Arcu Foundation,"Home, Garden & Living",901,893,1002,911
42483854662,Magna Sed Corp.,"Lifestyle, Health & Recreation",905,912,987,912
78213188724,Sem Industries,"Home, Garden & Living",782,772,1252,913
71355732473,Dictum Mi Incorporated,"Home, Garden & Living",949,954,905,914
59450324455,Phasellus Dapibus Corporation,"Lifestyle, Health & Recreation",855,855,1102,915
86010199872,Orci In Foundation,Technology & Professional Services,1040,1047,741,916
17678252870,Faucibus Morbi Foundation,"Fashion, Jewelry & Personal Goods",1009,1004,815,917
85276983280,Lacus Varius Corp.,"Home, Garden & Living",882,883,1065,918
68189578822,Euismod Ac Associates,"Lifestyle, Health & Recreation",815,814,1202,919
65426342453,Nisl Nulla Eu LLC,"Home, Garden & Living",907,900,1026,920
99938978285,Elit Dictum Eu Ltd,"Lifestyle, Health & Recreation",812,810,1216,921
80995075637,Facilisis Suspendisse Inc.,"Fashion, Jewelry & Personal Goods",961,957,924,922
67690172512,Purus Accumsan Associates,"Arts, Media & Entertainment",803,796,1244,923
71946255432,Diam Institute,"Lifestyle, Health & Recreation",1014,1013,817,924
24351356445,At Pede Cras Corp.,Technology & Professional Services,787,807,1253,925
26569358936,Dictum Limited,"Arts, Media & Entertainment",761,762,1330,926
22487474791,Non Arcu Vivamus Foundation,"Arts, Media & Entertainment",1059,1063,732,927
40099570304,Nulla LLC,"Lifestyle, Health & Recreation",906,907,1043,928
20594162542,Litora Torquent Per LLP,Technology & Professional Services,1013,1014,851,929
66370248931,Morbi Non PC,"Arts, Media & Entertainment",977,972,933,930
65168284301,Dui LLC,"Fashion, Jewelry & Personal Goods",1450,1441,1,931
46887242827,Sollicitudin PC,Technology & Professional Services,975,988,929,932
27099208477,Cras Dictum Ltd,"Lifestyle, Health & Recreation",861,862,1179,933
34398628767,Ut Pharetra Sed Inc.,"Home, Garden & Living",921,922,1063,934
99241925348,Posuere At Velit PC,"Fashion, Jewelry & Personal Goods",869,872,1173,935
97802179094,Ut Molestie In Ltd,Technology & Professional Services,851,856,1209,936
80779713037,Felis Consulting,"Arts, Media & Entertainment",1004,1003,911,937
10206519221,Fusce Company,"Fashion, Jewelry & Personal Goods",839,839,1245,938
39618687681,Lorem Industries,"Lifestyle, Health & Recreation",929,926,1071,939
10342410215,Facilisis Facilisis Corp.,Technology & Professional Services,970,977,981,940
19836429553,Ac Feugiat LLP,"Arts, Media & Entertainment",989,987,953,941
12034469787,Pede Suspendisse Corp.,"Fashion, Jewelry & Personal Goods",817,819,1293,942
19618998054,Morbi Accumsan Industries,"Home, Garden & Living",1139,1138,657,943
54056521797,Aenean Egestas Hendrerit Ltd,"Lifestyle, Health & Recreation",822,828,1288,944
64143552561,Fusce Feugiat Associates,"Fashion, Jewelry & Personal Goods",1470,1468,2,945
31736633670,Vel Pede Blandit Corporation,"Arts, Media & Entertainment",853,848,1241,946
21881994118,Varius Ultrices LLP,Technology & Professional Services,834,838,1270,947
91960562098,Amet Faucibus Corporation,Technology & Professional Services,1057,1075,811,948
20527255332,Erat Volutpat Nulla PC,"Arts, Media & Entertainment",773,767,1406,949
69108448846,Laoreet Industries,"Lifestyle, Health & Recreation",808,816,1323,950
96906278264,Ipsum Cursus Vestibulum LLC,"Arts, Media & Entertainment",935,953,1060,951
96781066746,Ante Vivamus Non Corporation,"Lifestyle, Health & Recreation",800,789,1359,952
48390524826,Nec Ante Associates,"Home, Garden & Living",850,849,1250,953
16919425848,Aliquam LLP,"Arts, Media & Entertainment",810,812,1336,954
81249812970,Sapien Foundation,"Fashion, Jewelry & Personal Goods",945,941,1075,955
83953428830,Fringilla Est Ltd,"Lifestyle, Health & Recreation",1042,1055,870,956
15253672771,Nascetur Ridiculus LLC,"Fashion, Jewelry & Personal Goods",956,956,1064,957
65189626072,Sollicitudin Orci Incorporated,"Home, Garden & Living",908,896,1174,958
31969420866,Sed Leo Cras Incorporated,Technology & Professional Services,1005,1002,978,959
12483082042,Sed PC,"Lifestyle, Health & Recreation",962,962,1067,960
55430629945,Metus Facilisis Associates,"Fashion, Jewelry & Personal Goods",867,857,1268,961
12042198256,Donec Nibh LLP,Technology & Professional Services,840,846,1306,962
25856363362,Cubilia Curae Phasellus Corporation,"Arts, Media & Entertainment",1054,1061,878,963
19465180165,Euismod Urna Corp.,"Fashion, Jewelry & Personal Goods",918,913,1163,964
70805280228,Odio Auctor Foundation,Technology & Professional Services,878,878,1240,965
82044452251,Malesuada Integer Id Company,Technology & Professional Services,1070,1105,823,966
90984790127,Lorem PC,"Arts, Media & Entertainment",856,853,1292,967
97088280855,Odio Vel Est Associates,Technology & Professional Services,1027,1021,957,968
51321276923,Aenean Eget Limited,"Fashion, Jewelry & Personal Goods",912,909,1187,969
93498928547,Natoque Penatibus Ltd,"Home, Garden & Living",811,806,1392,970
19111577631,Dictum Industries,"Lifestyle, Health & Recreation",743,733,1533,971
53620352987,Scelerisque Mollis Phasellus PC,Technology & Professional Services,997,1007,1006,972
86525942285,Neque Sed Dictum LLP,"Fashion, Jewelry & Personal Goods",932,935,1151,973
80508375382,Pharetra Nibh Institute,"Arts, Media & Entertainment",925,921,1172,974
72553304202,Rhoncus Proin Nisl Limited,"Arts, Media & Entertainment",894,888,1236,975
46079095809,Vivamus Euismod LLP,"Arts, Media & Entertainment",947,958,1120,976
21783961149,Eu Corporation,"Arts, Media & Entertainment",942,945,1142,977
35391497890,Donec Corporation,"Lifestyle, Health & Recreation",954,944,1132,978
80682333501,Orci Corp.,"Home, Garden & Living",890,881,1259,979
36628336616,Sagittis Augue Incorporated,"Arts, Media & Entertainment",968,979,1084,980
39368471973,In Lorem Industries,Technology & Professional Services,1138,1139,755,981
63032122101,Luctus Aliquet Corporation,"Fashion, Jewelry & Personal Goods",895,894,1246,982
45030176527,Non Enim Incorporated,"Arts, Media & Entertainment",802,801,1435,983
17034043771,Imperdiet Ullamcorper Inc.,"Fashion, Jewelry & Personal Goods",963,963,1114,984
43660707274,Nulla Integer Vulputate Ltd,"Arts, Media & Entertainment",1112,1100,839,985
92019681129,Blandit Industries,"Lifestyle, Health & Recreation",1037,1042,974,986
36961482719,In Cursus Corp.,Technology & Professional Services,966,964,1123,987
26556866679,Vel Est Tempor Associates,"Home, Garden & Living",951,948,1156,988
74753274268,Duis A Mi LLP,"Arts, Media & Entertainment",1086,1071,899,989
27440079026,Risus Varius Orci Associates,"Arts, Media & Entertainment",1020,1028,1011,990
77090965820,A Arcu Industries,"Home, Garden & Living",984,985,1092,991
80982848464,Tempor Augue Limited,"Home, Garden & Living",1233,1228,604,992
88124569339,Non Vestibulum Corp.,"Arts, Media & Entertainment",1051,1054,964,993
79283124876,Pellentesque Massa Associates,"Home, Garden & Living",884,889,1301,994
96566672398,Odio Tristique Pharetra Incorporated,"Lifestyle, Health & Recreation",1093,1087,903,995
28230498046,Nisi Foundation,"Arts, Media & Entertainment",858,861,1364,996
25365595519,Quis Associates,"Lifestyle, Health & Recreation",928,934,1223,997
34822634769,Dolor Egestas Rhoncus PC,"Arts, Media & Entertainment",1341,1339,409,998
73895811023,Libero Mauris Aliquam Associates,Technology & Professional Services,939,946,1205,999
14639241847,Aliquet Molestie Tellus Company,Technology & Professional Services,1081,1094,919,1000
22248828825,Taciti PC,"Arts, Media & Entertainment",1007,1005,1086,1001
36555094223,Nunc Quis LLC,"Home, Garden & Living",911,905,1285,1002
45783766755,Purus Duis Corp.,"Lifestyle, Health & Recreation",913,918,1280,1003
37718833659,Est LLC,Technology & Professional Services,990,999,1131,1004
85556646149,Proin Nisl Inc.,Technology & Professional Services,1006,1019,1097,1005
26643842396,Risus Foundation,"Arts, Media & Entertainment",1065,1062,998,1006
30779952495,Nam Consequat Institute,Technology & Professional Services,1187,1185,754,1007
22549192713,Tincidunt Congue Associates,"Arts, Media & Entertainment",900,902,1326,1008
57021295485,Enim Etiam Imperdiet Limited,"Arts, Media & Entertainment",993,993,1154,1009
32423905315,Hendrerit Consulting,Technology & Professional Services,1151,1147,843,1010
68950900599,Augue Company,"Fashion, Jewelry & Personal Goods",1143,1152,846,1011
74780446526,Ad Litora Institute,"Home, Garden & Living",958,960,1226,1012
63907965541,Massa Mauris Corporation,"Arts, Media & Entertainment",1216,1219,712,1013
46145508777,Fringilla Est Industries,"Arts, Media & Entertainment",893,911,1346,1014
86101203168,Viverra Donec LLC,"Lifestyle, Health & Recreation",866,873,1411,1015
92368600426,Mattis Company,"Lifestyle, Health & Recreation",915,914,1325,1016
12959550150,Nunc Risus Company,"Arts, Media & Entertainment",1024,1029,1103,1017
32173481131,Non PC,Technology & Professional Services,860,864,1432,1018
45907060380,Nec Euismod LLC,"Arts, Media & Entertainment",976,980,1204,1019
51808433866,Arcu Vel Institute,"Home, Garden & Living",1017,1012,1134,1020
51279178333,Neque LLC,"Arts, Media & Entertainment",1131,1108,926,1021
78637548196,Luctus Et Institute,"Arts, Media & Entertainment",1141,1158,868,1022
42757999502,In Lobortis Tellus Foundation,"Arts, Media & Entertainment",1144,1148,875,1023
46083747689,Nam Interdum Enim Institute,Technology & Professional Services,1060,1051,1059,1024
87457891433,Magna Sed Incorporated,"Arts, Media & Entertainment",941,936,1294,1025
96244711717,Cras Sed Leo Corp.,"Fashion, Jewelry & Personal Goods",952,942,1283,1026
35809331583,Euismod In LLC,"Home, Garden & Living",874,876,1427,1027
28827474922,Libero Limited,"Lifestyle, Health & Recreation",936,947,1296,1028
25228131129,Quisque Nonummy Ltd,Technology & Professional Services,920,920,1348,1029
83323591742,Eget Dictum Limited,"Home, Garden & Living",924,919,1360,1030
44126901587,Tempus Non Associates,"Fashion, Jewelry & Personal Goods",946,951,1308,1031
14314268730,Nec Ltd,"Arts, Media & Entertainment",1155,1159,892,1032
70713877189,Praesent Eu Incorporated,Technology & Professional Services,1185,1173,852,1033
35367341543,Rhoncus Id Company,"Fashion, Jewelry & Personal Goods",948,950,1312,1034
95682671933,Arcu Vestibulum Ut Inc.,Technology & Professional Services,943,937,1341,1035
86591172660,Pretium Neque Morbi Ltd,"Fashion, Jewelry & Personal Goods",1078,1077,1077,1036
27397535742,Porttitor Limited,"Arts, Media & Entertainment",1142,1141,952,1037
42665580539,Vitae Mauris Sit Corporation,"Arts, Media & Entertainment",1002,1008,1227,1038
79928754880,Habitant Morbi Company,"Home, Garden & Living",1008,1000,1232,1039
96965554802,Semper Et Lacinia Institute,"Fashion, Jewelry & Personal Goods",1030,1034,1177,1040
71476669593,Non Luctus Sit Industries,"Fashion, Jewelry & Personal Goods",1000,1001,1243,1041
50667745027,Et Malesuada Fames Ltd,"Fashion, Jewelry & Personal Goods",1026,1023,1200,1042
62170730910,Volutpat Nunc Sit Institute,"Fashion, Jewelry & Personal Goods",1038,1030,1186,1043
45151159881,Ac Urna PC,"Arts, Media & Entertainment",1194,1200,862,1044
43838212570,Ullamcorper Magna Sed Incorporated,"Fashion, Jewelry & Personal Goods",1198,1180,880,1045
45480771376,Facilisis Eget Limited,"Home, Garden & Living",983,983,1302,1046
73731446835,Dictum Eu Incorporated,"Home, Garden & Living",1064,1059,1147,1047
29351616009,Urna Industries,Technology & Professional Services,1132,1126,1016,1048
48086705406,Nullam Lobortis Corporation,"Home, Garden & Living",998,996,1289,1049
75646866762,Facilisis Limited,"Home, Garden & Living",999,992,1297,1050
62981771325,Eu Neque Pellentesque Ltd,"Lifestyle, Health & Recreation",1047,1049,1199,1051
10264435225,Ipsum Primis Ltd,"Fashion, Jewelry & Personal Goods",1115,1131,1054,1052
40776514177,Sit Amet Dapibus LLC,"Lifestyle, Health & Recreation",973,975,1352,1053
69059526358,Eleifend Egestas Sed Corporation,Technology & Professional Services,991,997,1314,1054
65134002757,Elit Etiam Laoreet Foundation,Technology & Professional Services,1401,1403,502,1055
88435572170,Et LLP,"Fashion, Jewelry & Personal Goods",1140,1140,1032,1056
51357574333,Varius Nam Porttitor Consulting,"Fashion, Jewelry & Personal Goods",1082,1080,1150,1057
11017796471,Sodales Mauris Consulting,"Lifestyle, Health & Recreation",1092,1082,1141,1058
58019702129,Sapien Cras Institute,"Arts, Media & Entertainment",1079,1070,1170,1059
97129028344,Pede Ultrices A Inc.,Technology & Professional Services,1022,1031,1266,1060
67288548470,Ligula Elit LLC,"Home, Garden & Living",1033,1035,1262,1061
14804580099,Sem Consequat Consulting,"Arts, Media & Entertainment",1055,1053,1235,1062
83412691377,Suspendisse Sagittis Nullam Associates,"Fashion, Jewelry & Personal Goods",1048,1046,1254,1063
90684382197,In Sodales Limited,"Lifestyle, Health & Recreation",1001,991,1358,1064
16587082018,Laoreet Ipsum Ltd,"Arts, Media & Entertainment",1029,1024,1299,1065
31337247877,Lorem Ac Risus Company,"Arts, Media & Entertainment",1019,1015,1320,1066
16143938351,Enim Institute,Technology & Professional Services,1089,1083,1188,1067
39135845322,Quis Pede Praesent Inc.,"Fashion, Jewelry & Personal Goods",1025,1027,1309,1068
55828706874,Eget Venenatis A Incorporated,"Arts, Media & Entertainment",995,989,1377,1069
25846871943,Feugiat Placerat Corporation,"Fashion, Jewelry & Personal Goods",1176,1179,1018,1070
33268824520,Arcu Nunc Incorporated,Technology & Professional Services,1077,1085,1211,1071
86131077097,Eu Nulla At Inc.,"Arts, Media & Entertainment",1090,1095,1190,1072
10530696903,Ut Semper Industries,"Arts, Media & Entertainment",960,961,1460,1073
72870379863,Et Eros Corp.,"Fashion, Jewelry & Personal Goods",1162,1167,1053,1074
79479365013,Facilisis Non Inc.,"Home, Garden & Living",1010,1011,1363,1075
20606594082,Nunc Nulla Vulputate LLC,"Fashion, Jewelry & Personal Goods",1126,1117,1148,1076
18582096775,Quis Tristique Ltd,"Arts, Media & Entertainment",1023,1025,1349,1077
17009186054,Et Ltd,Technology & Professional Services,1118,1128,1152,1078
19892730735,Nunc Sit Incorporated,"Lifestyle, Health & Recreation",1111,1110,1183,1079
31630375469,Ante Bibendum Corporation,"Lifestyle, Health & Recreation",1396,1399,628,1080
16394504716,Enim Nec Tempus Corporation,"Arts, Media & Entertainment",1074,1072,1278,1081
67165527084,Lacinia Vitae Sodales Inc.,"Home, Garden & Living",1119,1124,1191,1082
80785565526,Tristique Senectus Ltd,"Arts, Media & Entertainment",1056,1052,1334,1083
37762125537,Pharetra Incorporated,"Fashion, Jewelry & Personal Goods",1068,1067,1316,1084
24674067743,Augue Ltd,"Fashion, Jewelry & Personal Goods",1353,1344,756,1085
77990903737,Semper Et Lacinia LLP,"Lifestyle, Health & Recreation",1248,1239,969,1086
65202518558,Purus Nullam Incorporated,"Fashion, Jewelry & Personal Goods",1034,1037,1388,1087
23787788327,Ad Corporation,"Lifestyle, Health & Recreation",1179,1178,1104,1088
65276790047,Bibendum Fermentum LLP,"Fashion, Jewelry & Personal Goods",1215,1215,1036,1089
49412216510,Nec Quam Curabitur Incorporated,Technology & Professional Services,979,969,1531,1090
36800720158,A Felis Ullamcorper Corporation,"Home, Garden & Living",1016,1009,1458,1091
34190774918,Eget Ipsum Corp.,"Lifestyle, Health & Recreation",1041,1043,1402,1092
32873803804,Sed Pharetra Ltd,"Arts, Media & Entertainment",1156,1162,1169,1093
24015576448,Mi Eleifend Associates,"Lifestyle, Health & Recreation",1032,1032,1424,1094
11134994590,Quis Massa Mauris Ltd,"Fashion, Jewelry & Personal Goods",1206,1190,1105,1095
12014115545,In Lobortis Company,"Fashion, Jewelry & Personal Goods",1050,1038,1415,1096
27610959380,Nibh Phasellus Ltd,"Arts, Media & Entertainment",1170,1168,1166,1097
26510188921,Et Nunc Institute,"Home, Garden & Living",1107,1122,1275,1098
55955609006,Nec Enim Nunc LLP,"Arts, Media & Entertainment",1120,1113,1272,1099
66118124566,Interdum LLC,"Arts, Media & Entertainment",1015,1016,1477,1100
40507108040,Lacinia At Institute,"Home, Garden & Living",1035,1036,1440,1101
13830448327,Neque Sed PC,"Arts, Media & Entertainment",1076,1088,1355,1102
10165489824,Nunc Sed Company,"Fashion, Jewelry & Personal Goods",1762,1756,3,1103
64953561005,Orci Phasellus Dapibus Inc.,"Arts, Media & Entertainment",1125,1129,1267,1104
52569909432,Dis Parturient Montes LLC,"Fashion, Jewelry & Personal Goods",1099,1079,1343,1105
75881121130,In Hendrerit Ltd,"Arts, Media & Entertainment",987,978,1556,1106
20692490685,Aliquet Molestie Limited,Technology & Professional Services,1362,1384,776,1107
68645891034,Fusce Industries,"Home, Garden & Living",986,990,1550,1108
34082818630,Egestas Sed Inc.,"Arts, Media & Entertainment",971,973,1595,1109
49640494725,Magna Praesent Interdum Ltd,"Lifestyle, Health & Recreation",1157,1163,1222,1110
50185854379,Adipiscing Lacus Limited,Technology & Professional Services,1282,1288,973,1111
80116239104,Ut Semper Limited,Technology & Professional Services,1165,1155,1224,1112
65527917790,Nulla Cras Corporation,"Lifestyle, Health & Recreation",926,927,1691,1113
10881038707,Sed Facilisis Vitae Incorporated,"Fashion, Jewelry & Personal Goods",1774,1767,4,1114
36105696102,Velit Eget Institute,"Fashion, Jewelry & Personal Goods",1372,1331,844,1115
64127544910,Nulla In Associates,"Arts, Media & Entertainment",1201,1206,1140,1116
25824799381,Elit Institute,"Lifestyle, Health & Recreation",1117,1109,1321,1117
25707254891,Dui Associates,"Fashion, Jewelry & Personal Goods",1301,1286,963,1118
62100554322,Tempor Limited,"Arts, Media & Entertainment",1067,1064,1419,1119
75131910841,Taciti Associates,"Fashion, Jewelry & Personal Goods",1003,1006,1545,1120
24123600795,Et Eros Inc.,Technology & Professional Services,1235,1227,1093,1121
45322831450,Non Sapien Molestie Corporation,"Lifestyle, Health & Recreation",1130,1132,1295,1122
43719937438,Class Aptent Taciti Industries,"Arts, Media & Entertainment",1045,1048,1464,1123
22614311069,Vivamus Limited,Technology & Professional Services,1146,1142,1276,1124
67283489810,Hendrerit Consectetuer Institute,"Arts, Media & Entertainment",1385,1370,810,1125
35769589414,Arcu Et Pede Limited,Technology & Professional Services,1238,1255,1072,1126
84131378699,Hendrerit Corp.,"Lifestyle, Health & Recreation",1031,1033,1503,1127
91633005350,Vel LLC,"Home, Garden & Living",992,984,1593,1128
98400051901,Vitae LLC,Technology & Professional Services,1252,1240,1088,1129
92428831060,Dapibus Gravida Ltd,"Arts, Media & Entertainment",1083,1090,1408,1130
15531408565,Aliquam Eu LLP,"Fashion, Jewelry & Personal Goods",1063,1069,1451,1131
48646476949,Quam Vel Sapien LLC,"Arts, Media & Entertainment",1314,1299,977,1132
71094934182,Nonummy Ipsum Non LLC,"Home, Garden & Living",1298,1296,999,1133
66257020651,Sit Amet Foundation,"Arts, Media & Entertainment",1105,1098,1391,1134
81561729667,Gravida Molestie Associates,Technology & Professional Services,1122,1133,1340,1135
26267439458,Aliquam Fringilla Foundation,"Home, Garden & Living",1110,1099,1386,1136
36688095621,Aliquam Nisl Nulla Corporation,"Home, Garden & Living",1116,1102,1378,1137
89430765327,Sodales Mauris Corporation,"Arts, Media & Entertainment",1104,1118,1375,1138
77037096829,Nam Consulting,"Lifestyle, Health & Recreation",1190,1196,1215,1139
65337745105,Nunc LLP,"Home, Garden & Living",1210,1214,1178,1140
69913521743,Purus Gravida Inc.,"Arts, Media & Entertainment",994,986,1622,1141
20349182689,Nunc Interdum Feugiat Limited,"Arts, Media & Entertainment",1097,1096,1412,1142
29633331621,Augue Sed Inc.,"Arts, Media & Entertainment",1310,1297,1003,1143
28159278322,Ullamcorper Nisl Corporation,"Arts, Media & Entertainment",1066,1092,1454,1144
41315101616,Malesuada Fames Foundation,"Fashion, Jewelry & Personal Goods",1147,1143,1324,1145
18716225872,Amet Ante Vivamus Associates,"Arts, Media & Entertainment",1062,1057,1498,1146
66066213362,Nunc Sed LLP,Technology & Professional Services,1058,1058,1502,1147
38243146530,Suspendisse Aliquet Incorporated,"Lifestyle, Health & Recreation",1043,1045,1530,1148
68699353442,Ac Consulting,"Arts, Media & Entertainment",1236,1248,1135,1149
21263722044,Lacus Quisque Industries,"Fashion, Jewelry & Personal Goods",1309,1301,1010,1150
36125151647,Sed Nec Corp.,"Arts, Media & Entertainment",1281,1273,1069,1151
36461610866,Phasellus Fermentum Corporation,Technology & Professional Services,1223,1223,1184,1152
15367144876,Id Nunc Corporation,"Lifestyle, Health & Recreation",1071,1056,1513,1153
13447011295,Magna Nec Institute,"Home, Garden & Living",1136,1134,1373,1154
32623092639,Penatibus Et Industries,"Fashion, Jewelry & Personal Goods",1085,1076,1484,1155
76819856970,Egestas Blandit Ltd,"Home, Garden & Living",1234,1230,1185,1156
91803984881,Purus LLC,"Arts, Media & Entertainment",1121,1119,1409,1157
72611840049,Lobortis Tellus Limited,"Home, Garden & Living",1091,1086,1474,1158
72064213561,Turpis Egestas Aliquam Corporation,"Arts, Media & Entertainment",1161,1150,1344,1159
89536028092,Mauris Rhoncus LLC,Technology & Professional Services,1075,1074,1507,1160
60470122582,Consequat Purus Industries,Technology & Professional Services,1158,1157,1345,1161
42032686423,At Consulting,"Arts, Media & Entertainment",1012,1010,1646,1162
52323926070,Lorem Ac Risus Institute,Technology & Professional Services,1654,1655,361,1163
73227776133,A Odio Semper Incorporated,"Lifestyle, Health & Recreation",1113,1116,1441,1164
73761689784,Odio Sagittis Incorporated,"Lifestyle, Health & Recreation",1053,1060,1558,1165
39917000142,Justo Sit LLC,"Lifestyle, Health & Recreation",1355,1363,954,1166
20569508100,Euismod Est Corp.,"Lifestyle, Health & Recreation",1159,1149,1365,1167
17476208631,Sit Institute,"Arts, Media & Entertainment",1347,1351,986,1168
27574779991,Pede Malesuada Company,"Lifestyle, Health & Recreation",1303,1306,1076,1169
83421619944,Dui LLP,"Lifestyle, Health & Recreation",1049,1040,1601,1170
20717777781,Convallis Dolor Quisque Associates,"Arts, Media & Entertainment",1152,1144,1401,1171
83575543026,Ipsum Nunc Id LLC,Technology & Professional Services,1441,1445,816,1172
68289707002,Ac Metus Industries,"Fashion, Jewelry & Personal Goods",1326,1325,1051,1173
25176815949,Eu Enim Consulting,"Arts, Media & Entertainment",1630,1659,419,1174
10714068705,Sollicitudin Commodo Ipsum Industries,"Home, Garden & Living",1240,1241,1230,1175
90320801414,Venenatis A Ltd,"Arts, Media & Entertainment",1129,1130,1452,1176
62074083335,Aliquet Libero Corporation,Technology & Professional Services,1096,1089,1527,1177
25627894706,Ut Company,Technology & Professional Services,1084,1091,1538,1178
73546158413,Nec Ante Corp.,"Home, Garden & Living",1432,1429,853,1179
92308095254,Non Lorem LLC,"Fashion, Jewelry & Personal Goods",1134,1137,1445,1180
56139017231,Nec Mollis Vitae PC,"Arts, Media & Entertainment",1072,1073,1571,1181
63419471661,Eget Magna Corp.,Technology & Professional Services,1209,1210,1298,1182
32446633720,Dolor Nonummy Corporation,Technology & Professional Services,1266,1262,1192,1183
15686458582,Sed Orci Lobortis Corp.,"Lifestyle, Health & Recreation",1175,1181,1366,1184
90025866810,Donec Feugiat Metus LLC,Technology & Professional Services,1128,1121,1473,1185
89133730546,Adipiscing Fringilla Porttitor Ltd,"Arts, Media & Entertainment",1861,1859,5,1186
60240099150,Adipiscing Industries,"Fashion, Jewelry & Personal Goods",1094,1107,1525,1187
31472801314,Urna Justo Industries,"Arts, Media & Entertainment",1095,1084,1547,1188
67213521157,Gravida Nunc LLP,"Fashion, Jewelry & Personal Goods",1867,1864,6,1189
28464012306,Amet Corporation,Technology & Professional Services,1102,1115,1522,1190
96442520325,Nullam Lobortis Quam Company,Technology & Professional Services,1219,1212,1310,1191
86791380020,Integer Urna Institute,"Fashion, Jewelry & Personal Goods",1868,1868,7,1192
87915290368,Purus Mauris LLC,"Arts, Media & Entertainment",1346,1352,1046,1193
85502310765,Magnis Dis Parturient Industries,Technology & Professional Services,1555,1548,643,1194
51094717964,Tempor Diam Dictum Corporation,"Arts, Media & Entertainment",1088,1078,1589,1195
71612636096,Lorem Luctus Associates,"Arts, Media & Entertainment",1167,1176,1429,1196
69696627033,Erat Semper Limited,"Lifestyle, Health & Recreation",1114,1103,1559,1197
56429066925,Porta LLP,"Home, Garden & Living",1123,1123,1540,1198
67609108741,Metus Sit Amet Incorporated,"Arts, Media & Entertainment",1767,1763,261,1199
58459771721,Vestibulum Mauris Corp.,"Fashion, Jewelry & Personal Goods",1354,1359,1078,1200
86744504251,Suspendisse Dui LLC,"Fashion, Jewelry & Personal Goods",1200,1193,1398,1201
44210076869,Volutpat Nulla Facilisis LLP,"Home, Garden & Living",1258,1261,1273,1202
78820544491,Tincidunt Aliquam LLP,"Fashion, Jewelry & Personal Goods",1103,1097,1604,1203
38325541616,Vivamus Non Corporation,"Arts, Media & Entertainment",1268,1274,1263,1204
17186910612,Semper Tellus LLP,"Home, Garden & Living",1220,1208,1379,1205
66626020312,In Magna Incorporated,"Home, Garden & Living",1336,1334,1139,1206
34973148717,Montes Nascetur Ridiculus Ltd,"Lifestyle, Health & Recreation",1237,1235,1337,1207
93894215354,At Velit Cras Associates,"Lifestyle, Health & Recreation",1300,1300,1210,1208
63300242141,Lacus Varius Et Consulting,"Arts, Media & Entertainment",1457,1454,901,1209
21073645356,Egestas A Consulting,"Fashion, Jewelry & Personal Goods",1297,1295,1220,1210
66069111675,Elementum At Ltd,"Arts, Media & Entertainment",1329,1316,1168,1211
11173270682,Feugiat Tellus LLP,Technology & Professional Services,1409,1417,988,1212
91847992723,Sed Molestie Foundation,"Fashion, Jewelry & Personal Goods",1306,1314,1198,1213
49535617047,Rhoncus Ltd,"Arts, Media & Entertainment",1212,1222,1385,1214
33337260688,Suspendisse Ac Company,"Arts, Media & Entertainment",1145,1146,1528,1215
38591231051,Lectus Sit Inc.,"Arts, Media & Entertainment",1180,1166,1479,1216
77595119441,Donec Tempor PC,"Fashion, Jewelry & Personal Goods",1461,1465,902,1217
76968105359,Nec Limited,"Lifestyle, Health & Recreation",1193,1199,1437,1218
69123307057,Quisque Associates,"Arts, Media & Entertainment",1149,1154,1526,1219
75265429612,Consectetuer PC,"Fashion, Jewelry & Personal Goods",1263,1252,1318,1220
23540388582,Sociis Natoque Company,"Home, Garden & Living",1061,1066,1708,1221
82027679475,Dolor Associates,"Home, Garden & Living",1127,1127,1582,1222
88215945141,Semper Nam Tempor LLC,"Home, Garden & Living",1124,1114,1599,1223
10385250025,Id Ltd,Technology & Professional Services,1106,1112,1620,1224
53339073841,Facilisis Vitae Corporation,Technology & Professional Services,1101,1111,1626,1225
21232022824,Quis Massa Mauris Corporation,Technology & Professional Services,1208,1201,1439,1226
73204383732,Et Ultrices Inc.,"Fashion, Jewelry & Personal Goods",1229,1233,1387,1227
92075595936,Lacus Mauris Corp.,"Arts, Media & Entertainment",1137,1136,1579,1228
23026499747,Metus Aenean Inc.,"Fashion, Jewelry & Personal Goods",1150,1151,1560,1229
58895707108,Lobortis Risus LLP,"Lifestyle, Health & Recreation",1221,1234,1407,1230
55279811979,Natoque Penatibus Et Corporation,"Arts, Media & Entertainment",1244,1251,1370,1231
95488505807,Mauris Sit Amet Consulting,"Arts, Media & Entertainment",1171,1184,1517,1232
56829863713,Nascetur Ridiculus Corp.,Technology & Professional Services,1166,1170,1537,1233
81464461997,Suspendisse Eleifend Cras PC,"Arts, Media & Entertainment",1232,1249,1395,1234
96491286698,Commodo Auctor Velit Foundation,"Home, Garden & Living",1211,1197,1472,1235
24179472533,Est Congue Institute,"Lifestyle, Health & Recreation",1213,1216,1453,1236
60616659469,Tortor At Ltd,"Arts, Media & Entertainment",1191,1198,1493,1237
10255988167,Aliquam Enim Incorporated,Technology & Professional Services,1196,1211,1478,1238
29693559566,Sed Diam Associates,"Lifestyle, Health & Recreation",1359,1371,1165,1239
43006743995,Vestibulum Mauris Magna Institute,"Home, Garden & Living",1243,1242,1414,1240
84445217729,Eu Tellus Foundation,"Lifestyle, Health & Recreation",1046,1041,1812,1241
94206932226,Interdum Feugiat Ltd,Technology & Professional Services,1286,1289,1327,1242
59589609053,Adipiscing Non LLP,"Fashion, Jewelry & Personal Goods",1327,1328,1249,1243
14278929774,Etiam LLP,"Arts, Media & Entertainment",1100,1106,1699,1244
84048044848,Molestie Arcu Sed Corporation,"Home, Garden & Living",1109,1093,1712,1245
57253456204,A Malesuada Associates,"Lifestyle, Health & Recreation",1069,1068,1777,1246
41481009028,Laoreet Libero Inc.,Technology & Professional Services,1203,1218,1495,1247
76020856062,Nunc Pulvinar Arcu Corporation,"Lifestyle, Health & Recreation",1293,1308,1317,1248
48302663667,Eget Tincidunt LLP,"Home, Garden & Living",1269,1267,1383,1249
20939962818,Semper Cursus Institute,"Lifestyle, Health & Recreation",1259,1263,1399,1250
27109170541,Leo Vivamus Associates,"Lifestyle, Health & Recreation",1214,1209,1499,1251
74916784885,Cursus Purus Associates,"Home, Garden & Living",1181,1194,1549,1252
38672941140,Consequat Nec Mollis Institute,"Home, Garden & Living",1207,1207,1519,1253
55407818029,Imperdiet LLP,Technology & Professional Services,1278,1277,1381,1254
65907027247,Fringilla Porttitor Limited,"Fashion, Jewelry & Personal Goods",1087,1101,1749,1255
61213731974,Dis Parturient Montes Corporation,"Lifestyle, Health & Recreation",1218,1229,1492,1256
29550468444,Ligula PC,"Arts, Media & Entertainment",1183,1182,1575,1257
89518629617,Vulputate Velit Eu Limited,"Home, Garden & Living",1369,1376,1196,1258
29936037423,Sodales Incorporated,"Arts, Media & Entertainment",1331,1321,1291,1259
67874735704,Ultricies Adipiscing Enim Industries,"Home, Garden & Living",1433,1435,1083,1260
65022194603,Ultricies Ltd,"Home, Garden & Living",1135,1125,1693,1261
64278053738,Magna Malesuada Foundation,"Arts, Media & Entertainment",1197,1192,1565,1262
12771097467,At Pretium Corp.,"Lifestyle, Health & Recreation",1222,1205,1529,1263
93110588804,Aenean Sed Pede Company,"Fashion, Jewelry & Personal Goods",1305,1291,1361,1264
22474703869,Consectetuer Inc.,"Home, Garden & Living",1459,1458,1044,1265
85626017907,Commodo At Libero PC,"Fashion, Jewelry & Personal Goods",1426,1420,1115,1266
93439438419,Parturient Montes Inc.,"Fashion, Jewelry & Personal Goods",1242,1250,1471,1267
95274025676,Ipsum Cursus Vestibulum PC,"Arts, Media & Entertainment",1245,1243,1480,1268
56762458844,In Inc.,"Lifestyle, Health & Recreation",1133,1135,1700,1269
88630093420,Sem Ut Dolor Inc.,"Fashion, Jewelry & Personal Goods",1177,1187,1605,1270
59128133246,Ut Tincidunt Foundation,"Lifestyle, Health & Recreation",1169,1169,1636,1271
48421784228,Rutrum Foundation,Technology & Professional Services,1044,1044,1886,1272
19197006880,Libero At LLC,"Fashion, Jewelry & Personal Goods",1164,1153,1659,1273
72760991600,Libero Incorporated,"Fashion, Jewelry & Personal Goods",1319,1312,1347,1274
27639240514,Placerat Eget LLP,"Arts, Media & Entertainment",1337,1343,1300,1275
51479541036,Leo Cras Vehicula LLC,Technology & Professional Services,1322,1320,1339,1276
72758063852,Vestibulum Ante Ipsum Corporation,Technology & Professional Services,1154,1160,1673,1277
83000061755,Eros Industries,Technology & Professional Services,1729,1737,523,1278
90188095187,Egestas Inc.,"Fashion, Jewelry & Personal Goods",1374,1360,1260,1279
58596147982,Rutrum Lorem Inc.,Technology & Professional Services,1274,1265,1455,1280
39869100896,Vivamus Nisi Mauris Corp.,"Arts, Media & Entertainment",1260,1244,1490,1281
41331227038,Consectetuer Adipiscing Institute,"Fashion, Jewelry & Personal Goods",1464,1460,1073,1282
86621434137,Praesent Luctus LLC,"Fashion, Jewelry & Personal Goods",1998,1996,8,1283
64431686132,Aliquam Enim Ltd,"Lifestyle, Health & Recreation",1283,1270,1450,1284
50450845980,Malesuada Vel Limited,Technology & Professional Services,1174,1191,1641,1285
61991570212,A Ltd,"Home, Garden & Living",1231,1224,1553,1286
66464469789,Mauris Erat Associates,Technology & Professional Services,1262,1266,1481,1287
28339332365,Libero Mauris Limited,"Arts, Media & Entertainment",1204,1220,1586,1288
48248269920,Etiam Bibendum Fermentum Institute,"Arts, Media & Entertainment",1172,1164,1675,1289
92382466112,A Neque Nullam Corp.,"Lifestyle, Health & Recreation",1351,1358,1304,1290
30288006732,Sem Pellentesque Ut Incorporated,"Arts, Media & Entertainment",1241,1253,1520,1291
78949485914,Fermentum Metus Ltd,"Fashion, Jewelry & Personal Goods",1430,1428,1160,1292
76745031694,Tristique LLP,"Lifestyle, Health & Recreation",1189,1171,1664,1293
38194917037,Vel Nisl LLP,Technology & Professional Services,1363,1380,1282,1294
24683655751,Ipsum Suspendisse Foundation,"Lifestyle, Health & Recreation",1160,1161,1705,1295
11093673306,Ac Mi Corp.,"Fashion, Jewelry & Personal Goods",1217,1213,1598,1296
11961681734,Dui Cras Pellentesque Company,"Lifestyle, Health & Recreation",1178,1177,1674,1297
66835892718,Iaculis Nec Industries,Technology & Professional Services,1182,1174,1679,1298
79198689842,Donec Luctus Industries,"Lifestyle, Health & Recreation",1572,1573,894,1299
21615741041,Nulla Facilisi Sed LLP,"Fashion, Jewelry & Personal Goods",1168,1175,1703,1300
60123474601,Non Massa Non Institute,"Arts, Media & Entertainment",1384,1377,1286,1301
99786288465,Non Enim Commodo Industries,"Fashion, Jewelry & Personal Goods",1173,1188,1689,1302
27406636146,Feugiat Sed Inc.,"Arts, Media & Entertainment",1514,1513,1029,1303
55562579755,Enim Curabitur Massa Foundation,"Home, Garden & Living",1184,1172,1704,1304
41827752591,Fusce Aliquam Consulting,"Fashion, Jewelry & Personal Goods",1315,1313,1433,1305
90976587185,Risus Donec Corp.,"Arts, Media & Entertainment",1479,1464,1125,1306
58688453868,Pharetra Sed LLC,"Arts, Media & Entertainment",1320,1318,1430,1307
15115332331,In Consectetuer Ltd,"Home, Garden & Living",1378,1389,1305,1308
83329078822,Rutrum Incorporated,"Lifestyle, Health & Recreation",1253,1259,1561,1309
59067200778,Dolor Nulla Ltd,"Arts, Media & Entertainment",1188,1186,1701,1310
44653528319,Turpis Vitae Industries,"Arts, Media & Entertainment",1153,1145,1783,1311
93378757859,Sit Foundation,"Fashion, Jewelry & Personal Goods",1429,1422,1231,1312
56806164521,Tempor Augue Ac Foundation,"Fashion, Jewelry & Personal Goods",1370,1348,1369,1313
11802512399,At Egestas A Corp.,"Lifestyle, Health & Recreation",1261,1260,1574,1314
99672926179,Molestie Ltd,Technology & Professional Services,1468,1472,1159,1315
60150317439,In Institute,"Fashion, Jewelry & Personal Goods",1163,1165,1773,1316
77334889816,Massa Ltd,"Fashion, Jewelry & Personal Goods",1575,1552,975,1317
47484801038,Risus A Corporation,"Arts, Media & Entertainment",1273,1284,1546,1318
87630626808,Eget Industries,"Fashion, Jewelry & Personal Goods",1437,1433,1234,1319
33032934489,Adipiscing Elit Etiam Incorporated,"Home, Garden & Living",1393,1396,1315,1320
53132768930,Id Magna Industries,"Arts, Media & Entertainment",1323,1315,1466,1321
20269486864,Mi Eleifend Egestas Corp.,"Lifestyle, Health & Recreation",1415,1416,1279,1322
47879799074,Proin Incorporated,Technology & Professional Services,1324,1327,1461,1323
48534842833,Dictum Eu Inc.,"Fashion, Jewelry & Personal Goods",1279,1290,1544,1324
26599529197,Neque Company,"Arts, Media & Entertainment",1358,1346,1413,1325
70879262618,Donec Egestas Institute,"Arts, Media & Entertainment",1247,1256,1615,1326
27915232337,Orci Ut Sagittis PC,"Arts, Media & Entertainment",1277,1282,1564,1327
52544138714,Pede Sagittis LLP,"Lifestyle, Health & Recreation",1284,1271,1568,1328
78508476745,Sapien LLP,"Lifestyle, Health & Recreation",1368,1381,1384,1329
42368556376,At Iaculis Corp.,"Home, Garden & Living",1436,1438,1261,1330
76275088055,Vitae Risus Industries,"Lifestyle, Health & Recreation",1226,1217,1692,1331
55325186693,Aliquam Nisl Corporation,"Fashion, Jewelry & Personal Goods",1334,1335,1468,1332
50476338980,Vitae Odio Sagittis Associates,"Arts, Media & Entertainment",1202,1195,1742,1333
59659309503,Lacus Vestibulum Associates,Technology & Professional Services,1339,1349,1456,1334
18305506006,Mollis Lectus Consulting,"Fashion, Jewelry & Personal Goods",1228,1231,1685,1335
55348614885,Tortor Nunc LLC,"Arts, Media & Entertainment",1361,1366,1420,1336
10553813474,Commodo Hendrerit Donec Corporation,"Arts, Media & Entertainment",1275,1285,1594,1337
14809247463,Id Mollis PC,"Arts, Media & Entertainment",1403,1404,1354,1338
36307655284,Integer Id Incorporated,"Arts, Media & Entertainment",1308,1319,1534,1339
91772719127,Dictum Cursus Incorporated,"Arts, Media & Entertainment",1267,1276,1618,1340
35318110910,Tellus Lorem Incorporated,"Arts, Media & Entertainment",1290,1283,1592,1341
57223200264,Massa Suspendisse Corp.,"Arts, Media & Entertainment",1738,1757,671,1342
91212040913,Libero Est Ltd,"Arts, Media & Entertainment",1388,1385,1393,1343
55123279982,Luctus Lobortis Class Institute,Technology & Professional Services,1080,1081,2010,1344
17559476022,Id Incorporated,Technology & Professional Services,1249,1238,1686,1345
39112692726,Mus Proin LLC,"Lifestyle, Health & Recreation",1205,1203,1767,1346
54429225092,Ridiculus Mus Aenean LLP,"Fashion, Jewelry & Personal Goods",1192,1189,1794,1347
32749065279,Auctor LLC,"Arts, Media & Entertainment",1186,1183,1806,1348
65959377833,Lobortis Augue Ltd,"Fashion, Jewelry & Personal Goods",2085,2084,9,1349
67465447214,Adipiscing Mauris Molestie LLC,"Lifestyle, Health & Recreation",1264,1272,1648,1350
52129026374,Non Feugiat Nec Industries,"Fashion, Jewelry & Personal Goods",1254,1254,1678,1351
30801495844,Nunc Ullamcorper Company,"Lifestyle, Health & Recreation",1285,1280,1624,1352
41302588137,Magnis Dis Limited,"Arts, Media & Entertainment",1276,1279,1638,1353
10279061213,Pede Ultrices Industries,Technology & Professional Services,1340,1353,1501,1354
44659323510,Aliquam Ornare Institute,"Home, Garden & Living",1250,1257,1688,1355
18883136194,Velit Pellentesque Ultricies Foundation,"Home, Garden & Living",1246,1258,1695,1356
47148752699,Nunc Ut Erat Limited,Technology & Professional Services,1400,1402,1400,1357
78403451584,Duis A Institute,Technology & Professional Services,1399,1400,1405,1358
16980639748,Sodales Elit Erat LLC,Technology & Professional Services,1481,1492,1233,1359
62483383956,Nec PC,"Lifestyle, Health & Recreation",1227,1226,1753,1360
51043338345,A Malesuada Corporation,"Arts, Media & Entertainment",1446,1451,1313,1361
28748147493,Neque Institute,"Fashion, Jewelry & Personal Goods",1527,1524,1161,1362
37304535258,Tempus Non Institute,"Fashion, Jewelry & Personal Goods",1431,1449,1332,1363
21645141747,Ipsum Ltd,"Lifestyle, Health & Recreation",1257,1247,1710,1364
93077671049,Erat In Industries,"Lifestyle, Health & Recreation",1291,1292,1639,1365
88389375042,Dapibus Inc.,Technology & Professional Services,1822,1818,587,1366
32709729094,Odio Auctor Corp.,"Home, Garden & Living",1270,1264,1697,1367
70920423684,Erat Neque Inc.,"Arts, Media & Entertainment",1230,1225,1789,1368
20734004951,Enim Consequat Inc.,"Arts, Media & Entertainment",1148,1156,1943,1369
40590483301,Donec Tempus Corporation,"Arts, Media & Entertainment",1507,1499,1258,1370
53003062892,At Pretium PC,"Home, Garden & Living",1387,1372,1514,1371
55193751157,Rhoncus Proin PC,Technology & Professional Services,1367,1375,1536,1372
60539272146,Ipsum Cursus LLP,"Fashion, Jewelry & Personal Goods",1680,1678,923,1373
16174402479,Neque Sed Dictum Company,"Arts, Media & Entertainment",1239,1232,1814,1374
80837517456,Sed Pede Institute,"Fashion, Jewelry & Personal Goods",1452,1455,1380,1375
26539386750,Senectus Et Corp.,"Arts, Media & Entertainment",1256,1246,1788,1376
80953929257,Nunc Risus Consulting,"Home, Garden & Living",1511,1496,1290,1377
61675439608,Nulla At Sem Corp.,"Arts, Media & Entertainment",1620,1621,1074,1378
20740910820,Ultrices Posuere Cubilia Incorporated,"Home, Garden & Living",1601,1591,1124,1379
35144409275,Dictum Mi LLC,"Lifestyle, Health & Recreation",1418,1426,1476,1380
34095207240,Mauris Morbi Associates,"Fashion, Jewelry & Personal Goods",1394,1388,1542,1381
11563852275,Proin Vel Incorporated,"Home, Garden & Living",1467,1469,1390,1382
96505481738,Neque Et Ltd,"Arts, Media & Entertainment",1287,1287,1756,1383
37829861545,Cursus Vestibulum Mauris Foundation,"Lifestyle, Health & Recreation",1451,1447,1436,1384
36300724008,Ligula Aenean Associates,Technology & Professional Services,1419,1421,1497,1385
60602272553,Sagittis Duis Gravida Incorporated,"Lifestyle, Health & Recreation",1280,1269,1791,1386
22578135006,A Aliquet Ltd,"Home, Garden & Living",1356,1357,1628,1387
50894040234,Auctor Nunc Nulla Industries,"Fashion, Jewelry & Personal Goods",1255,1237,1853,1388
53415858879,Proin Foundation,Technology & Professional Services,1395,1395,1563,1389
45567605014,Vel Arcu Industries,"Lifestyle, Health & Recreation",1435,1434,1486,1390
49839448838,Enim Gravida Sit Incorporated,"Arts, Media & Entertainment",1602,1596,1158,1391
10192359162,Enim Condimentum PC,"Arts, Media & Entertainment",1296,1293,1770,1392
79143633916,Tellus Phasellus Elit Associates,"Fashion, Jewelry & Personal Goods",1573,1569,1219,1393
39434518372,Tempus Limited,"Lifestyle, Health & Recreation",1307,1317,1737,1394
11149063370,Et Arcu Limited,"Arts, Media & Entertainment",1518,1516,1331,1395
29505435279,Sed Dictum Ltd,"Fashion, Jewelry & Personal Goods",1636,1617,1117,1396
91455531890,Pede Nunc Sed Industries,"Fashion, Jewelry & Personal Goods",1364,1373,1635,1397
89048727914,At Augue Corporation,"Lifestyle, Health & Recreation",1292,1294,1787,1398
46372571372,Aliquet Vel Company,Technology & Professional Services,1224,1236,1913,1399
62735494616,Cras Lorem Lorem Limited,"Lifestyle, Health & Recreation",1195,1204,1974,1400
55555661470,Nullam Scelerisque LLC,"Fashion, Jewelry & Personal Goods",2182,2186,10,1401
18416401655,Pellentesque Incorporated,Technology & Professional Services,1225,1221,1932,1402
18313275661,Lectus Ante Incorporated,"Arts, Media & Entertainment",1251,1245,1883,1403
53560474586,Erat Inc.,"Arts, Media & Entertainment",1434,1436,1510,1404
69934752604,Fermentum Arcu Vestibulum Corp.,"Fashion, Jewelry & Personal Goods",1288,1275,1820,1405
84357911995,Nullam Vitae Inc.,"Fashion, Jewelry & Personal Goods",1316,1324,1744,1406
95733974200,Montes Ltd,Technology & Professional Services,1199,1202,1983,1407
79941801716,Malesuada Ltd,"Arts, Media & Entertainment",1471,1450,1465,1408
66206584458,Eros Proin Ultrices Ltd,"Lifestyle, Health & Recreation",1335,1329,1722,1409
81950463278,Vulputate Posuere Foundation,"Arts, Media & Entertainment",1348,1330,1711,1410
48196513465,Sagittis Augue Corporation,"Fashion, Jewelry & Personal Goods",1325,1322,1743,1411
72366568659,Ullamcorper Velit In Industries,"Home, Garden & Living",1406,1407,1578,1412
15135045968,Eu Dui Ltd,"Home, Garden & Living",1272,1268,1851,1413
74350755562,Nulla Facilisis Inc.,"Arts, Media & Entertainment",1448,1448,1496,1414
11791943985,Nulla Magna Incorporated,"Fashion, Jewelry & Personal Goods",1338,1341,1717,1415
72136613350,Rhoncus Proin Nisl Associates,Technology & Professional Services,1391,1401,1607,1416
43696313879,Imperdiet Ullamcorper Corp.,"Arts, Media & Entertainment",1493,1504,1403,1417
41237771126,Euismod Est Arcu PC,"Fashion, Jewelry & Personal Goods",1402,1393,1608,1418
38807802363,Ac Mattis Ltd,"Arts, Media & Entertainment",1589,1592,1225,1419
26358864089,Leo Elementum Sem LLC,Technology & Professional Services,1445,1439,1535,1420
36235884040,Curabitur Massa PC,Technology & Professional Services,1313,1323,1784,1421
19585107705,Amet Consectetuer Adipiscing Associates,"Lifestyle, Health & Recreation",1613,1600,1208,1422
55778594682,Auctor Nunc Consulting,"Arts, Media & Entertainment",1425,1419,1577,1423
96554417129,Odio A Industries,"Home, Garden & Living",1349,1350,1723,1424
30385986557,Nulla Eu Neque Limited,"Arts, Media & Entertainment",1605,1601,1218,1425
85490345732,Mauris Blandit Consulting,"Arts, Media & Entertainment",1352,1356,1726,1426
74719827885,Cubilia Curae Corp.,"Arts, Media & Entertainment",1377,1387,1671,1427
80621802588,Nonummy Consulting,Technology & Professional Services,1343,1354,1739,1428
49167531725,Felis Institute,"Arts, Media & Entertainment",1294,1303,1839,1429
85148942307,Scelerisque Incorporated,"Home, Garden & Living",1350,1361,1730,1430
54900312378,Non Ante Bibendum PC,Technology & Professional Services,1427,1430,1588,1431
81276848014,Malesuada Fames Consulting,"Home, Garden & Living",1295,1310,1840,1432
22811128657,Viverra Inc.,Technology & Professional Services,1515,1511,1421,1433
10955677986,Arcu Iaculis Corporation,"Fashion, Jewelry & Personal Goods",1311,1326,1818,1434
89297547843,Ut Aliquam Limited,"Lifestyle, Health & Recreation",1380,1368,1714,1435
82912636758,Eu Dolor Egestas LLC,"Lifestyle, Health & Recreation",1516,1531,1416,1436
56709391097,Aliquam Enim Foundation,"Arts, Media & Entertainment",1490,1510,1469,1437
37176176705,Eu Industries,"Arts, Media & Entertainment",1330,1336,1803,1438
73508037595,Felis Ullamcorper Associates,"Lifestyle, Health & Recreation",1606,1590,1274,1439
34558201737,Suspendisse Non LLC,"Arts, Media & Entertainment",1508,1503,1459,1440
46352584904,Vitae Aliquet Associates,"Arts, Media & Entertainment",1607,1603,1264,1441
21587176464,Dictum Eu LLP,"Lifestyle, Health & Recreation",1489,1498,1488,1442
76149814641,Id Sapien Ltd,Technology & Professional Services,1455,1466,1554,1443
90571530554,Lacus Ut Ltd,"Home, Garden & Living",1365,1345,1768,1444
40646162173,Mauris Inc.,"Arts, Media & Entertainment",1528,1529,1422,1445
23710434768,Adipiscing Institute,"Arts, Media & Entertainment",1540,1564,1376,1446
52689558435,Eget Nisi Dictum Consulting,"Home, Garden & Living",1333,1338,1809,1447
97785987616,Sodales Nisi Ltd,Technology & Professional Services,1561,1565,1356,1448
29156207537,Nunc Interdum Corporation,"Arts, Media & Entertainment",1491,1480,1515,1449
35813492759,Orci Institute,"Lifestyle, Health & Recreation",1304,1305,1878,1450
33607911449,Nulla Semper LLC,"Home, Garden & Living",1535,1528,1426,1451
28341499489,Malesuada Vel Ltd,"Arts, Media & Entertainment",1456,1453,1581,1452
78119440529,Pede Praesent Limited,Technology & Professional Services,1312,1309,1870,1453
74061266589,Dolor Donec Corporation,Technology & Professional Services,1672,1677,1144,1454
14040735315,Morbi Tristique Senectus Limited,"Arts, Media & Entertainment",1645,1653,1195,1455
48723861274,Metus Eu LLP,Technology & Professional Services,1554,1566,1374,1456
39685893174,Nec Eleifend Non Limited,"Arts, Media & Entertainment",1810,1821,864,1457
33344911835,Aliquam Arcu Ltd,"Home, Garden & Living",1381,1369,1747,1458
11422053652,Aptent Taciti Consulting,"Fashion, Jewelry & Personal Goods",1366,1379,1752,1459
29730124424,Egestas A LLP,"Lifestyle, Health & Recreation",1318,1333,1849,1460
40938677569,Elit Pretium Et Foundation,"Fashion, Jewelry & Personal Goods",1344,1342,1816,1461
20445424481,Amet Industries,"Arts, Media & Entertainment",1360,1367,1780,1462
82179892802,Lacus Mauris Limited,"Lifestyle, Health & Recreation",1299,1307,1903,1463
55132869928,Curae Institute,"Arts, Media & Entertainment",1501,1506,1504,1464
65150917863,Aliquam Iaculis Lacus LLC,"Lifestyle, Health & Recreation",1625,1622,1271,1465
74321541375,Id Institute,"Arts, Media & Entertainment",1416,1423,1682,1466
37327984417,Purus Duis Consulting,"Arts, Media & Entertainment",1321,1311,1890,1467
70580157002,Aliquet Libero Foundation,"Arts, Media & Entertainment",1596,1598,1329,1468
16178821827,Odio Tristique Institute,Technology & Professional Services,1423,1424,1676,1469
71982729179,Erat Eget LLC,"Fashion, Jewelry & Personal Goods",1328,1332,1863,1470
57540672941,Ante Vivamus Industries,"Lifestyle, Health & Recreation",1357,1347,1821,1471
34059083860,Tempor LLC,"Arts, Media & Entertainment",1376,1365,1785,1472
21532935983,Eleifend Nec Incorporated,"Arts, Media & Entertainment",1386,1378,1765,1473
70309831462,Proin Nisl Sem Company,"Lifestyle, Health & Recreation",1453,1457,1621,1474
54024111976,Elit Elit Associates,"Arts, Media & Entertainment",1624,1625,1284,1475
37621714049,Ut Sem Company,"Arts, Media & Entertainment",1289,1304,1949,1476
50138044308,Nullam Feugiat Placerat Industries,"Home, Garden & Living",1408,1408,1732,1477
89153112408,Sagittis Limited,Technology & Professional Services,1265,1278,2009,1478
75047095190,Condimentum Eget Limited,"Arts, Media & Entertainment",1552,1540,1463,1479
92437353435,Elit Fermentum Risus Incorporated,"Arts, Media & Entertainment",1460,1485,1611,1480
99473039626,Sed Diam Industries,"Fashion, Jewelry & Personal Goods",1492,1481,1585,1481
74220937512,Sodales Nisi Magna Institute,"Arts, Media & Entertainment",1525,1532,1508,1482
52827561456,Nec Urna Limited,"Arts, Media & Entertainment",1373,1382,1810,1483
75919025716,Rutrum Eu Ultrices Corp.,Technology & Professional Services,1317,1302,1947,1484
76519958668,Ut Incorporated,"Fashion, Jewelry & Personal Goods",1547,1533,1489,1485
12899341959,Consectetuer Euismod Inc.,"Lifestyle, Health & Recreation",1462,1475,1632,1486
47721432444,Ultrices Posuere Cubilia Foundation,"Fashion, Jewelry & Personal Goods",1389,1383,1799,1487
76158785234,Et Eros LLC,"Arts, Media & Entertainment",1422,1414,1736,1488
57093429717,Ac Turpis Associates,"Arts, Media & Entertainment",1472,1473,1631,1489
89933762267,Eget Venenatis Incorporated,"Fashion, Jewelry & Personal Goods",1407,1406,1764,1490
43725628716,Proin Velit Sed Limited,"Arts, Media & Entertainment",1345,1355,1879,1491
67244956961,Vehicula Industries,"Lifestyle, Health & Recreation",1497,1491,1597,1492
46007761675,Est Nunc Ullamcorper Institute,Technology & Professional Services,1382,1392,1815,1493
75419006735,Mollis LLC,"Arts, Media & Entertainment",1440,1444,1707,1494
55094723224,Nulla Facilisi Associates,Technology & Professional Services,1611,1620,1362,1495
24769745549,Ac Metus Corporation,"Fashion, Jewelry & Personal Goods",1371,1364,1859,1496
87853468402,Taciti Sociosqu Ad Limited,"Home, Garden & Living",1414,1410,1771,1497
60573599765,Arcu Limited,"Home, Garden & Living",1271,1281,2048,1498
61242800720,Turpis Inc.,"Arts, Media & Entertainment",1534,1526,1543,1499
18949610555,Metus In LLP,"Fashion, Jewelry & Personal Goods",1302,1298,2004,1500
41216931608,Nec Enim Institute,"Arts, Media & Entertainment",1520,1518,1572,1501
24264927934,Non Inc.,Technology & Professional Services,1480,1490,1647,1502
62403837535,Morbi Limited,"Arts, Media & Entertainment",1398,1391,1828,1503
62422038748,Tempus Scelerisque Lorem PC,Technology & Professional Services,1638,1631,1353,1504
77397924030,Lacinia Mattis Corporation,"Lifestyle, Health & Recreation",1342,1340,1942,1505
88642718732,Primis Corporation,"Arts, Media & Entertainment",1580,1572,1475,1506
23956501449,Eu Arcu Morbi Corporation,"Arts, Media & Entertainment",1585,1577,1470,1507
15795298692,Sollicitudin LLC,"Arts, Media & Entertainment",1657,1657,1319,1508
23942094477,Vivamus Industries,"Arts, Media & Entertainment",1691,1689,1255,1509
43061683632,A Facilisis PC,"Fashion, Jewelry & Personal Goods",1576,1580,1482,1510
69786030824,Non Quam Associates,"Arts, Media & Entertainment",1509,1527,1603,1511
69576401798,Arcu Curabitur Institute,Technology & Professional Services,1791,1797,1052,1512
34744764368,Odio Corporation,"Arts, Media & Entertainment",1410,1405,1825,1513
58729395250,Aliquam LLC,"Arts, Media & Entertainment",1383,1362,1898,1514
27110349542,Felis Nulla Tempor Institute,Technology & Professional Services,1523,1535,1587,1515
44771894352,Ante Vivamus Inc.,Technology & Professional Services,1542,1534,1570,1516
34920839316,Nunc Est LLP,"Fashion, Jewelry & Personal Goods",2104,2104,446,1517
15896837295,Quam Quis Foundation,"Arts, Media & Entertainment",1603,1609,1443,1518
59417171491,Ac Mi Eleifend Limited,Technology & Professional Services,1569,1570,1521,1519
44488833452,Aliquet Diam Inc.,"Lifestyle, Health & Recreation",1484,1478,1698,1520
63685007785,Augue Eu Tempor Associates,"Arts, Media & Entertainment",1999,1995,670,1521
85071946566,Est Mauris Associates,"Arts, Media & Entertainment",1610,1612,1442,1522
32566134208,Dapibus Rutrum Foundation,"Arts, Media & Entertainment",1715,1723,1229,1523
95279812400,Eu Dui Cum Ltd,"Home, Garden & Living",1650,1647,1372,1524
70814127470,Id Ante Nunc Ltd,Technology & Professional Services,1939,1941,790,1525
21614701484,Et Netus Et Corp.,"Arts, Media & Entertainment",1615,1616,1444,1526
97089682451,Mus Aenean Eget LLC,Technology & Professional Services,1332,1337,2006,1527
56341925306,Dolor Sit Company,"Arts, Media & Entertainment",1379,1374,1924,1528
17308640834,Et Rutrum Limited,"Fashion, Jewelry & Personal Goods",1469,1474,1735,1529
59335427001,Suspendisse Tristique Associates,"Lifestyle, Health & Recreation",1444,1442,1795,1530
47874406074,Et Malesuada Fames PC,"Lifestyle, Health & Recreation",1635,1645,1404,1531
12888399565,In Molestie Limited,"Lifestyle, Health & Recreation",1587,1597,1500,1532
98028977660,Aliquet Vel PC,Technology & Professional Services,1473,1482,1729,1533
89973342551,In Faucibus Corp.,"Lifestyle, Health & Recreation",1530,1536,1625,1534
64941032224,Tincidunt Aliquam Industries,Technology & Professional Services,1404,1411,1876,1535
32530636640,Hendrerit Foundation,"Home, Garden & Living",1390,1398,1904,1536
90625095939,Eu Eleifend LLC,Technology & Professional Services,1411,1418,1866,1537
56626211479,Dignissim Maecenas Ornare Associates,"Arts, Media & Entertainment",1494,1487,1716,1538
65925117805,Semper Erat In PC,"Home, Garden & Living",1477,1459,1761,1539
15625166573,Velit Quisque Industries,"Arts, Media & Entertainment",1424,1431,1843,1540
40996886558,Ut Pharetra Sed Limited,"Arts, Media & Entertainment",1539,1554,1612,1541
25971755977,Dui Cras Pellentesque Incorporated,"Arts, Media & Entertainment",1597,1604,1505,1542
72434058183,Ipsum Primis Corporation,"Arts, Media & Entertainment",1549,1544,1617,1543
38638753805,Volutpat Ltd,"Home, Garden & Living",1519,1523,1670,1544
22926973508,Ipsum Non Industries,Technology & Professional Services,1537,1522,1662,1545
81548651453,Mauris Blandit Limited,"Fashion, Jewelry & Personal Goods",2058,2055,610,1546
59288709135,Pede Suspendisse Institute,"Lifestyle, Health & Recreation",1571,1551,1606,1547
97434297484,A Enim Institute,"Lifestyle, Health & Recreation",1417,1427,1884,1548
84923186920,Penatibus Et LLC,Technology & Professional Services,1482,1488,1760,1549
53546629749,Integer Industries,Technology & Professional Services,1751,1761,1221,1550
27801334668,Eu Neque Foundation,"Arts, Media & Entertainment",1526,1543,1668,1551
17228439250,Erat Foundation,Technology & Professional Services,2365,2365,11,1552
49069349536,Sapien Nunc Inc.,Technology & Professional Services,1568,1582,1591,1553
97453536197,Aliquet Molestie Institute,"Arts, Media & Entertainment",1763,1776,1203,1554
74959624448,Ornare Facilisis Corporation,"Fashion, Jewelry & Personal Goods",1752,1744,1248,1555
65027706740,Sed Orci Lobortis Company,Technology & Professional Services,1777,1774,1194,1556
46308102995,Dictum Eleifend PC,"Lifestyle, Health & Recreation",1521,1500,1727,1557
16388802220,Iaculis Aliquet Institute,"Fashion, Jewelry & Personal Goods",1505,1495,1748,1558
32413511882,Morbi Vehicula Limited,"Lifestyle, Health & Recreation",1591,1608,1551,1559
35286003506,Velit Foundation,Technology & Professional Services,1652,1652,1447,1560
64423487782,A LLC,"Home, Garden & Living",1478,1461,1813,1561
26080015717,Auctor Odio Incorporated,Technology & Professional Services,1633,1632,1491,1562
13120157976,Sem Egestas Blandit Limited,"Fashion, Jewelry & Personal Goods",1421,1409,1926,1563
75244502629,Egestas Company,"Home, Garden & Living",1443,1443,1871,1564
46537010521,Tempor Augue Ac Company,"Fashion, Jewelry & Personal Goods",2371,2376,12,1565
22840936261,Eu Nulla Inc.,"Arts, Media & Entertainment",1486,1477,1798,1566
48220830699,Nec Diam Duis Corporation,"Arts, Media & Entertainment",1782,1775,1207,1567
56489374516,Aliquam Tincidunt Institute,"Lifestyle, Health & Recreation",1533,1539,1694,1568
96435855846,Id PC,Technology & Professional Services,1688,1685,1397,1569
79248381674,Tellus Non LLC,"Home, Garden & Living",1548,1545,1681,1570
55597122840,Cursus Nunc Mauris Ltd,"Home, Garden & Living",1843,1839,1094,1571
10901349044,Per Inceptos Company,"Fashion, Jewelry & Personal Goods",1447,1452,1877,1572
30429611528,Proin Sed Foundation,Technology & Professional Services,1578,1583,1623,1573
35679080538,Odio Etiam Limited,"Fashion, Jewelry & Personal Goods",1557,1561,1669,1574
67425187185,Nullam Limited,"Fashion, Jewelry & Personal Goods",1392,1394,2002,1575
45663905997,Lacus Mauris Associates,"Fashion, Jewelry & Personal Goods",1930,1929,931,1576
49318926537,Ut Nisi Associates,"Lifestyle, Health & Recreation",1709,1713,1371,1577
19127906616,Metus Corp.,"Arts, Media & Entertainment",1405,1397,1991,1578
81333423763,Molestie Dapibus Ligula Company,"Home, Garden & Living",1719,1717,1367,1579
24164521701,Libero Industries,"Arts, Media & Entertainment",1375,1386,2044,1580
24627889739,Et Euismod Et Limited,Technology & Professional Services,1593,1606,1610,1581
44313899037,Sem Pellentesque Industries,"Home, Garden & Living",1586,1575,1649,1582
79789227737,Ligula Elit Pretium Limited,"Lifestyle, Health & Recreation",1442,1437,1936,1583
42598866237,Ultrices Posuere LLC,"Arts, Media & Entertainment",1438,1440,1937,1584
28490495118,Mauris Eu Elit Associates,"Arts, Media & Entertainment",1579,1574,1667,1585
43162178066,Nascetur Ridiculus LLP,"Arts, Media & Entertainment",1466,1462,1893,1586
24598653065,Et Rutrum Foundation,"Arts, Media & Entertainment",1702,1696,1428,1587
67853562563,Non Nisi Foundation,Technology & Professional Services,1705,1705,1418,1588
36866208934,Tellus Corp.,Technology & Professional Services,1524,1517,1790,1589
35661290048,Eget Institute,"Arts, Media & Entertainment",1550,1541,1741,1590
70754621933,Sociis Natoque Ltd,Technology & Professional Services,1794,1792,1247,1591
47422313909,Morbi Quis Urna LLP,"Arts, Media & Entertainment",1562,1567,1713,1592
12380299397,Neque Morbi Foundation,"Arts, Media & Entertainment",1683,1680,1483,1593
86143428477,Donec Consectetuer Mauris Foundation,Technology & Professional Services,1663,1668,1518,1594
56723208962,Risus Donec Associates,"Fashion, Jewelry & Personal Goods",1750,1751,1351,1595
76899079409,Nec Diam PC,Technology & Professional Services,1644,1641,1576,1596
85528480784,Convallis Institute,"Fashion, Jewelry & Personal Goods",1698,1698,1467,1597
58881822825,Orci Luctus Et Industries,Technology & Professional Services,1487,1479,1897,1598
43188424684,Est Mollis Non Inc.,"Fashion, Jewelry & Personal Goods",1692,1688,1487,1599
80067991455,Magna Duis Inc.,"Arts, Media & Entertainment",1725,1718,1425,1600
93726438981,Justo Praesent Luctus Inc.,"Fashion, Jewelry & Personal Goods",1504,1497,1868,1601
38734016504,Nisi Magna Consulting,"Arts, Media & Entertainment",1517,1509,1844,1602
72724420494,Nunc Ullamcorper Corp.,"Arts, Media & Entertainment",1637,1638,1596,1603
50028551673,Vel Faucibus Institute,"Fashion, Jewelry & Personal Goods",1529,1546,1796,1604
73843758222,Sed Malesuada Augue LLC,"Lifestyle, Health & Recreation",1500,1501,1873,1605
20833247272,Tincidunt Pede Institute,Technology & Professional Services,1474,1470,1931,1606
30166624802,Feugiat Institute,"Fashion, Jewelry & Personal Goods",1541,1538,1800,1607
90612658132,Suspendisse Eleifend Cras Foundation,"Fashion, Jewelry & Personal Goods",1488,1486,1905,1608
29027010572,Ut Mi Associates,"Fashion, Jewelry & Personal Goods",1945,1943,995,1609
83051195337,Porttitor Eros Institute,"Arts, Media & Entertainment",1612,1626,1645,1610
96812798687,Nisl Nulla LLP,"Fashion, Jewelry & Personal Goods",1674,1682,1532,1611
72397853535,Convallis Ante Lectus Ltd,"Fashion, Jewelry & Personal Goods",1439,1432,2022,1612
56236492160,Arcu Ac Industries,Technology & Professional Services,1594,1587,1715,1613
67216839360,Sodales Elit Incorporated,Technology & Professional Services,1413,1425,2058,1614
44828910341,Ac Orci Ut Corporation,"Arts, Media & Entertainment",1465,1471,1966,1615
11895748930,Gravida Inc.,"Home, Garden & Living",1626,1630,1650,1616
33784872304,Augue Malesuada Corporation,Technology & Professional Services,1566,1563,1779,1617
96178360210,Mauris Ut Quam LLC,Technology & Professional Services,1506,1521,1881,1618
73310644622,Vestibulum Ante Consulting,"Arts, Media & Entertainment",1458,1456,1999,1619
77679081913,Nascetur Ridiculus Foundation,"Arts, Media & Entertainment",1558,1549,1811,1620
72286618594,Risus In LLP,Technology & Professional Services,1775,1781,1368,1621
71668072331,Sapien Gravida Foundation,"Lifestyle, Health & Recreation",1397,1390,2139,1622
78042516048,Est Ac Institute,"Fashion, Jewelry & Personal Goods",1830,1824,1277,1623
29524720064,Urna Justo Associates,Technology & Professional Services,1649,1649,1634,1624
77032515735,Congue Turpis Consulting,"Home, Garden & Living",1560,1576,1797,1625
90179131356,Lacus Mauris LLC,"Lifestyle, Health & Recreation",1485,1502,1952,1626
66678363248,Nulla Cras Eu Inc.,"Lifestyle, Health & Recreation",1551,1562,1835,1627
47218919992,Nonummy Ac Industries,"Fashion, Jewelry & Personal Goods",1454,1467,2027,1628
83077046675,Fusce Aliquam LLP,"Arts, Media & Entertainment",1503,1489,1958,1629
69078612783,Gravida Mauris LLP,"Lifestyle, Health & Recreation",1495,1512,1950,1630
34020997841,Molestie Tellus Foundation,"Fashion, Jewelry & Personal Goods",1543,1553,1862,1631
63789206880,Mauris Molestie Industries,"Lifestyle, Health & Recreation",1483,1484,1992,1632
22288600259,Ipsum Suspendisse LLP,"Arts, Media & Entertainment",1420,1412,2128,1633
19734745008,Etiam Imperdiet Corporation,"Fashion, Jewelry & Personal Goods",1815,1813,1338,1634
23490868997,Odio Auctor LLC,"Lifestyle, Health & Recreation",1955,1951,1061,1635
80753862231,Praesent LLC,"Lifestyle, Health & Recreation",1499,1508,1962,1636
61639583117,Tincidunt Nunc Institute,"Lifestyle, Health & Recreation",2480,2481,13,1637
28510201393,Quam Curabitur Corporation,"Lifestyle, Health & Recreation",1703,1707,1567,1638
80191930269,Dolor Quisque Tincidunt Foundation,Technology & Professional Services,1673,1671,1633,1639
58870269317,Vel Turpis Company,Technology & Professional Services,1747,1749,1485,1640
42500153308,Vestibulum Accumsan Corp.,"Arts, Media & Entertainment",1980,1973,1030,1641
25644665418,Cras Interdum LLC,"Arts, Media & Entertainment",1617,1613,1754,1642
54687916328,Ligula Nullam PC,"Lifestyle, Health & Recreation",1711,1709,1566,1643
95938358124,Donec Dignissim Magna Foundation,Technology & Professional Services,1866,1882,1239,1644
68550848674,Egestas Incorporated,Technology & Professional Services,1685,1695,1613,1645
15612785317,Congue Corporation,"Home, Garden & Living",1428,1413,2156,1646
46969224554,Accumsan Interdum Foundation,Technology & Professional Services,1614,1618,1766,1647
83271526845,Adipiscing Ligula Corp.,"Lifestyle, Health & Recreation",1590,1588,1826,1648
73096931114,Nulla Ante Iaculis Ltd,"Lifestyle, Health & Recreation",1619,1619,1772,1649
12513701055,Et Lacinia Industries,"Arts, Media & Entertainment",1463,1476,2071,1650
86130660254,Nam Interdum Enim Ltd,"Home, Garden & Living",1664,1660,1687,1651
82307164889,Mi Pede LLP,"Arts, Media & Entertainment",1513,1515,1987,1652
36747959917,Sed Facilisis Inc.,"Lifestyle, Health & Recreation",1839,1849,1333,1653
95499028329,Nonummy Ultricies Ltd,"Fashion, Jewelry & Personal Goods",1475,1463,2083,1654
19340071232,Magna Sed Associates,"Fashion, Jewelry & Personal Goods",2505,2504,14,1655
88717811993,Donec Tempus Foundation,"Fashion, Jewelry & Personal Goods",1628,1615,1781,1656
26062881399,Amet Risus Associates,"Home, Garden & Living",1588,1595,1841,1657
55307299248,Praesent Luctus Curabitur Industries,Technology & Professional Services,1706,1719,1600,1658
53300696557,Velit Cras Lorem Industries,"Arts, Media & Entertainment",1732,1728,1569,1659
64384611134,Eget Dictum Placerat Ltd,"Arts, Media & Entertainment",1665,1664,1702,1660
47630053533,Risus Odio Auctor Inc.,"Arts, Media & Entertainment",1618,1610,1804,1661
97738870301,Pellentesque LLC,"Fashion, Jewelry & Personal Goods",1783,1791,1462,1662
93168879476,Nunc Id Ltd,"Arts, Media & Entertainment",1556,1555,1925,1663
80121625734,Nunc Company,"Arts, Media & Entertainment",1621,1623,1793,1664
31456306765,Phasellus Ltd,"Lifestyle, Health & Recreation",1476,1483,2087,1665
68514534266,Semper Egestas Ltd,"Arts, Media & Entertainment",1536,1519,1993,1666
16676754730,Risus Donec Limited,"Arts, Media & Entertainment",1546,1557,1948,1667
13902377680,Mollis Nec Cursus LLP,Technology & Professional Services,1449,1446,2160,1668
29102388616,Sed Consequat Auctor Associates,"Home, Garden & Living",1531,1530,1995,1669
61481587663,Egestas Rhoncus Proin Inc.,"Home, Garden & Living",1629,1633,1801,1670
48214071373,Ridiculus LLC,"Lifestyle, Health & Recreation",1599,1605,1865,1671
97716113207,Quisque Ac Foundation,"Fashion, Jewelry & Personal Goods",1842,1833,1396,1672
85449177396,In Lorem Corp.,Technology & Professional Services,1538,1537,1996,1673
93712553837,Odio Tristique Pharetra Associates,"Fashion, Jewelry & Personal Goods",1496,1493,2084,1674
68112267199,Vel Convallis Corporation,"Home, Garden & Living",1498,1514,2065,1675
28935822912,Conubia Nostra Limited,"Fashion, Jewelry & Personal Goods",1717,1722,1640,1676
90290879666,Vulputate Dui Nec Company,"Home, Garden & Living",1667,1673,1740,1677
82081024598,Placerat Orci Associates,"Arts, Media & Entertainment",1755,1743,1583,1678
40561597210,Sed Nec Foundation,"Arts, Media & Entertainment",1598,1611,1874,1679
71467727041,Arcu Et Pede Industries,"Home, Garden & Living",1668,1675,1746,1680
31330885977,Dis Parturient Ltd,Technology & Professional Services,1608,1624,1858,1681
49482116099,Dignissim Ltd,"Lifestyle, Health & Recreation",1412,1415,2264,1682
85726387922,Vivamus Sit Associates,"Lifestyle, Health & Recreation",1545,1547,2000,1683
45648966421,Morbi Tristique Senectus Foundation,"Fashion, Jewelry & Personal Goods",1512,1505,2077,1684
23754348523,Vel Faucibus Id Company,"Home, Garden & Living",1894,1890,1311,1685
74024744735,Eu LLP,"Home, Garden & Living",1660,1661,1775,1686
38049816588,Commodo Tincidunt Limited,"Fashion, Jewelry & Personal Goods",1727,1721,1656,1687
70885562894,Erat Etiam Vestibulum Foundation,Technology & Professional Services,1661,1667,1776,1688
56191979620,Non Sollicitudin PC,Technology & Professional Services,1564,1571,1973,1689
50463196502,Lorem Ipsum Dolor Consulting,"Arts, Media & Entertainment",1522,1525,2064,1690
35071907475,A Auctor Non Institute,"Lifestyle, Health & Recreation",1700,1692,1720,1691
48734393022,Dis Parturient Institute,"Home, Garden & Living",1834,1845,1434,1692
66186109508,Sagittis Placerat LLP,"Arts, Media & Entertainment",1559,1556,2007,1693
70338831249,Semper Industries,"Fashion, Jewelry & Personal Goods",1532,1520,2073,1694
60646270419,Hendrerit Donec Porttitor Inc.,"Home, Garden & Living",2553,2558,15,1695
32934378210,Nibh Consulting,Technology & Professional Services,1583,1586,1957,1696
98545158925,Dictum Eleifend Industries,"Arts, Media & Entertainment",1850,1848,1431,1697
96420684134,Litora Torquent Associates,"Fashion, Jewelry & Personal Goods",1656,1636,1838,1698
69983142241,Tempus Scelerisque LLC,"Fashion, Jewelry & Personal Goods",1805,1803,1523,1699
30900210196,Sem Magna Nec Industries,"Fashion, Jewelry & Personal Goods",1897,1903,1342,1700
37097551567,Quis Pede Associates,"Lifestyle, Health & Recreation",1872,1879,1394,1701
50967757909,Eu Dui Cum Incorporated,"Arts, Media & Entertainment",1821,1830,1494,1702
44527459864,Felis Nulla Tempor Industries,"Arts, Media & Entertainment",1662,1648,1836,1703
73500416211,Posuere Vulputate Lacus Industries,Technology & Professional Services,1623,1628,1900,1704
97418230683,Consectetuer LLC,"Arts, Media & Entertainment",1768,1772,1616,1705
97069390689,Etiam Bibendum Fermentum PC,"Lifestyle, Health & Recreation",1510,1507,2147,1706
39260384047,Quis Pede Corporation,Technology & Professional Services,1639,1646,1885,1707
24302923489,Ipsum Corporation,"Arts, Media & Entertainment",1502,1494,2177,1708
88052624284,Lobortis Mauris Suspendisse Associates,"Lifestyle, Health & Recreation",1838,1838,1512,1709
19575005485,Nulla Integer Vulputate Institute,"Lifestyle, Health & Recreation",1723,1708,1759,1710
57984259689,Enim Non Inc.,Technology & Professional Services,1925,1932,1335,1711
68699143999,Tincidunt Neque Vitae Corporation,"Lifestyle, Health & Recreation",1721,1733,1738,1712
15549624934,Commodo Associates,"Lifestyle, Health & Recreation",1733,1740,1724,1713
87811059143,Rhoncus Id PC,"Fashion, Jewelry & Personal Goods",1677,1674,1846,1714
50600353536,Aenean Eget Incorporated,"Home, Garden & Living",1701,1697,1802,1715
63734543365,Odio Etiam Company,"Arts, Media & Entertainment",1728,1726,1750,1716
16242364669,In Nec Limited,"Lifestyle, Health & Recreation",1695,1703,1807,1717
80932809713,Non Leo Vivamus Incorporated,Technology & Professional Services,1570,1579,2056,1718
40305723628,Quis Turpis Industries,Technology & Professional Services,1577,1559,2072,1719
24378910810,Curabitur Ut Industries,"Lifestyle, Health & Recreation",1669,1681,1860,1720
40908151498,Diam Dictum Company,"Lifestyle, Health & Recreation",1833,1826,1552,1721
32812230887,Id Nunc Interdum Corporation,"Lifestyle, Health & Recreation",1634,1635,1944,1722
15937271532,Diam Proin Dolor Limited,Technology & Professional Services,1655,1643,1916,1723
13041890826,Sit Amet Ltd,"Arts, Media & Entertainment",1696,1686,1833,1724
42226247639,Elit Fermentum Inc.,"Lifestyle, Health & Recreation",1622,1627,1967,1725
58977869394,Diam Dictum Consulting,Technology & Professional Services,1647,1642,1929,1726
83891433615,Lacus Etiam Ltd,"Arts, Media & Entertainment",1553,1550,2115,1727
26077736972,Fermentum Convallis Incorporated,Technology & Professional Services,1646,1656,1917,1728
73225085327,Gravida Sit Industries,"Arts, Media & Entertainment",1595,1589,2035,1729
74309678848,Integer Vitae Nibh LLP,Technology & Professional Services,1582,1585,2054,1730
20642885273,Eu Limited,"Home, Garden & Living",1563,1560,2101,1731
37815517789,Odio PC,"Fashion, Jewelry & Personal Goods",1737,1730,1762,1732
14316652139,Sed Dolor Inc.,Technology & Professional Services,1641,1650,1940,1733
26942003693,Mauris Institute,"Arts, Media & Entertainment",1682,1683,1867,1734
82642449321,Ante Maecenas Corporation,Technology & Professional Services,1788,1789,1657,1735
10848766800,Ut Dolor Dapibus LLP,"Lifestyle, Health & Recreation",1817,1828,1590,1736
66983698186,Tristique Aliquet Phasellus Incorporated,"Arts, Media & Entertainment",1895,1897,1446,1737
20443361465,Semper Dui Foundation,"Home, Garden & Living",1676,1676,1895,1738
41108543298,Et Foundation,"Home, Garden & Living",1670,1665,1915,1739
46054596841,Dolor Sit PC,Technology & Professional Services,2615,2621,16,1740
35260204943,Sed Dolor Limited,"Arts, Media & Entertainment",1951,1954,1350,1741
63461436707,Felis Ullamcorper Viverra LLP,"Fashion, Jewelry & Personal Goods",1648,1644,1972,1742
57824995706,Nulla LLP,"Home, Garden & Living",1687,1687,1894,1743
22084888224,Parturient Montes LLC,Technology & Professional Services,1631,1629,2013,1744
23765687737,A Neque Incorporated,"Arts, Media & Entertainment",1886,1885,1506,1745
17291470169,Nullam Lobortis Limited,Technology & Professional Services,1816,1820,1642,1746
17611272180,Id Magna Limited,"Arts, Media & Entertainment",1785,1788,1706,1747
81861692234,Fringilla Industries,"Fashion, Jewelry & Personal Goods",1544,1542,2193,1748
35388105918,Orci Lobortis Limited,"Arts, Media & Entertainment",1693,1691,1896,1749
24848244496,Odio Phasellus Industries,"Home, Garden & Living",1592,1584,2107,1750
72399160347,Dui Cum Sociis LLP,Technology & Professional Services,1584,1593,2110,1751
73376110977,Fusce LLC,Technology & Professional Services,1735,1735,1824,1752
49549583265,Luctus Et Incorporated,"Home, Garden & Living",1632,1634,2030,1753
55092047467,Lectus Justo Incorporated,"Fashion, Jewelry & Personal Goods",1942,1938,1417,1754
85765359302,Vestibulum Lorem Sit Limited,"Arts, Media & Entertainment",1658,1658,1981,1755
90011689258,Nisi Institute,Technology & Professional Services,1574,1578,2149,1756
97862445979,Pretium Neque Corporation,"Arts, Media & Entertainment",1643,1637,2028,1757
24526454463,Penatibus Limited,"Fashion, Jewelry & Personal Goods",2650,2644,17,1758
84937597269,Enim Non LLC,Technology & Professional Services,1681,1694,1941,1759
98202651678,Enim Commodo Associates,"Fashion, Jewelry & Personal Goods",2044,2036,1238,1760
40038882257,Elit Pellentesque Ltd,"Home, Garden & Living",1881,1883,1555,1761
69233153226,A Purus LLC,Technology & Professional Services,1604,1599,2124,1762
31420388495,Nonummy Associates,"Home, Garden & Living",1790,1787,1751,1763
83045786081,Ac Turpis Egestas Associates,Technology & Professional Services,1965,1983,1382,1764
90404167929,Enim Suspendisse Aliquet Corp.,"Fashion, Jewelry & Personal Goods",1995,1984,1357,1765
48298955262,A Arcu Sed Company,"Lifestyle, Health & Recreation",1808,1800,1734,1766
57011992135,Nam Ac Ltd,Technology & Professional Services,1567,1558,2223,1767
21158149109,Mauris Ipsum Porta LLC,"Fashion, Jewelry & Personal Goods",2117,2096,1137,1768
95080143009,Tincidunt Tempus Risus Incorporated,Technology & Professional Services,1690,1684,1982,1769
66482985683,Nonummy Ac Foundation,Technology & Professional Services,1716,1715,1927,1770
63549963476,Proin Velit LLP,"Home, Garden & Living",1684,1666,2017,1771
19839532017,Pellentesque Habitant LLC,"Arts, Media & Entertainment",1686,1679,2005,1772
49152510995,Sit Ltd,"Lifestyle, Health & Recreation",1659,1663,2049,1773
42515892480,Quisque Purus LLC,"Lifestyle, Health & Recreation",1714,1700,1961,1774
28647642474,Convallis In Corporation,"Lifestyle, Health & Recreation",1848,1853,1677,1775
23915266871,Pellentesque PC,"Lifestyle, Health & Recreation",1712,1710,1959,1776
50913027463,Quis Corporation,"Home, Garden & Living",1779,1780,1831,1777
42191818419,Sit PC,"Lifestyle, Health & Recreation",1616,1602,2173,1778
20544804614,Malesuada Malesuada Corporation,"Home, Garden & Living",1745,1742,1906,1779
88878493736,At Fringilla Company,"Lifestyle, Health & Recreation",1756,1755,1891,1780
70651441723,Convallis In Consulting,"Lifestyle, Health & Recreation",1653,1651,2098,1781
21793603759,In Tincidunt Congue PC,"Arts, Media & Entertainment",1878,1877,1660,1782
57426521062,Nascetur Ridiculus Institute,"Lifestyle, Health & Recreation",1793,1796,1829,1783
34922750917,Magna Lorem Ipsum Inc.,"Lifestyle, Health & Recreation",1896,1894,1629,1784
76094539803,Rutrum Justo Corporation,"Arts, Media & Entertainment",2702,2702,18,1785
17614133590,Nec Enim LLP,"Arts, Media & Entertainment",1876,1865,1684,1786
18709053174,Massa Rutrum Industries,"Home, Garden & Living",1797,1806,1822,1787
76385491690,Sed Dui Fusce Inc.,"Home, Garden & Living",1609,1594,2226,1788
33437657911,Dui Foundation,"Fashion, Jewelry & Personal Goods",1889,1880,1661,1789
94827960324,Et Magna Praesent Ltd,"Lifestyle, Health & Recreation",1869,1866,1696,1790
27581734019,Magna Et Institute,"Home, Garden & Living",1800,1794,1837,1791
70217388552,Quis Diam Company,"Fashion, Jewelry & Personal Goods",1730,1731,1970,1792
66672864977,Tempus Inc.,Technology & Professional Services,1642,1654,2138,1793
86305947527,Cursus Integer Corporation,"Home, Garden & Living",1748,1758,1930,1794
43753915542,Integer Aliquam Associates,"Arts, Media & Entertainment",1581,1581,2280,1795
74084069481,Aenean LLP,"Arts, Media & Entertainment",1600,1607,2237,1796
10142254217,Arcu Ac Orci Corporation,"Arts, Media & Entertainment",1759,1753,1934,1797
10945019164,Nam Associates,"Arts, Media & Entertainment",1565,1568,2317,1798
85444000471,Phasellus Fermentum Limited,Technology & Professional Services,2254,2252,950,1799
67200153151,Tempus Mauris Erat Foundation,"Home, Garden & Living",1742,1738,1984,1800
73055550807,Nunc Interdum Incorporated,Technology & Professional Services,1811,1823,1834,1801
23335369654,Rhoncus Proin Foundation,Technology & Professional Services,1758,1754,1956,1802
92693781303,Sed Eu Institute,Technology & Professional Services,1766,1765,1938,1803
42876620841,Non Ltd,"Fashion, Jewelry & Personal Goods",1863,1875,1733,1804
83878213821,Convallis Convallis Dolor Limited,Technology & Professional Services,1874,1878,1721,1805
51458444343,Aenean Eget Inc.,"Fashion, Jewelry & Personal Goods",1651,1639,2185,1806
45362042297,Cursus Integer Foundation,"Fashion, Jewelry & Personal Goods",1694,1693,2100,1807
95834237054,Porttitor Tellus PC,"Home, Garden & Living",1928,1928,1637,1808
26793253394,In Ltd,"Fashion, Jewelry & Personal Goods",1780,1778,1935,1809
33087124172,Sapien Aenean Inc.,"Lifestyle, Health & Recreation",1937,1931,1627,1810
30169909013,Congue A Incorporated,"Arts, Media & Entertainment",1757,1760,1985,1811
96146457679,Sodales Corporation,"Arts, Media & Entertainment",1812,1807,1889,1812
60922283533,Feugiat Non PC,"Lifestyle, Health & Recreation",1627,1614,2269,1813
42878473215,Lobortis Inc.,"Fashion, Jewelry & Personal Goods",1640,1640,2232,1814
15582356843,Consectetuer Cursus Company,"Arts, Media & Entertainment",1666,1669,2179,1815
33296649772,Nullam Lobortis Ltd,"Fashion, Jewelry & Personal Goods",1935,1930,1654,1816
76369909295,Eget Metus Industries,"Lifestyle, Health & Recreation",1899,1906,1718,1817
47407563525,Aliquet Lobortis Nisi Corp.,Technology & Professional Services,1710,1714,2099,1818
62015733331,Arcu Vivamus Ltd,"Home, Garden & Living",1743,1745,2040,1819
34940973001,Sem Molestie Sodales Corporation,"Home, Garden & Living",1832,1836,1861,1820
76183421494,Orci Sem Incorporated,"Arts, Media & Entertainment",1827,1814,1888,1821
21350600012,Nullam Suscipit Est PC,"Fashion, Jewelry & Personal Goods",1977,1974,1584,1822
50423424106,Aliquam Adipiscing Institute,"Lifestyle, Health & Recreation",2062,2053,1423,1823
64960464534,Nibh Sit Amet Institute,"Arts, Media & Entertainment",1769,1773,1997,1824
23931302979,Suscipit Incorporated,"Fashion, Jewelry & Personal Goods",1764,1766,2011,1825
52388886012,Consectetuer Euismod Est PC,Technology & Professional Services,1938,1939,1666,1826
66522814831,Congue Turpis Limited,"Arts, Media & Entertainment",1879,1886,1782,1827
24701944105,Nulla Integer Vulputate PC,Technology & Professional Services,1802,1808,1939,1828
79070278461,Dapibus Id Inc.,"Fashion, Jewelry & Personal Goods",1918,1913,1719,1829
14081759429,Velit Pellentesque Associates,"Arts, Media & Entertainment",1707,1702,2143,1830
26045642664,In Scelerisque Corp.,"Arts, Media & Entertainment",1689,1701,2162,1831
41485392864,Donec Luctus Corp.,"Home, Garden & Living",1761,1771,2023,1832
17663034743,Semper Incorporated,"Arts, Media & Entertainment",1873,1881,1805,1833
55646417663,Nisi Cum LLC,"Arts, Media & Entertainment",1836,1862,1864,1834
41657963012,Lacus Quisque LLC,Technology & Professional Services,1992,1991,1580,1835
46017523620,Lorem Donec Elementum Corporation,"Lifestyle, Health & Recreation",1875,1871,1817,1836
67842910518,Tincidunt Corporation,Technology & Professional Services,1771,1770,2025,1837
23046605325,Adipiscing Ligula Foundation,"Arts, Media & Entertainment",1678,1690,2201,1838
66465228073,Ut Nisi Ltd,"Arts, Media & Entertainment",1765,1768,2037,1839
33068332703,Suspendisse Dui Fusce LLC,"Fashion, Jewelry & Personal Goods",2136,2129,1307,1840
45827935127,Lorem Auctor Quis Foundation,Technology & Professional Services,1739,1732,2103,1841
45339304653,Phasellus Libero Institute,"Arts, Media & Entertainment",1671,1662,2248,1842
63433167613,Penatibus Industries,"Arts, Media & Entertainment",1947,1955,1680,1843
74764807084,Amet Ornare Limited,"Fashion, Jewelry & Personal Goods",1772,1764,2051,1844
63549078265,Tempus Institute,"Arts, Media & Entertainment",1704,1699,2186,1845
78734418649,Nulla In Tincidunt LLP,Technology & Professional Services,1858,1860,1872,1846
12240378188,Ut Ipsum Corp.,"Fashion, Jewelry & Personal Goods",1819,1812,1960,1847
50378976033,Tellus Industries,"Fashion, Jewelry & Personal Goods",1734,1746,2119,1848
25737175575,Congue Elit LLC,"Arts, Media & Entertainment",2074,2081,1449,1849
10545955006,Lacus Vestibulum Inc.,"Home, Garden & Living",1679,1670,2261,1850
86201937910,Libero Et LLC,"Fashion, Jewelry & Personal Goods",2797,2795,19,1851
77313075219,Sed Sem Limited,"Arts, Media & Entertainment",1776,1769,2067,1852
49837617638,Adipiscing Elit Inc.,Technology & Professional Services,1749,1750,2114,1853
36413911362,Suspendisse Sed Institute,"Lifestyle, Health & Recreation",1720,1704,2189,1854
65735508037,Vestibulum Ante Ipsum LLP,"Home, Garden & Living",1798,1801,2015,1855
14145464079,Arcu Sed Inc.,"Arts, Media & Entertainment",1826,1834,1964,1856
58835628923,Torquent Per Ltd,"Arts, Media & Entertainment",1927,1920,1778,1857
70385277162,Varius Orci In LLC,"Arts, Media & Entertainment",1697,1711,2224,1858
47276015798,Donec Nibh Enim Foundation,"Fashion, Jewelry & Personal Goods",1718,1734,2181,1859
22147354496,Augue Ut LLP,"Arts, Media & Entertainment",1722,1724,2198,1860
73841664453,Lacinia At LLP,"Arts, Media & Entertainment",1801,1805,2039,1861
67692278478,Nullam LLP,"Home, Garden & Living",1814,1816,2018,1862
82428360644,Erat Institute,"Fashion, Jewelry & Personal Goods",1753,1748,2148,1863
66416089484,Lacinia Mattis Integer Associates,"Fashion, Jewelry & Personal Goods",1943,1953,1757,1864
37568109751,Mollis Incorporated,Technology & Professional Services,1840,1844,1971,1865
68483735536,At Velit Cras Foundation,"Arts, Media & Entertainment",1754,1759,2142,1866
62464569593,Est Ac LLC,"Arts, Media & Entertainment",2169,2165,1322,1867
36679017165,Iaculis Institute,"Arts, Media & Entertainment",1746,1729,2183,1868
54966031548,Donec Nibh Corporation,"Lifestyle, Health & Recreation",1908,1907,1847,1869
73674297591,Euismod Mauris Company,"Arts, Media & Entertainment",1847,1847,1968,1870
34516414355,Laoreet Institute,"Home, Garden & Living",1913,1908,1842,1871
67988680834,Dolor Vitae Foundation,Technology & Professional Services,1806,1804,2053,1872
67275686106,Eu Institute,"Lifestyle, Health & Recreation",1744,1741,2178,1873
76117653301,Porttitor Vulputate Posuere Consulting,Technology & Professional Services,1906,1905,1856,1874
73499119023,Nisi Dictum Company,"Fashion, Jewelry & Personal Goods",1773,1777,2120,1875
75900778714,Laoreet Posuere Foundation,"Home, Garden & Living",1831,1842,1998,1876
59331766724,Semper Auctor Mauris Corp.,"Arts, Media & Entertainment",1792,1790,2089,1877
11800043583,Morbi Vehicula Inc.,"Fashion, Jewelry & Personal Goods",1917,1911,1845,1878
87984437233,At Fringilla Associates,"Home, Garden & Living",1770,1782,2122,1879
28451419105,Rutrum Fusce LLC,"Arts, Media & Entertainment",1675,1672,2329,1880
73114530701,Vestibulum LLP,"Fashion, Jewelry & Personal Goods",2039,2040,1602,1881
63740885149,Nullam Lobortis Quam PC,"Arts, Media & Entertainment",2121,2114,1457,1882
83058563505,Mauris A Inc.,Technology & Professional Services,1807,1802,2090,1883
90909466474,Lacus Etiam LLC,"Fashion, Jewelry & Personal Goods",1784,1762,2157,1884
34455283435,Ac Fermentum Company,"Fashion, Jewelry & Personal Goods",2843,2842,20,1885
26001500989,Massa Suspendisse Inc.,"Arts, Media & Entertainment",1741,1747,2219,1886
28829519760,In Faucibus Orci LLC,"Fashion, Jewelry & Personal Goods",1736,1727,2244,1887
59468928008,Eu Corp.,"Arts, Media & Entertainment",1823,1815,2075,1888
85590755551,Cras Industries,"Fashion, Jewelry & Personal Goods",1708,1712,2293,1889
36291259608,Ac LLC,Technology & Professional Services,1871,1867,1976,1890
80104662510,Mus Aenean Eget Limited,"Home, Garden & Living",1726,1720,2272,1891
16423528990,Litora Torquent Corporation,"Lifestyle, Health & Recreation",2847,2853,21,1892
52529569808,Aliquam Erat Corp.,"Lifestyle, Health & Recreation",2032,2037,1658,1893
42590000698,Est Tempor Institute,Technology & Professional Services,1892,1900,1946,1894
51304261149,Donec Est Mauris Corp.,"Fashion, Jewelry & Personal Goods",1724,1725,2294,1895
49514806178,Hendrerit Id Ante Corp.,"Fashion, Jewelry & Personal Goods",2273,2261,1214,1896
16058191622,Parturient Incorporated,"Home, Garden & Living",1796,1795,2163,1897
72652670028,At Augue PC,"Arts, Media & Entertainment",1799,1785,2175,1898
31562649946,Est Arcu Ac Incorporated,Technology & Professional Services,1778,1793,2191,1899
26341565445,Ultrices Duis PC,"Lifestyle, Health & Recreation",1929,1926,1918,1900
25407570137,Quam Curabitur Consulting,"Lifestyle, Health & Recreation",1699,1706,2372,1901
11422618712,Praesent Luctus Inc.,Technology & Professional Services,2002,2003,1774,1902
46630037650,Nam Interdum Ltd,"Home, Garden & Living",1740,1739,2300,1903
28068880408,Felis Orci Company,"Fashion, Jewelry & Personal Goods",1795,1799,2192,1904
35787272183,Blandit LLC,"Arts, Media & Entertainment",1960,1960,1869,1905
71363265090,In Tincidunt Congue Company,Technology & Professional Services,1849,1851,2105,1906
62009586337,Aliquet Magna A Ltd,"Arts, Media & Entertainment",1787,1783,2236,1907
39841504967,Felis Adipiscing Fringilla Limited,"Lifestyle, Health & Recreation",1952,1947,1908,1908
14315147591,Vitae Orci Institute,Technology & Professional Services,1829,1831,2151,1909
36502394145,Et Ultrices Posuere Corp.,"Fashion, Jewelry & Personal Goods",2018,2006,1792,1910
26763947687,Congue In Corp.,Technology & Professional Services,1950,1948,1919,1911
35344855546,Quis Tristique Ac Inc.,"Fashion, Jewelry & Personal Goods",1914,1910,1994,1912
53655334735,Magna LLC,"Home, Garden & Living",1841,1822,2158,1913
88492245451,At Arcu LLC,"Lifestyle, Health & Recreation",1857,1861,2104,1914
83930795096,Elit Pede Industries,"Lifestyle, Health & Recreation",1820,1832,2171,1915
63214122543,Arcu Ac Orci Ltd,"Arts, Media & Entertainment",1789,1786,2252,1916
24131662787,Libero Est LLP,"Arts, Media & Entertainment",1902,1915,2014,1917
21702179125,At Auctor Ullamcorper Incorporated,"Fashion, Jewelry & Personal Goods",1959,1966,1907,1918
73416415122,Habitant Morbi Ltd,"Home, Garden & Living",1941,1952,1945,1919
80136098531,At Auctor LLC,"Fashion, Jewelry & Personal Goods",1760,1752,2327,1920
12983555508,Nibh Lacinia Foundation,"Fashion, Jewelry & Personal Goods",1846,1835,2159,1921
84228395458,Interdum Enim LLP,"Arts, Media & Entertainment",2050,2064,1731,1922
75289356942,Risus Odio LLP,Technology & Professional Services,2913,2914,22,1923
84674182559,Molestie Orci LLC,"Home, Garden & Living",2040,2052,1758,1924
94801884806,Turpis Aliquam Associates,Technology & Professional Services,1835,1843,2172,1925
71825376355,Donec Porttitor Incorporated,"Arts, Media & Entertainment",1713,1716,2423,1926
70106809650,Sollicitudin Industries,"Fashion, Jewelry & Personal Goods",1880,1850,2126,1927
51390118767,Ut Tincidunt Corporation,"Arts, Media & Entertainment",2921,2915,23,1928
55586008544,Eleifend Egestas Ltd,Technology & Professional Services,2016,2022,1823,1929
60876328805,Consequat Dolor PC,"Lifestyle, Health & Recreation",2091,2107,1665,1930
39700611505,Sollicitudin Inc.,"Fashion, Jewelry & Personal Goods",2108,2103,1653,1931
37358528402,Enim Mauris Inc.,Technology & Professional Services,1845,1837,2196,1932
83577754480,Donec Porttitor Foundation,Technology & Professional Services,1991,1994,1901,1933
16254418652,Urna LLP,"Fashion, Jewelry & Personal Goods",1825,1829,2233,1934
43828324372,Eu Nulla Corporation,Technology & Professional Services,1989,1990,1909,1935
15613631617,Ante Industries,"Lifestyle, Health & Recreation",2460,2478,960,1936
41197194464,Lacus Ut Associates,"Lifestyle, Health & Recreation",1940,1942,2024,1937
68319415555,Aliquam Incorporated,"Arts, Media & Entertainment",1915,1909,2082,1938
58741105428,Non Lobortis Corporation,Technology & Professional Services,2491,2486,935,1939
16765088338,Duis Elementum Corp.,"Arts, Media & Entertainment",1844,1827,2246,1940
80287080694,Vulputate Risus Ltd,"Lifestyle, Health & Recreation",1911,1919,2088,1941
79139132553,Nec Diam Limited,"Arts, Media & Entertainment",1781,1779,2362,1942
66601385949,Faucibus Leo In PC,"Arts, Media & Entertainment",2013,2001,1910,1943
58825694998,Mauris Id Ltd,"Home, Garden & Living",1828,1819,2278,1944
38598071783,Etiam Imperdiet Dictum LLC,"Arts, Media & Entertainment",1932,1936,2060,1945
59079680636,Velit Aliquam Foundation,"Arts, Media & Entertainment",2752,2753,431,1946
16377211887,Gravida Mauris PC,"Fashion, Jewelry & Personal Goods",2502,2498,939,1947
16993524298,Posuere Cubilia Curae LLP,"Lifestyle, Health & Recreation",2105,2109,1725,1948
64498959678,Nunc Sed PC,"Arts, Media & Entertainment",2083,2105,1755,1949
41643701801,Nostra Per LLP,Technology & Professional Services,1877,1870,2203,1950
52956509597,Molestie Consulting,"Arts, Media & Entertainment",2962,2965,24,1951
37505212069,Convallis In Cursus Limited,"Arts, Media & Entertainment",1996,2002,1954,1952
40996724992,Ut Cursus Foundation,Technology & Professional Services,2012,2020,1921,1953
69392492576,Nulla Dignissim Limited,Technology & Professional Services,1970,1982,2021,1954
21804816746,Nullam Ut Inc.,Technology & Professional Services,2070,2077,1827,1955
42735118354,Imperdiet LLC,Technology & Professional Services,1910,1914,2155,1956
13942467372,Amet Massa Corporation,"Home, Garden & Living",1865,1876,2238,1957
93561083066,Sed Eu Foundation,Technology & Professional Services,1966,1961,2055,1958
39198539067,Suspendisse Aliquet Associates,Technology & Professional Services,2100,2102,1786,1959
62363832078,Euismod Ac Corp.,"Home, Garden & Living",1813,1809,2373,1960
97283139514,Vitae Aliquam Eros Ltd,Technology & Professional Services,1972,1965,2059,1961
90415024734,Neque Tellus Imperdiet LLC,"Arts, Media & Entertainment",1931,1935,2130,1962
97638827169,Rutrum PC,Technology & Professional Services,2190,2198,1609,1963
71274812967,Lectus Company,"Arts, Media & Entertainment",2026,2012,1963,1964
46292420800,Aliquam Consulting,"Home, Garden & Living",1907,1899,2197,1965
48640772679,Dictum Cursus Consulting,Technology & Professional Services,1901,1888,2216,1966
11788487195,Id Magna LLP,"Arts, Media & Entertainment",1920,1922,2164,1967
25939878512,Elit Etiam Corp.,"Fashion, Jewelry & Personal Goods",1900,1901,2209,1968
47830349274,Enim Corp.,"Home, Garden & Living",2014,2021,1977,1969
68233865253,Dis Parturient Montes Industries,"Arts, Media & Entertainment",1923,1923,2167,1970
47313663897,Ante Ipsum Primis Inc.,"Fashion, Jewelry & Personal Goods",1854,1858,2302,1971
73528552702,Nec Urna Et Corp.,Technology & Professional Services,1944,1940,2136,1972
96946925998,Nisi Cum Corporation,"Arts, Media & Entertainment",1864,1869,2288,1973
52922961938,Pharetra Nam Ac Inc.,"Lifestyle, Health & Recreation",1786,1784,2453,1974
43065012749,Nibh Donec Est Inc.,"Arts, Media & Entertainment",2045,2050,1933,1975
65452312369,Mi Fringilla LLC,"Lifestyle, Health & Recreation",2023,2026,1979,1976
40559163709,Maecenas Iaculis Inc.,Technology & Professional Services,2200,2192,1643,1977
97598804219,Dolor Egestas Rhoncus Foundation,"Arts, Media & Entertainment",2209,2214,1614,1978
70329431753,Ornare Elit Elit Consulting,"Home, Garden & Living",1859,1852,2335,1979
22606727520,Laoreet Ipsum Industries,"Arts, Media & Entertainment",1898,1896,2253,1980
74444459322,Tincidunt Adipiscing Inc.,Technology & Professional Services,1985,1986,2078,1981
93932766844,Mauris Eu Institute,Technology & Professional Services,2009,2011,2031,1982
64297965205,Quisque Ac Libero LLP,"Arts, Media & Entertainment",1837,1841,2375,1983
25902222415,Eu Odio Inc.,"Arts, Media & Entertainment",1891,1898,2266,1984
50420515690,Curabitur Limited,"Home, Garden & Living",1731,1736,2588,1985
67979471799,Laoreet Ipsum Corp.,"Arts, Media & Entertainment",2313,2306,1438,1986
35578320747,Morbi PC,Technology & Professional Services,2020,2025,2016,1987
71868219093,Arcu Sed Et Inc.,Technology & Professional Services,1933,1934,2199,1988
54790190524,Ac Ltd,Technology & Professional Services,1893,1891,2284,1989
36800144612,Imperdiet Non Limited,"Arts, Media & Entertainment",1853,1857,2358,1990
37243721612,Convallis Inc.,"Fashion, Jewelry & Personal Goods",1884,1887,2299,1991
67212086728,Venenatis Lacus Etiam Corporation,"Arts, Media & Entertainment",1882,1874,2318,1992
56879961531,Per LLP,"Arts, Media & Entertainment",1912,1902,2263,1993
73804469952,Egestas Duis LLP,"Arts, Media & Entertainment",2248,2260,1573,1994
90459292204,Adipiscing Ligula Limited,"Home, Garden & Living",2141,2136,1808,1995
35079621278,Imperdiet Ullamcorper Industries,Technology & Professional Services,1969,1972,2144,1996
18146314043,Vel Consulting,"Lifestyle, Health & Recreation",1919,1917,2250,1997
40242962373,Vel Incorporated,"Lifestyle, Health & Recreation",1803,1798,2486,1998
99776743787,Non Luctus Sit Limited,"Arts, Media & Entertainment",3032,3036,25,1999
78963299452,Egestas Foundation,"Fashion, Jewelry & Personal Goods",1971,1970,2154,2000
84213521057,Semper Nam Corp.,"Arts, Media & Entertainment",1949,1944,2202,2001
82539239304,Vitae Ltd,"Lifestyle, Health & Recreation",2239,2229,1630,2002
55101569426,Suspendisse Ltd,Technology & Professional Services,1860,1873,2366,2003
86406618443,Tincidunt Pede Ac Associates,"Arts, Media & Entertainment",1885,1872,2345,2004
83887431107,Tristique Associates,"Lifestyle, Health & Recreation",1921,1927,2256,2005
42142667769,Laoreet Posuere Enim Inc.,Technology & Professional Services,1946,1945,2215,2006
31607615186,Fusce Mollis Duis Corp.,"Fashion, Jewelry & Personal Goods",1934,1921,2254,2007
13093581573,Dis Parturient Corporation,"Fashion, Jewelry & Personal Goods",2545,2542,1023,2008
74690260858,Malesuada Ut Incorporated,"Fashion, Jewelry & Personal Goods",2235,2221,1655,2009
96806981644,In Corporation,Technology & Professional Services,1967,1967,2180,2010
29680923658,Suscipit Nonummy Institute,"Fashion, Jewelry & Personal Goods",1856,1840,2425,2011
86885252971,Adipiscing Elit Associates,"Home, Garden & Living",2229,2210,1683,2012
40490618895,Nulla Vulputate Inc.,"Fashion, Jewelry & Personal Goods",1862,1855,2410,2013
60090918663,Blandit Congue Ltd,"Fashion, Jewelry & Personal Goods",1986,1989,2153,2014
37069107801,Pellentesque Tincidunt Ltd,"Lifestyle, Health & Recreation",1948,1956,2240,2015
35620324777,Porttitor Inc.,"Home, Garden & Living",2198,2202,1745,2016
67178153348,Lacus Etiam LLP,"Arts, Media & Entertainment",2250,2246,1651,2017
49460691968,Nisl Sem Associates,"Arts, Media & Entertainment",2107,2126,1914,2018
24102148742,Amet Metus Aliquam Industries,Technology & Professional Services,3060,3062,26,2019
61050921768,Mauris Rhoncus LLP,"Lifestyle, Health & Recreation",1809,1817,2527,2020
70033549200,Mus Proin LLP,"Home, Garden & Living",1852,1846,2457,2021
13447019122,Amet Risus Foundation,Technology & Professional Services,2030,2035,2093,2022
80499846916,Tempus Ltd,"Arts, Media & Entertainment",1922,1924,2312,2023
31245723081,Enim Commodo Inc.,"Fashion, Jewelry & Personal Goods",1904,1916,2339,2024
66941458060,Elementum Sem Vitae Corporation,"Arts, Media & Entertainment",1974,1977,2210,2025
74798553636,Scelerisque Industries,"Lifestyle, Health & Recreation",1979,1980,2205,2026
45875784130,Ultrices Posuere Cubilia Company,Technology & Professional Services,1887,1884,2393,2027
94833823558,Tempor Augue Industries,"Home, Garden & Living",1953,1949,2267,2028
62464051354,Rhoncus Id Institute,"Lifestyle, Health & Recreation",1818,1825,2529,2029
22335198868,Elementum Sem Limited,"Fashion, Jewelry & Personal Goods",2089,2098,1986,2030
88047242149,Quam Vel LLC,Technology & Professional Services,2068,2070,2047,2031
78187460332,Molestie Sed Limited,"Home, Garden & Living",1956,1950,2286,2032
23144747020,Nam Ac Corp.,"Lifestyle, Health & Recreation",1978,1978,2239,2033
19844927419,Natoque Penatibus Et LLC,"Fashion, Jewelry & Personal Goods",1883,1892,2429,2034
20510478676,Curabitur Sed LLC,"Fashion, Jewelry & Personal Goods",2054,2068,2085,2035
99987905597,Commodo Hendrerit LLC,"Lifestyle, Health & Recreation",1804,1811,2594,2036
75874457161,Aliquet Libero Industries,"Arts, Media & Entertainment",1961,1963,2295,2037
93167982218,Arcu Et Pede PC,"Arts, Media & Entertainment",2342,2361,1524,2038
59329605791,Donec Fringilla Associates,"Fashion, Jewelry & Personal Goods",1983,1964,2281,2039
25714080598,Mi Aliquam Incorporated,"Home, Garden & Living",1924,1925,2384,2040
82786382916,Eu Tempor Ltd,"Arts, Media & Entertainment",2167,2176,1899,2041
76482197253,Enim Nisl Elementum Corp.,"Arts, Media & Entertainment",2280,2278,1690,2042
69893361647,Egestas A Dui Corp.,"Fashion, Jewelry & Personal Goods",2547,2533,1171,2043
28517327395,Pede Blandit LLP,"Arts, Media & Entertainment",2500,2522,1242,2044
18306927906,Sed Tortor Limited,Technology & Professional Services,2015,2033,2222,2045
76070803743,Massa Corp.,"Fashion, Jewelry & Personal Goods",1888,1893,2494,2046
84391677958,Tortor Nunc Foundation,"Arts, Media & Entertainment",2082,2071,2123,2047
21755625204,Phasellus Corporation,"Arts, Media & Entertainment",3125,3125,27,2048
97382279968,Sed Pharetra Associates,"Arts, Media & Entertainment",2124,2112,2041,2049
69911676985,Vestibulum Ut Incorporated,"Lifestyle, Health & Recreation",2129,2131,2026,2050
87122475882,Lectus Sit Incorporated,Technology & Professional Services,1964,1968,2365,2051
76697587331,Interdum Enim Non Ltd,Technology & Professional Services,2038,2047,2220,2052
72167534195,Quisque Libero Corporation,"Lifestyle, Health & Recreation",1981,1976,2348,2053
33357097824,Sem Ut Incorporated,"Arts, Media & Entertainment",2171,2160,1975,2054
24993385051,Ac Foundation,"Arts, Media & Entertainment",2172,2173,1965,2055
83421534972,Enim Mauris Quis Incorporated,Technology & Professional Services,2305,2282,1728,2056
34984654037,A Ultricies Foundation,"Arts, Media & Entertainment",2099,2090,2127,2057
53496117655,Amet Consectetuer Company,Technology & Professional Services,2088,2099,2134,2058
17266923036,Volutpat Inc.,Technology & Professional Services,2056,2061,2212,2059
82388404800,Nec Leo LLP,"Lifestyle, Health & Recreation",1963,1962,2404,2060
18814588565,Dolor Inc.,Technology & Professional Services,2110,2110,2112,2061
32842076466,Pellentesque Inc.,"Home, Garden & Living",1936,1937,2460,2062
13663374533,Ac Mattis Limited,"Fashion, Jewelry & Personal Goods",1905,1918,2510,2063
94378706737,Eget Lacus Limited,"Fashion, Jewelry & Personal Goods",2049,2043,2255,2064
98057649908,Phasellus Libero Mauris Foundation,Technology & Professional Services,2130,2128,2092,2065
22705725824,Dignissim Lacus Incorporated,"Arts, Media & Entertainment",1975,1981,2399,2066
95508089614,Euismod Est Incorporated,"Arts, Media & Entertainment",2345,2339,1672,2067
73440621827,Vehicula Pellentesque Inc.,Technology & Professional Services,2053,2059,2249,2068
12426913844,Diam Proin Industries,"Arts, Media & Entertainment",2101,2093,2174,2069
31754766736,Hendrerit Id Ante LLC,"Arts, Media & Entertainment",2222,2226,1922,2070
93631003539,In Company,"Fashion, Jewelry & Personal Goods",2160,2167,2045,2071
33581972361,Ipsum Dolor PC,Technology & Professional Services,2069,2075,2231,2072
12161076724,Eu Ultrices Ltd,Technology & Professional Services,2150,2152,2074,2073
23661853559,Ipsum Dolor Corp.,"Lifestyle, Health & Recreation",1890,1889,2601,2074
83373791025,Venenatis Foundation,"Lifestyle, Health & Recreation",2017,2028,2338,2075
55179323922,Aliquet Phasellus Fermentum Associates,"Fashion, Jewelry & Personal Goods",2075,2074,2247,2076
78663389603,Nullam Scelerisque Neque Industries,"Lifestyle, Health & Recreation",2348,2341,1709,2077
79178157512,Mollis Duis Institute,"Fashion, Jewelry & Personal Goods",1987,1988,2430,2078
89023030428,Ac Eleifend Inc.,Technology & Professional Services,2102,2101,2208,2079
32772607667,Nunc Sed Institute,"Arts, Media & Entertainment",2144,2148,2121,2080
52989681376,Tempor Bibendum PC,"Arts, Media & Entertainment",2293,2296,1830,2081
38675657098,Amet LLP,"Fashion, Jewelry & Personal Goods",2271,2273,1880,2082
50467745297,Eleifend Nec Consulting,"Home, Garden & Living",2008,1999,2419,2083
46961494605,Gravida Associates,"Fashion, Jewelry & Personal Goods",2055,2056,2316,2084
33412969398,Mi LLC,"Lifestyle, Health & Recreation",1903,1904,2622,2085
40210282064,Est Inc.,"Lifestyle, Health & Recreation",1909,1895,2627,2086
69058858940,Blandit PC,"Arts, Media & Entertainment",2072,2079,2290,2087
59853422669,Tempus PC,"Fashion, Jewelry & Personal Goods",2043,2042,2357,2088
36874828466,Ut Quam Vel LLP,"Arts, Media & Entertainment",2103,2123,2217,2089
13917288638,Leo Vivamus Nibh Associates,"Arts, Media & Entertainment",2135,2149,2161,2090
14666015798,Elementum Dui Associates,"Arts, Media & Entertainment",2019,2009,2420,2091
83679168109,Quis Lectus Ltd,"Fashion, Jewelry & Personal Goods",1994,2005,2449,2092
96834893748,Quam A Felis Incorporated,Technology & Professional Services,2244,2245,1969,2093
20334248803,Facilisis Lorem Foundation,"Lifestyle, Health & Recreation",2212,2200,2046,2094
68092012436,Ante Associates,"Fashion, Jewelry & Personal Goods",2000,1997,2466,2095
75720304166,Mauris Aliquam Eu Ltd,"Arts, Media & Entertainment",2066,2063,2337,2096
63453073175,Cras Vehicula Aliquet Consulting,"Fashion, Jewelry & Personal Goods",1990,2000,2476,2097
88587718979,Arcu Vestibulum Institute,"Lifestyle, Health & Recreation",2275,2284,1912,2098
93429143824,Fames Ac Associates,"Home, Garden & Living",2191,2205,2079,2099
16002602393,Suscipit Est Ac Corporation,Technology & Professional Services,2290,2294,1892,2100
54273147353,Fames Ac Limited,"Arts, Media & Entertainment",2077,2072,2334,2101
51294980477,Vitae Aliquet Nec Corporation,Technology & Professional Services,2266,2268,1953,2102
84709480584,Erat Vivamus Inc.,"Arts, Media & Entertainment",2029,2024,2435,2103
59366832940,Est Ac Ltd,Technology & Professional Services,2006,2007,2479,2104
76618399784,At Lacus LLP,Technology & Professional Services,2106,2118,2270,2105
99410502449,Dignissim LLP,Technology & Professional Services,1958,1959,2579,2106
45432243315,Fringilla Euismod PC,"Lifestyle, Health & Recreation",2052,2044,2413,2107
29778062495,Scelerisque Neque Associates,"Fashion, Jewelry & Personal Goods",2093,2092,2326,2108
35225211178,Placerat Cras Foundation,"Home, Garden & Living",2048,2060,2406,2109
75178170066,Sit Amet Diam Corporation,Technology & Professional Services,2475,2480,1562,2110
25762836422,Quis Pede Institute,"Arts, Media & Entertainment",1926,1933,2658,2111
10023283211,Felis Limited,"Home, Garden & Living",2815,2818,885,2112
41489552788,Nonummy Ultricies LLC,"Home, Garden & Living",1962,1958,2602,2113
88141903797,Nec Cursus A Corporation,"Arts, Media & Entertainment",2332,2343,1848,2114
45940422862,Interdum Curabitur Institute,"Lifestyle, Health & Recreation",2112,2086,2325,2115
54988683231,Nibh Donec Ltd,"Fashion, Jewelry & Personal Goods",1968,1979,2578,2116
13086571368,Enim Diam Vel Industries,Technology & Professional Services,2240,2239,2050,2117
75242363611,Posuere Cubilia Incorporated,"Fashion, Jewelry & Personal Goods",2061,2069,2412,2118
65629452396,Interdum Curabitur LLP,"Fashion, Jewelry & Personal Goods",2199,2209,2141,2119
42392117775,Ultrices Iaculis Odio Incorporated,"Arts, Media & Entertainment",2354,2353,1850,2120
89596715410,Neque PC,"Arts, Media & Entertainment",2471,2471,1619,2121
68028409124,Tellus Nunc Lectus Associates,"Home, Garden & Living",2202,2193,2169,2122
66741987958,Aliquam Gravida Incorporated,Technology & Professional Services,2284,2281,2001,2123
70070001855,Nunc Sed Ltd,"Arts, Media & Entertainment",2127,2133,2311,2124
41686800806,Mus Aenean Consulting,"Arts, Media & Entertainment",2295,2297,1980,2125
56140067651,Nullam Ut Limited,"Arts, Media & Entertainment",2743,2751,1079,2126
82852293268,Nullam Inc.,"Arts, Media & Entertainment",2232,2225,2116,2127
81021509523,Mauris Industries,"Arts, Media & Entertainment",2355,2344,1875,2128
82079072750,Diam Eu Dolor Foundation,"Lifestyle, Health & Recreation",2059,2065,2450,2129
91426391836,Varius Limited,Technology & Professional Services,1976,1975,2626,2130
32803063236,Non Justo Proin Limited,"Arts, Media & Entertainment",2274,2283,2029,2131
34568005237,Non Bibendum Foundation,"Home, Garden & Living",2179,2183,2225,2132
62368259299,Et Rutrum Associates,"Lifestyle, Health & Recreation",2011,2017,2564,2133
39288194590,Tempor Bibendum Donec Corp.,Technology & Professional Services,2021,2019,2556,2134
29748559436,Nunc Ullamcorper Velit Limited,"Fashion, Jewelry & Personal Goods",2147,2159,2291,2135
91154394323,Quis Corp.,Technology & Professional Services,2226,2238,2135,2136
33846458525,Quisque Industries,"Home, Garden & Living",2060,2066,2473,2137
63408991537,Duis Cursus Inc.,Technology & Professional Services,2025,2027,2548,2138
13823979247,Egestas Limited,"Arts, Media & Entertainment",2119,2121,2361,2139
20797699905,Tincidunt Nunc Ac Ltd,"Lifestyle, Health & Recreation",2166,2154,2287,2140
23290056758,Sed Incorporated,Technology & Professional Services,1954,1946,2710,2141
70555899232,Nulla Dignissim Associates,Technology & Professional Services,2292,2291,2036,2142
97206517936,Ac Urna Limited,Technology & Professional Services,2146,2144,2330,2143
70268417986,Risus Donec Institute,"Home, Garden & Living",2097,2091,2432,2144
41563576600,Ut Quam Vel Corporation,"Arts, Media & Entertainment",1984,1971,2667,2145
27518736748,Enim LLP,"Arts, Media & Entertainment",3298,3298,28,2146
39218053314,Quam Company,"Home, Garden & Living",1870,1863,2891,2147
86451920285,Libero Integer In Inc.,Technology & Professional Services,1993,1993,2639,2148
63071746690,Mollis Vitae LLC,"Lifestyle, Health & Recreation",1851,1854,2921,2149
51080350356,Magna Phasellus Dolor Institute,"Fashion, Jewelry & Personal Goods",2143,2141,2343,2150
77292581216,Vitae Sodales LLP,Technology & Professional Services,2176,2174,2285,2151
73004400052,Erat Volutpat Institute,"Arts, Media & Entertainment",2170,2168,2297,2152
52034783403,Pede Praesent Corporation,"Arts, Media & Entertainment",2115,2115,2407,2153
19249968599,Nunc Pulvinar Industries,Technology & Professional Services,2317,2332,2003,2154
46087176984,Aliquet Proin LLP,Technology & Professional Services,2279,2280,2097,2155
71865847877,Ut Nec Urna LLP,"Home, Garden & Living",1997,1987,2672,2156
94631077822,Eu Augue Company,"Arts, Media & Entertainment",2255,2272,2131,2157
61060163427,Aliquam Nec Enim PC,"Home, Garden & Living",2064,2057,2537,2158
18904790666,Nunc Risus Corporation,"Home, Garden & Living",2298,2295,2070,2159
95692868757,Placerat Cras Ltd,Technology & Professional Services,2196,2212,2257,2160
58776930712,Semper Limited,"Fashion, Jewelry & Personal Goods",2037,2032,2597,2161
59140301134,Risus Donec Egestas Corporation,"Home, Garden & Living",2149,2137,2386,2162
15446964877,Pede Industries,"Fashion, Jewelry & Personal Goods",2120,2116,2442,2163
29782968433,Lectus Justo Eu Incorporated,"Lifestyle, Health & Recreation",2148,2151,2380,2164
87817449611,Vestibulum Associates,"Lifestyle, Health & Recreation",2381,2388,1911,2165
37442271968,Magna Tellus Faucibus LLP,"Fashion, Jewelry & Personal Goods",2087,2082,2512,2166
46471185478,Nunc Quis Limited,Technology & Professional Services,2264,2270,2150,2167
73252278568,Vivamus Non Lorem LLP,"Fashion, Jewelry & Personal Goods",2046,2031,2611,2168
24746574507,Commodo Auctor PC,"Arts, Media & Entertainment",2109,2111,2469,2169
56439821700,Ipsum Curabitur LLP,Technology & Professional Services,2407,2432,1852,2170
36002228596,Orci Consectetuer Corporation,"Arts, Media & Entertainment",2281,2279,2132,2171
86187992452,Amet Ltd,Technology & Professional Services,2007,2004,2686,2172
72064300998,Fringilla Ornare Corporation,Technology & Professional Services,2423,2421,1855,2173
50644203172,Ut LLC,"Arts, Media & Entertainment",2022,2016,2662,2174
97259357542,Feugiat Tellus Lorem Corporation,"Fashion, Jewelry & Personal Goods",2005,2015,2680,2175
28771494032,Non Lacinia Associates,"Lifestyle, Health & Recreation",2174,2164,2381,2176
15971734188,Magna Nec Quam LLP,"Home, Garden & Living",2080,2083,2561,2177
75775044618,Mauris Sit Amet Ltd,"Fashion, Jewelry & Personal Goods",2065,2073,2587,2178
21162389643,Sit Amet Associates,"Arts, Media & Entertainment",1973,1969,2783,2179
10739268011,Libero Proin Mi Incorporated,"Arts, Media & Entertainment",2291,2298,2137,2180
32262357239,Nam Porttitor Scelerisque Corporation,"Lifestyle, Health & Recreation",2215,2207,2305,2181
39656540901,Magna A Neque Limited,"Lifestyle, Health & Recreation",2316,2320,2094,2182
11243046390,Ornare Placerat Foundation,"Arts, Media & Entertainment",2333,2329,2069,2183
95037235405,Suspendisse Non Institute,Technology & Professional Services,2304,2309,2118,2184
95005191321,Augue Ac Ipsum Institute,"Arts, Media & Entertainment",2223,2228,2282,2185
94547309480,Lorem Ac Institute,"Lifestyle, Health & Recreation",2270,2265,2206,2186
69883578383,Diam PC,Technology & Professional Services,2152,2162,2428,2187
65415777658,Nulla Interdum Curabitur Institute,"Arts, Media & Entertainment",3355,3359,29,2188
17684250719,Ac Risus Associates,"Lifestyle, Health & Recreation",2031,2014,2698,2189
50050487900,Nec Urna Corporation,"Home, Garden & Living",2004,2010,2729,2190
78864123417,A Sollicitudin Orci Foundation,Technology & Professional Services,2738,2775,1237,2191
31334588839,Lacus Aliquam Corporation,"Fashion, Jewelry & Personal Goods",2096,2089,2565,2192
93765834526,Aliquet Metus LLC,"Arts, Media & Entertainment",2027,2029,2699,2193
90920473693,Aliquet Metus PC,"Arts, Media & Entertainment",2441,2445,1882,2194
82798125443,Donec Non Incorporated,"Lifestyle, Health & Recreation",1957,1957,2855,2195
80089686333,Tincidunt Nibh LLP,"Home, Garden & Living",2241,2231,2303,2196
41991231044,A Corporation,Technology & Professional Services,2094,2106,2575,2197
53829845678,Ac Eleifend Vitae LLP,"Fashion, Jewelry & Personal Goods",2662,2667,1448,2198
62981190818,Quis LLC,Technology & Professional Services,2214,2213,2351,2199
92731708815,Nunc Sed Consulting,"Lifestyle, Health & Recreation",2137,2135,2506,2200
15870230869,Ullamcorper Eu Euismod Corp.,"Arts, Media & Entertainment",2216,2211,2355,2201
96190048310,Penatibus Et Inc.,Technology & Professional Services,3377,3377,30,2202
55749740446,Sagittis Semper Nam Consulting,Technology & Professional Services,2225,2227,2333,2203
93292821052,Purus Sapien Gravida Associates,"Home, Garden & Living",2402,2398,1988,2204
78893833111,Mollis Non Corporation,"Home, Garden & Living",2302,2301,2187,2205
31969118588,Auctor Foundation,"Arts, Media & Entertainment",2162,2169,2461,2206
79301733106,Non Egestas Incorporated,"Arts, Media & Entertainment",2217,2204,2374,2207
10430380319,Sit Amet Nulla Corp.,"Lifestyle, Health & Recreation",2153,2153,2489,2208
74882079282,Mattis Ornare LLP,"Arts, Media & Entertainment",2336,2331,2140,2209
77071952077,Ac Industries,"Arts, Media & Entertainment",2193,2185,2431,2210
30822803386,Ut Inc.,"Arts, Media & Entertainment",2140,2138,2532,2211
86844861009,Luctus Sit Ltd,"Lifestyle, Health & Recreation",2090,2078,2644,2212
87622758183,Imperdiet Dictum Magna Limited,"Home, Garden & Living",2028,2018,2774,2213
29613837166,Id Risus Ltd,"Arts, Media & Entertainment",2123,2094,2604,2214
76290947803,Facilisis Non LLP,Technology & Professional Services,2194,2196,2434,2215
94269319521,Donec Nibh PC,"Home, Garden & Living",3398,3397,31,2216
54907027470,Euismod Corp.,Technology & Professional Services,2024,2023,2788,2217
43454001249,Quisque Purus Associates,Technology & Professional Services,2151,2158,2530,2218
42676690865,Luctus Lobortis Inc.,"Fashion, Jewelry & Personal Goods",2173,2179,2488,2219
10463252268,Id Mollis Corporation,"Arts, Media & Entertainment",2208,2217,2416,2220
94446707800,Cursus Corporation,Technology & Professional Services,2092,2097,2652,2221
78535319267,Et Inc.,"Fashion, Jewelry & Personal Goods",2057,2048,2739,2222
38367446372,Erat Vivamus Limited,"Arts, Media & Entertainment",2195,2194,2459,2223
29737773005,Tellus Imperdiet Industries,"Lifestyle, Health & Recreation",2035,2030,2786,2224
64638198267,Lectus Sit Corp.,Technology & Professional Services,1982,1992,2877,2225
73555246475,Lobortis PC,"Arts, Media & Entertainment",2310,2302,2241,2226
67520251416,At PC,Technology & Professional Services,2231,2230,2392,2227
51430012025,Aliquet Nec Inc.,"Home, Garden & Living",2125,2120,2609,2228
10930486968,Metus Vitae Velit LLP,"Fashion, Jewelry & Personal Goods",2132,2119,2605,2229
92482981458,Rutrum Non Hendrerit Consulting,Technology & Professional Services,2481,2475,1902,2230
93121740143,Sed Libero Proin PC,"Arts, Media & Entertainment",2204,2218,2436,2231
39542524740,Urna Ut Tincidunt Inc.,"Arts, Media & Entertainment",2213,2203,2446,2232
84160298882,Egestas A Scelerisque LLC,"Fashion, Jewelry & Personal Goods",2063,2058,2748,2233
61376261291,Fusce Diam Limited,"Home, Garden & Living",2042,2045,2784,2234
48625977738,Sit LLP,"Fashion, Jewelry & Personal Goods",2175,2188,2517,2235
35754571357,Ante Dictum Incorporated,Technology & Professional Services,2206,2206,2475,2236
37351880405,Venenatis Incorporated,Technology & Professional Services,2220,2222,2447,2237
16404532871,Et Malesuada Ltd,"Arts, Media & Entertainment",2159,2172,2559,2238
26413484487,Fusce PC,"Home, Garden & Living",2369,2356,2166,2239
58869593769,Magna Duis Dignissim Corp.,"Home, Garden & Living",3431,3430,32,2240
63830011067,Amet Lorem Consulting,"Fashion, Jewelry & Personal Goods",2370,2379,2145,2241
76351454594,Et Eros Proin Consulting,"Arts, Media & Entertainment",2318,2350,2228,2242
82736268897,Ligula Eu Inc.,"Fashion, Jewelry & Personal Goods",2613,2622,1663,2243
59190126409,Malesuada PC,"Home, Garden & Living",2165,2140,2593,2244
15998215727,Ut Lacus Nulla Ltd,Technology & Professional Services,2118,2117,2666,2245
98020727651,Turpis Egestas Corporation,Technology & Professional Services,2400,2391,2113,2246
99420575685,Facilisi Consulting,"Arts, Media & Entertainment",2181,2184,2539,2247
27274388856,Lectus Corporation,"Home, Garden & Living",2139,2143,2625,2248
49068909356,Euismod Est Inc.,Technology & Professional Services,2201,2201,2514,2249
27014190836,Arcu Industries,"Arts, Media & Entertainment",2576,2579,1763,2250
98508290651,Mauris Blandit Enim Corp.,"Fashion, Jewelry & Personal Goods",2047,2049,2822,2251
11024352823,Aliquet Metus Urna LLP,"Fashion, Jewelry & Personal Goods",2197,2170,2555,2252
94384861814,Sed Hendrerit A Limited,"Fashion, Jewelry & Personal Goods",2034,2039,2850,2253
25125950126,Etiam Bibendum Limited,"Lifestyle, Health & Recreation",2303,2307,2315,2254
80421506936,Scelerisque Mollis Consulting,"Arts, Media & Entertainment",2301,2305,2319,2255
89590900097,Velit Eget Industries,"Lifestyle, Health & Recreation",2205,2199,2521,2256
56779111060,Elit Curabitur Institute,"Arts, Media & Entertainment",2051,2046,2830,2257
17610103622,Per Conubia Corporation,"Home, Garden & Living",3448,3449,33,2258
31238575689,Ipsum Leo LLP,Technology & Professional Services,2245,2243,2443,2259
77259097820,Hymenaeos Mauris LLC,"Lifestyle, Health & Recreation",2033,2038,2865,2260
20781273791,Eu Tellus Phasellus PC,"Arts, Media & Entertainment",2431,2444,2062,2261
83781478969,Nisi Aenean Company,"Fashion, Jewelry & Personal Goods",2067,2051,2821,2262
48431515375,Non Hendrerit Id LLP,"Fashion, Jewelry & Personal Goods",2268,2258,2415,2263
86938703369,Ante Vivamus Corporation,"Lifestyle, Health & Recreation",2455,2455,2032,2264
72296826112,Vel Lectus Corporation,"Home, Garden & Living",1988,1985,2971,2265
79657127260,Consectetuer Ipsum Industries,"Arts, Media & Entertainment",2113,2124,2708,2266
41956465747,Pede Cras LLP,"Lifestyle, Health & Recreation",2230,2240,2477,2267
72164128552,Ipsum Dolor Sit Ltd,"Home, Garden & Living",3457,3460,34,2268
73266193202,Velit In Aliquet Inc.,"Lifestyle, Health & Recreation",2339,2312,2301,2269
81579058108,Urna Justo Foundation,"Arts, Media & Entertainment",2207,2208,2540,2270
42309113034,Nisi Incorporated,"Home, Garden & Living",2461,2462,2033,2271
58389062507,Nam Ltd,"Arts, Media & Entertainment",2374,2373,2211,2272
58825561585,Enim PC,"Fashion, Jewelry & Personal Goods",2384,2382,2194,2273
31263348006,Blandit Nam Nulla Associates,Technology & Professional Services,2251,2256,2455,2274
66818634899,In Scelerisque Inc.,"Home, Garden & Living",2003,2013,2946,2275
91178385997,Pede Nonummy Limited,"Arts, Media & Entertainment",2010,2008,2947,2276
74489671755,Lorem Ac Consulting,"Arts, Media & Entertainment",2358,2349,2259,2277
99554974333,Magna Sed PC,"Lifestyle, Health & Recreation",2111,2113,2744,2278
19946380099,Enim Gravida Ltd,"Fashion, Jewelry & Personal Goods",2462,2457,2052,2279
21616154893,Dapibus Rutrum Incorporated,"Lifestyle, Health & Recreation",3470,3468,35,2280
57937788884,In Felis Ltd,"Arts, Media & Entertainment",2458,2464,2057,2281
92908611937,Euismod Et Commodo Industries,"Home, Garden & Living",2269,2251,2463,2282
14878918457,Ultrices Limited,"Arts, Media & Entertainment",2186,2178,2621,2283
56463450814,Lacus Varius LLC,"Fashion, Jewelry & Personal Goods",2242,2249,2495,2284
13461552885,Dapibus Id Blandit Institute,Technology & Professional Services,2187,2187,2612,2285
10462560289,Ut Consulting,"Fashion, Jewelry & Personal Goods",2524,2512,1951,2286
26994239326,Morbi Associates,"Fashion, Jewelry & Personal Goods",2180,2175,2632,2287
63818670309,Auctor Corp.,"Fashion, Jewelry & Personal Goods",2185,2189,2619,2288
93741030320,Massa Suspendisse Foundation,"Arts, Media & Entertainment",2338,2335,2323,2289
77074922873,Egestas Ltd,"Fashion, Jewelry & Personal Goods",2098,2100,2799,2290
39759375662,Elit Aliquam Auctor PC,"Arts, Media & Entertainment",2036,2034,2928,2291
70529552669,Penatibus Et Limited,"Home, Garden & Living",2163,2155,2681,2292
65462135385,Vitae Velit LLC,Technology & Professional Services,2095,2095,2810,2293
28124275236,Vehicula Risus Institute,"Arts, Media & Entertainment",2329,2316,2356,2294
72647107998,Eu Sem Associates,"Lifestyle, Health & Recreation",2323,2319,2359,2295
15332026424,Metus Urna Convallis Ltd,"Lifestyle, Health & Recreation",2177,2180,2648,2296
13066244467,Ac Orci Industries,Technology & Professional Services,2253,2269,2484,2297
14443753481,Purus Ac Incorporated,"Home, Garden & Living",2156,2156,2695,2298
15422452671,Euismod Corporation,"Arts, Media & Entertainment",2078,2080,2853,2299
55641364241,Duis Volutpat PC,"Arts, Media & Entertainment",2133,2134,2745,2300
20803442676,Ante Nunc Corporation,"Arts, Media & Entertainment",2299,2299,2417,2301
29623808496,Iaculis Odio Nam Foundation,"Fashion, Jewelry & Personal Goods",3490,3490,36,2302
42672975886,Placerat Augue Incorporated,"Home, Garden & Living",2073,2054,2892,2303
56488744658,Imperdiet Ullamcorper LLC,"Lifestyle, Health & Recreation",3493,3493,37,2304
26895812037,Sem Ut Inc.,"Arts, Media & Entertainment",2189,2191,2647,2305
14626521979,Dictum Proin PC,"Arts, Media & Entertainment",3496,3495,38,2306
15457638036,Gravida Praesent LLP,Technology & Professional Services,2437,2440,2152,2307
90651237279,Dui Nec Incorporated,"Fashion, Jewelry & Personal Goods",2499,2523,2008,2308
13376463476,Sed Sem Egestas Institute,"Arts, Media & Entertainment",2261,2247,2523,2309
24952685426,Vulputate Posuere Industries,Technology & Professional Services,2331,2323,2387,2310
58408723909,Odio A Corporation,"Lifestyle, Health & Recreation",2277,2293,2478,2311
38721857169,Dictum Magna Inc.,"Fashion, Jewelry & Personal Goods",2278,2271,2500,2312
47100336491,Faucibus Orci Luctus Industries,"Arts, Media & Entertainment",2184,2182,2688,2313
11633090957,Cum Sociis Incorporated,"Home, Garden & Living",2410,2400,2251,2314
64208631487,Pharetra Nibh Aliquam Foundation,"Fashion, Jewelry & Personal Goods",2340,2346,2378,2315
29624063484,Morbi Sit Associates,"Arts, Media & Entertainment",2001,1998,3069,2316
32258116290,Id Foundation,"Home, Garden & Living",2523,2518,2034,2317
11981237946,Sed Molestie Sed Institute,"Arts, Media & Entertainment",2084,2087,2904,2318
53402274399,Lorem Ltd,"Home, Garden & Living",2519,2516,2043,2319
62924351636,Sem PC,Technology & Professional Services,2389,2410,2279,2320
77013874702,Pretium Neque Inc.,"Home, Garden & Living",2142,2130,2807,2321
30864611742,Nisl Sem Limited,"Fashion, Jewelry & Personal Goods",2233,2232,2615,2322
12395011633,Luctus Sit Corporation,"Fashion, Jewelry & Personal Goods",2289,2275,2533,2323
20836895545,Gravida Sit Amet Corporation,Technology & Professional Services,2391,2401,2308,2324
54071870652,Turpis In PC,Technology & Professional Services,2203,2224,2679,2325
63360290524,Nunc Mauris LLC,"Home, Garden & Living",2079,2067,2965,2326
54089653894,Leo PC,"Fashion, Jewelry & Personal Goods",2405,2395,2313,2327
35480690241,Felis Purus PC,"Home, Garden & Living",2367,2364,2383,2328
30403523748,Ac Feugiat LLC,Technology & Professional Services,2071,2088,2955,2329
48890662808,Facilisis Facilisis Magna Foundation,Technology & Professional Services,2259,2274,2590,2330
68631449246,Sem Incorporated,"Home, Garden & Living",2161,2163,2800,2331
69135584329,Sed Eu LLC,Technology & Professional Services,2584,2617,1928,2332
62029309613,Cras Sed Leo Foundation,Technology & Professional Services,2168,2171,2791,2333
76586641794,Augue Porttitor Industries,"Home, Garden & Living",2128,2132,2872,2334
81227400064,Et Corporation,"Home, Garden & Living",2116,2108,2911,2335
88999491954,Turpis Aliquam LLC,Technology & Professional Services,2429,2435,2275,2336
25499263184,Ac Mattis Institute,"Arts, Media & Entertainment",2257,2250,2634,2337
19455998870,Eget Metus Eu Institute,"Fashion, Jewelry & Personal Goods",2805,2826,1516,2338
60821630269,Malesuada Vel Venenatis Foundation,"Fashion, Jewelry & Personal Goods",2380,2390,2377,2339
71767386617,Nunc Mauris Sapien Consulting,"Fashion, Jewelry & Personal Goods",2236,2236,2677,2340
25035618251,Cursus Diam Associates,"Home, Garden & Living",2211,2215,2725,2341
78230317507,Dictum Cursus Nunc Industries,Technology & Professional Services,2377,2368,2408,2342
95042115737,Tortor At LLP,"Arts, Media & Entertainment",2350,2345,2462,2343
15965199256,Proin Nisl Sem Corp.,"Home, Garden & Living",2565,2573,2020,2344
71910092040,Convallis Erat LLC,"Fashion, Jewelry & Personal Goods",2312,2338,2509,2345
95613237079,At Pretium LLP,Technology & Professional Services,2479,2474,2207,2346
73221370757,Sed Turpis Corporation,"Lifestyle, Health & Recreation",2134,2139,2888,2347
99807059634,Justo Eu Arcu Foundation,"Arts, Media & Entertainment",2527,2527,2109,2348
83261038949,Suscipit Est Ac LLP,"Lifestyle, Health & Recreation",2306,2313,2550,2349
64652625932,Vulputate Lacus Cras Ltd,"Fashion, Jewelry & Personal Goods",2178,2177,2815,2350
33998551054,Eu Nibh Vulputate Incorporated,"Fashion, Jewelry & Personal Goods",2433,2429,2309,2351
55023001789,Fermentum Inc.,"Lifestyle, Health & Recreation",2368,2362,2445,2352
88718271716,Nunc Foundation,"Arts, Media & Entertainment",2320,2324,2536,2353
41171731175,Consectetuer Limited,Technology & Professional Services,2243,2244,2693,2354
46331355995,Duis Risus Corporation,"Home, Garden & Living",2155,2146,2879,2355
19757865821,Orci Phasellus Dapibus PC,"Lifestyle, Health & Recreation",2157,2161,2869,2356
86379949294,Porta Elit Foundation,"Lifestyle, Health & Recreation",2632,2635,1923,2357
10702078694,Fermentum Risus Foundation,"Fashion, Jewelry & Personal Goods",2287,2290,2617,2358
77909777861,Ac Mattis Velit LLP,Technology & Professional Services,2476,2461,2265,2359
78822658788,Mi Aliquam Ltd,"Home, Garden & Living",2548,2549,2106,2360
66760882355,Nonummy Ac Incorporated,"Arts, Media & Entertainment",2218,2223,2771,2361
93230533382,Sed Dictum Eleifend Ltd,Technology & Professional Services,3116,3119,979,2362
31092671220,Porttitor Eros Nec Ltd,"Arts, Media & Entertainment",2238,2237,2741,2363
88079931689,Velit Eu Sem Inc.,"Arts, Media & Entertainment",2276,2276,2665,2364
52310302169,Natoque Inc.,"Home, Garden & Living",2183,2190,2847,2365
62285108846,Dignissim Lacus Corporation,"Fashion, Jewelry & Personal Goods",2951,2944,1328,2366
98659140422,Eget Lacus Ltd,"Home, Garden & Living",2081,2085,3059,2367
67868675953,Nam Ac Foundation,"Arts, Media & Entertainment",2375,2370,2481,2368
93282747446,Sem Elit Limited,Technology & Professional Services,2126,2127,2977,2369
73823772191,At Lacus Quisque Limited,"Arts, Media & Entertainment",2256,2255,2724,2370
93263170091,Bibendum Donec Corp.,"Fashion, Jewelry & Personal Goods",2575,2574,2091,2371
33790986203,Sed Consequat Corporation,"Arts, Media & Entertainment",2409,2407,2424,2372
99378147610,A Neque Nullam PC,"Home, Garden & Living",2145,2147,2951,2373
77747303845,Curabitur Ut Odio Foundation,"Arts, Media & Entertainment",2618,2620,2012,2374
70258288982,Quam Pellentesque Incorporated,"Fashion, Jewelry & Personal Goods",2247,2241,2762,2375
77898879994,Sodales Mauris Limited,Technology & Professional Services,2703,2695,1854,2376
81471697088,Torquent Per Incorporated,"Fashion, Jewelry & Personal Goods",2309,2308,2635,2377
47773139983,Enim Inc.,"Lifestyle, Health & Recreation",2328,2321,2606,2378
96794593428,Nunc Id Enim Inc.,"Arts, Media & Entertainment",2272,2254,2733,2379
55844327847,Ipsum Ac Mi Associates,"Lifestyle, Health & Recreation",2314,2300,2650,2380
51001050159,Eleifend Egestas Corporation,"Arts, Media & Entertainment",2413,2402,2451,2381
54062916822,Lorem Eu Metus PC,"Arts, Media & Entertainment",2425,2441,2403,2382
97296257023,Vel Turpis Limited,"Arts, Media & Entertainment",2356,2352,2566,2383
40385667489,Quisque Ornare Industries,Technology & Professional Services,2114,2125,3036,2384
80389596712,Lacinia LLC,"Lifestyle, Health & Recreation",2227,2242,2814,2385
31686734877,Etiam Laoreet LLP,"Lifestyle, Health & Recreation",2483,2451,2350,2386
30275989942,Arcu Vivamus Sit Limited,"Fashion, Jewelry & Personal Goods",2307,2288,2691,2387
48758923477,Semper Dui LLC,"Lifestyle, Health & Recreation",2378,2378,2535,2388
82143547560,Aenean Ltd,"Home, Garden & Living",2076,2062,3154,2389
19848020292,Sed Nulla Ante Consulting,"Lifestyle, Health & Recreation",2252,2257,2787,2390
78105320756,Aliquet Odio LLP,"Fashion, Jewelry & Personal Goods",2234,2233,2829,2391
84448198573,Est Tempor Bibendum Industries,Technology & Professional Services,2532,2531,2234,2392
99018524323,Orci Consectetuer Associates,"Fashion, Jewelry & Personal Goods",3068,3060,1176,2393
40575200651,Sed Institute,"Fashion, Jewelry & Personal Goods",2608,2603,2102,2394
49784932478,A Facilisis Non Inc.,Technology & Professional Services,2493,2493,2328,2395
41847933261,Mollis Duis Industries,"Fashion, Jewelry & Personal Goods",2262,2267,2785,2396
30035541512,Gravida Aliquam Tincidunt Industries,"Arts, Media & Entertainment",2496,2472,2347,2397
93580972005,Mauris Eu Elit Corporation,"Arts, Media & Entertainment",2337,2310,2675,2398
17541067926,Tristique Institute,"Arts, Media & Entertainment",2510,2509,2304,2399
26974881830,Tellus Id Nunc Associates,"Arts, Media & Entertainment",2228,2220,2875,2400
68100435968,Turpis In Condimentum Corporation,"Arts, Media & Entertainment",2086,2076,3163,2401
40084144447,Arcu Nunc Industries,Technology & Professional Services,2138,2142,3046,2402
98527912956,Erat Eget Ipsum Company,"Fashion, Jewelry & Personal Goods",2210,2216,2903,2403
23398653749,Vivamus Molestie Associates,"Lifestyle, Health & Recreation",2529,2537,2268,2404
47441593515,Tempor PC,"Fashion, Jewelry & Personal Goods",2726,2724,1887,2405
24155164444,Elit LLC,"Lifestyle, Health & Recreation",2297,2303,2737,2406
65265226392,Et Commodo LLP,"Fashion, Jewelry & Personal Goods",2434,2411,2493,2407
51026003250,Sed Pharetra Felis LLP,"Fashion, Jewelry & Personal Goods",2267,2277,2794,2408
82524209016,Nisi A Incorporated,"Fashion, Jewelry & Personal Goods",2158,2166,3014,2409
98861981558,Nam LLC,"Lifestyle, Health & Recreation",3649,3651,39,2410
31552582037,Velit Inc.,Technology & Professional Services,2406,2413,2520,2411
56204411255,Mauris Vel Turpis Corporation,"Lifestyle, Health & Recreation",2539,2548,2260,2412
13473158710,Tempor Lorem Eget Incorporated,"Arts, Media & Entertainment",2335,2342,2671,2413
76072100561,Auctor Velit Ltd,"Lifestyle, Health & Recreation",2494,2502,2354,2414
38086864545,Fringilla Euismod Industries,"Lifestyle, Health & Recreation",2219,2195,2942,2415
61238934884,Arcu Vel PC,"Arts, Media & Entertainment",2164,2150,3042,2416
36139372130,Nec Mollis Vitae LLP,"Arts, Media & Entertainment",2188,2197,2975,2417
37759101222,Erat PC,Technology & Professional Services,2521,2517,2324,2418
54509096655,Ac LLP,"Arts, Media & Entertainment",2154,2157,3051,2419
21667858163,Cras Institute,"Lifestyle, Health & Recreation",2379,2393,2591,2420
34437937876,Tellus Imperdiet LLP,"Fashion, Jewelry & Personal Goods",2343,2351,2669,2421
33388024878,Semper Institute,"Fashion, Jewelry & Personal Goods",2393,2363,2608,2422
87459862096,Porttitor LLP,Technology & Professional Services,2246,2248,2870,2423
38721422513,Sem Pellentesque Incorporated,"Arts, Media & Entertainment",2330,2337,2703,2424
59614227972,Vitae Orci Phasellus LLP,"Home, Garden & Living",2478,2476,2418,2425
23617533061,Torquent Ltd,Technology & Professional Services,2696,2699,1978,2426
38664088375,Lacinia At Foundation,"Fashion, Jewelry & Personal Goods",2122,2145,3108,2427
71757256494,Pharetra Nibh Inc.,"Arts, Media & Entertainment",2497,2496,2385,2428
73752456534,Mus Limited,Technology & Professional Services,2559,2562,2258,2429
80525145658,Mi Ac PC,"Home, Garden & Living",2514,2514,2352,2430
87919999302,Consectetuer Rhoncus Associates,"Arts, Media & Entertainment",2373,2374,2636,2431
97593245639,Vestibulum Ante Foundation,"Arts, Media & Entertainment",2640,2665,2081,2432
64609388293,Vitae Erat Industries,"Fashion, Jewelry & Personal Goods",2445,2456,2487,2433
13136513766,Pede Nec Incorporated,"Arts, Media & Entertainment",2473,2495,2421,2434
62069676741,Nec Mauris Blandit Foundation,Technology & Professional Services,2587,2593,2218,2435
85813310401,Aliquet Nec Foundation,"Home, Garden & Living",2459,2453,2490,2436
97212769356,Tempor Foundation,"Arts, Media & Entertainment",2131,2122,3151,2437
85273542431,Vel Est Incorporated,Technology & Professional Services,2585,2591,2229,2438
69133284840,Libero Est Congue Incorporated,Technology & Professional Services,2609,2613,2184,2439
99845294286,Risus Nunc Ac Institute,"Arts, Media & Entertainment",2364,2381,2663,2440
93024682653,Pellentesque Industries,"Home, Garden & Living",2503,2519,2389,2441
33854504524,Felis Purus Limited,"Arts, Media & Entertainment",2422,2422,2569,2442
56030772622,Sem Vitae Corp.,Technology & Professional Services,2327,2334,2752,2443
71253802438,Quam PC,"Home, Garden & Living",2522,2530,2363,2444
81099631357,Ipsum Leo Limited,Technology & Professional Services,2300,2304,2811,2445
94609427687,Nunc Est Limited,"Fashion, Jewelry & Personal Goods",2566,2554,2296,2446
76818455401,Ullamcorper Nisl Foundation,"Arts, Media & Entertainment",2941,2939,1539,2447
43065448760,Curae Donec Foundation,Technology & Professional Services,2474,2467,2480,2448
66979924731,Quam Curabitur Foundation,"Lifestyle, Health & Recreation",2442,2431,2549,2449
37927728172,Eu Accumsan LLP,Technology & Professional Services,2482,2494,2448,2450
70214456178,Nullam Enim Sed Industries,"Arts, Media & Entertainment",2573,2575,2283,2451
61958699237,Lorem Ipsum Industries,"Home, Garden & Living",2487,2482,2467,2452
71649111610,At LLP,Technology & Professional Services,2444,2477,2518,2453
31867263249,Risus Donec Industries,"Fashion, Jewelry & Personal Goods",2353,2358,2728,2454
25628686447,Magna Lorem Institute,"Home, Garden & Living",2258,2264,2925,2455
15489539819,In Mi PC,"Lifestyle, Health & Recreation",3705,3704,40,2456
90568944804,Diam Eu Dolor LLC,"Home, Garden & Living",2366,2384,2700,2457
66340635807,Integer Mollis Integer Inc.,"Fashion, Jewelry & Personal Goods",2285,2286,2883,2458
79517819732,Elit Corp.,"Arts, Media & Entertainment",2414,2403,2641,2459
28836033916,Velit In Incorporated,Technology & Professional Services,2643,2647,2170,2460
64821359458,Luctus Curabitur Ltd,"Home, Garden & Living",3711,3711,41,2461
41424526968,Elit Consulting,"Fashion, Jewelry & Personal Goods",2960,2946,1557,2462
57083783235,Dignissim Magna A LLC,"Home, Garden & Living",2286,2292,2885,2463
49802393568,Non Enim Limited,"Lifestyle, Health & Recreation",2577,2569,2322,2464
58382415159,Auctor Odio Industries,"Arts, Media & Entertainment",3715,3715,42,2465
20847737557,Tempor LLP,Technology & Professional Services,2420,2406,2649,2466
54400686779,Etiam Imperdiet Ltd,"Arts, Media & Entertainment",2351,2357,2767,2467
64295673283,Molestie Dapibus Industries,"Arts, Media & Entertainment",2686,2697,2095,2468
21552853184,Senectus Et Netus Corporation,Technology & Professional Services,2395,2416,2668,2469
97952361004,Nulla In Institute,"Fashion, Jewelry & Personal Goods",2311,2325,2845,2470
80893432676,Tincidunt Nibh Incorporated,"Fashion, Jewelry & Personal Goods",2344,2314,2826,2471
82487226263,Id Magna Foundation,"Lifestyle, Health & Recreation",2449,2439,2598,2472
74959038046,Cras Company,"Arts, Media & Entertainment",2294,2287,2907,2473
84810238439,Auctor Mauris Company,"Arts, Media & Entertainment",2520,2526,2444,2474
29074473351,Nunc Nulla Corporation,"Home, Garden & Living",2621,2630,2245,2475
64185141673,Maecenas Corp.,"Arts, Media & Entertainment",2398,2394,2706,2476
99009287608,Nunc Risus LLP,Technology & Professional Services,2647,2639,2213,2477
92202115241,Fames Ac Turpis Limited,"Arts, Media & Entertainment",2288,2285,2926,2478
81692875319,Nullam Scelerisque Neque Foundation,Technology & Professional Services,2492,2484,2524,2479
78118727544,Cursus Et Inc.,"Fashion, Jewelry & Personal Goods",3729,3730,43,2480
79825619910,Dui Quis LLP,Technology & Professional Services,2249,2253,3002,2481
13159730941,Metus LLC,"Arts, Media & Entertainment",2265,2263,2979,2482
88771102187,Sed Foundation,"Fashion, Jewelry & Personal Goods",2192,2181,3134,2483
48854820141,Quam Dignissim Pharetra Foundation,"Fashion, Jewelry & Personal Goods",2511,2489,2511,2484
69073210783,Phasellus Associates,"Lifestyle, Health & Recreation",2427,2433,2654,2485
73836969394,Nunc Laoreet Lectus Industries,"Arts, Media & Entertainment",2359,2354,2802,2486
45426079849,A Company,"Lifestyle, Health & Recreation",3740,3739,44,2487
82636765812,Porttitor Eros Nec Consulting,"Home, Garden & Living",2787,2789,1955,2488
69184324876,Lorem Vitae Odio Industries,"Fashion, Jewelry & Personal Goods",1824,1810,3899,2489
95560742626,Urna Nec Institute,"Arts, Media & Entertainment",2221,2235,3078,2490
22792191490,Vulputate Nisi Limited,"Arts, Media & Entertainment",2564,2551,2426,2491
21204719156,Quis Diam Pellentesque Limited,"Arts, Media & Entertainment",2426,2419,2702,2492
57391651605,Dictum Mi Associates,"Lifestyle, Health & Recreation",2319,2327,2901,2493
91218779711,Risus Donec LLP,Technology & Professional Services,1916,1912,3720,2494
29922107583,Amet Ornare Inc.,"Arts, Media & Entertainment",3752,3752,45,2495
87982653381,Eu Sem Pellentesque PC,"Fashion, Jewelry & Personal Goods",2820,2809,1920,2496
12103450178,Tincidunt Tempus Incorporated,Technology & Professional Services,2709,2711,2129,2497
81790520013,Magna Praesent Interdum Incorporated,Technology & Professional Services,1855,1856,3841,2498
75602537182,Justo Faucibus PC,"Lifestyle, Health & Recreation",2765,2770,2019,2499
48817595168,Elit Pede Malesuada Industries,"Arts, Media & Entertainment",3754,3755,46,2500
79469416437,Vel Quam Industries,"Home, Garden & Living",2453,2447,2655,2501
44069268193,Sem Mollis LLP,Technology & Professional Services,2746,2737,2076,2502
42077919948,Nec Tempus Institute,"Arts, Media & Entertainment",3017,3008,1541,2503
31400548982,Non Egestas PC,"Arts, Media & Entertainment",2237,2234,3096,2504
44387175188,Dolor Vitae Industries,"Fashion, Jewelry & Personal Goods",2417,2397,2755,2505
35990744747,Massa Lobortis Incorporated,"Home, Garden & Living",2484,2492,2595,2506
32021853619,Commodo Institute,"Arts, Media & Entertainment",2660,2657,2262,2507
18737319630,Ut Industries,Technology & Professional Services,2263,2262,3054,2508
38603393734,Amet Inc.,"Home, Garden & Living",2518,2520,2543,2509
91251207679,Mattis Incorporated,"Fashion, Jewelry & Personal Goods",2315,2318,2948,2510
32827360566,Et Commodo At Incorporated,"Fashion, Jewelry & Personal Goods",2501,2505,2577,2511
85990355197,Non Justo Proin LLP,"Arts, Media & Entertainment",2411,2420,2760,2512
28324185214,Ultricies Ornare LLP,"Arts, Media & Entertainment",2404,2409,2778,2513
13272374672,Leo In Incorporated,"Arts, Media & Entertainment",2416,2423,2753,2514
10995883576,Non Feugiat Incorporated,"Fashion, Jewelry & Personal Goods",2362,2369,2861,2515
54331336835,Aliquet Metus Ltd,"Fashion, Jewelry & Personal Goods",2283,2289,3021,2516
94110063346,Magna Praesent Interdum Industries,"Arts, Media & Entertainment",3775,3775,47,2517
41445137000,Praesent Eu Corp.,"Home, Garden & Living",3778,3777,48,2518
18120123446,Morbi Sit Corporation,"Fashion, Jewelry & Personal Goods",2542,2508,2553,2519
43426057710,Eleifend Vitae Inc.,Technology & Professional Services,2616,2618,2371,2520
93981536412,Pharetra Quisque Ac LLC,Technology & Professional Services,2598,2598,2409,2521
92834298371,Id Ante Dictum Limited,"Fashion, Jewelry & Personal Goods",2376,2377,2859,2522
65161304947,Malesuada Inc.,"Lifestyle, Health & Recreation",2457,2469,2687,2523
86340649164,Est Corp.,"Lifestyle, Health & Recreation",2556,2565,2496,2524
53074973777,Mus Donec Corporation,"Fashion, Jewelry & Personal Goods",2347,2360,2910,2525
51890035872,Nulla In Tincidunt Ltd,"Fashion, Jewelry & Personal Goods",2447,2452,2720,2526
11304124014,Nostra Per Inceptos Ltd,"Fashion, Jewelry & Personal Goods",2346,2333,2940,2527
23078969912,Augue Id Ante Consulting,"Home, Garden & Living",3786,3786,49,2528
63470567616,Risus Nunc Ac Corporation,"Home, Garden & Living",2715,2717,2190,2529
41188281214,At Augue Inc.,"Arts, Media & Entertainment",2489,2488,2646,2530
45577247100,Ante Consulting,"Fashion, Jewelry & Personal Goods",2516,2513,2600,2531
47119663770,Mauris Vel Incorporated,"Lifestyle, Health & Recreation",3791,3792,50,2532
98487769763,Morbi Accumsan Consulting,"Fashion, Jewelry & Personal Goods",2382,2371,2880,2533
53442247174,Sem Limited,"Fashion, Jewelry & Personal Goods",2451,2434,2751,2534
15527324674,Laoreet Libero LLC,"Arts, Media & Entertainment",3793,3793,51,2535
88218638184,Gravida Sagittis Corporation,"Arts, Media & Entertainment",2468,2473,2696,2536
79306976993,Congue Elit Industries,"Arts, Media & Entertainment",3796,3796,52,2537
19841142617,Elementum Sem LLP,"Fashion, Jewelry & Personal Goods",2631,2631,2382,2538
30689045280,Dolor Egestas Institute,"Fashion, Jewelry & Personal Goods",2687,2655,2306,2539
32727297124,Sed Industries,"Home, Garden & Living",2571,2577,2503,2540
70737217173,Elit Pharetra LLP,"Arts, Media & Entertainment",2472,2466,2714,2541
17175760321,Morbi Metus Vivamus Industries,"Arts, Media & Entertainment",3800,3800,53,2542
27132352768,Imperdiet Corporation,Technology & Professional Services,2363,2340,2959,2543
94951665897,Congue In Incorporated,"Arts, Media & Entertainment",2777,2777,2111,2544
88848010071,Mauris Limited,Technology & Professional Services,2801,2804,2061,2545
52684532353,Sed Hendrerit Corp.,"Home, Garden & Living",2638,2641,2388,2546
41566402880,Mus LLC,Technology & Professional Services,2544,2555,2571,2547
30299051123,Proin Eget Odio Institute,"Arts, Media & Entertainment",2357,2380,2935,2548
54751110960,Nec Malesuada LLP,"Home, Garden & Living",2583,2590,2502,2549
17701272704,Neque In LLC,"Arts, Media & Entertainment",3813,3812,54,2550
13290952071,Eget Foundation,"Lifestyle, Health & Recreation",2282,2266,3131,2551
68535898735,A Neque PC,"Lifestyle, Health & Recreation",3812,3813,55,2552
87070475031,Ac Arcu Nunc LLC,Technology & Professional Services,2665,2674,2341,2553
95935115082,Et Magnis Inc.,"Arts, Media & Entertainment",2648,2643,2390,2554
68103126714,Odio Ltd,"Home, Garden & Living",2341,2347,2994,2555
87711607508,Augue Malesuada Institute,Technology & Professional Services,2390,2366,2932,2556
46062822745,Ligula Donec Luctus LLP,"Fashion, Jewelry & Personal Goods",2561,2560,2568,2557
21986309398,Ut Dolor Consulting,"Fashion, Jewelry & Personal Goods",3817,3817,56,2558
74175386039,Accumsan Institute,"Home, Garden & Living",2731,2738,2221,2559
41027080823,Dolor Donec Ltd,"Home, Garden & Living",3818,3818,57,2560
25166307673,Metus Vivamus LLP,"Home, Garden & Living",3819,3819,58,2561
82317733329,Amet PC,"Lifestyle, Health & Recreation",2360,2355,2983,2562
35253328405,Mauris Eu Turpis Limited,"Lifestyle, Health & Recreation",2508,2499,2694,2563
22191978114,Nec Company,"Arts, Media & Entertainment",3024,3027,1652,2564
56597561444,Eget Volutpat Corp.,"Lifestyle, Health & Recreation",3823,3823,59,2565
40593734741,Duis Foundation,"Home, Garden & Living",2334,2311,3060,2566
68257308107,In Scelerisque Scelerisque PC,"Lifestyle, Health & Recreation",2588,2587,2531,2567
29780390141,Arcu Corporation,"Lifestyle, Health & Recreation",2388,2387,2936,2568
47524805326,Gravida Nunc Inc.,"Lifestyle, Health & Recreation",3215,3210,1287,2569
47740919232,In Scelerisque Company,"Home, Garden & Living",3827,3827,60,2570
35246778333,Vitae Velit Egestas Industries,"Arts, Media & Entertainment",2513,2510,2692,2571
30674020809,Phasellus Nulla Corp.,"Fashion, Jewelry & Personal Goods",2817,2819,2086,2572
28562620525,Aliquam Vulputate Ullamcorper Corp.,"Arts, Media & Entertainment",2401,2385,2937,2573
13297955415,Adipiscing Mauris Associates,"Home, Garden & Living",2349,2348,3029,2574
92532402483,Non LLC,"Lifestyle, Health & Recreation",2450,2430,2848,2575
99358609752,Egestas Nunc Consulting,"Fashion, Jewelry & Personal Goods",3835,3835,61,2576
12516851436,Mollis Corp.,"Fashion, Jewelry & Personal Goods",2408,2396,2929,2577
39961396807,Sed Dolor Fusce LLP,"Arts, Media & Entertainment",3836,3836,62,2578
54136363643,Mi Lorem Industries,Technology & Professional Services,2530,2546,2659,2579
35575706403,Tempus Mauris Ltd,"Fashion, Jewelry & Personal Goods",3837,3837,63,2580
76351957431,Libero Est Congue Ltd,"Fashion, Jewelry & Personal Goods",2533,2535,2674,2581
75475698329,Vulputate Ullamcorper Magna Ltd,Technology & Professional Services,2464,2487,2792,2582
96334476428,Sed Est Ltd,"Lifestyle, Health & Recreation",2603,2600,2541,2583
64040663159,Nec Metus LLP,"Arts, Media & Entertainment",2642,2637,2470,2584
88040874613,Dapibus Id Ltd,"Fashion, Jewelry & Personal Goods",3843,3843,64,2585
93880241546,Arcu Eu Odio LLC,Technology & Professional Services,2536,2538,2676,2586
59969380468,Non Corporation,"Arts, Media & Entertainment",2634,2646,2472,2587
45558962649,Luctus Industries,"Arts, Media & Entertainment",2397,2408,2952,2588
92201452594,Duis Mi Enim Foundation,"Fashion, Jewelry & Personal Goods",2432,2448,2878,2589
37470904997,Lorem Fringilla Industries,"Arts, Media & Entertainment",2386,2405,2968,2590
44539609516,Dolor Limited,"Arts, Media & Entertainment",2684,2688,2391,2591
76844649719,Donec Est Nunc Corp.,"Home, Garden & Living",2394,2418,2953,2592
82882460979,Sem Molestie Foundation,Technology & Professional Services,2965,2969,1832,2593
28555022437,Gravida Sit Foundation,"Arts, Media & Entertainment",2697,2700,2369,2594
16500351705,Sociosqu Corporation,"Arts, Media & Entertainment",2612,2597,2560,2595
89618228232,Molestie Tortor Consulting,Technology & Professional Services,2528,2525,2716,2596
58866359477,Eget Mollis Lectus Inc.,"Home, Garden & Living",2574,2583,2614,2597
41877503091,Lacus Vestibulum Lorem PC,"Arts, Media & Entertainment",3854,3854,65,2598
73242832551,Gravida Mauris Ut Corporation,"Arts, Media & Entertainment",2392,2389,2993,2599
45105237896,Sociis Natoque Limited,"Arts, Media & Entertainment",2592,2599,2584,2600
76655671119,Erat LLC,"Fashion, Jewelry & Personal Goods",2591,2596,2589,2601
89073186125,Nec Tellus Corporation,Technology & Professional Services,2711,2720,2346,2602
82218291560,Vitae Mauris Sit PC,"Home, Garden & Living",2361,2367,3049,2603
36595568885,Euismod Est Arcu Inc.,"Arts, Media & Entertainment",3857,3857,66,2604
56490929085,Ipsum Nunc LLP,"Home, Garden & Living",2469,2458,2856,2605
17965654828,Vitae Posuere Ltd,Technology & Professional Services,2543,2552,2690,2606
45159852190,Turpis Egestas Aliquam Associates,"Arts, Media & Entertainment",2504,2506,2777,2607
18310531307,Nunc Corporation,"Fashion, Jewelry & Personal Goods",2535,2532,2721,2608
49811126264,Blandit Nam LLC,"Home, Garden & Living",2490,2500,2798,2609
37850439589,Mollis Vitae Associates,"Lifestyle, Health & Recreation",2325,2336,3130,2610
62940816804,Non Foundation,Technology & Professional Services,2790,2797,2214,2611
89687562876,Mattis Cras Eget Company,"Arts, Media & Entertainment",2322,2330,3149,2612
86907350198,Dolor Fusce Ltd,Technology & Professional Services,2579,2566,2660,2613
60641607697,Non Enim Foundation,"Arts, Media & Entertainment",2705,2708,2394,2614
91584444262,Etiam Gravida Limited,"Home, Garden & Living",3870,3871,67,2615
87178039859,Ac Corporation,"Fashion, Jewelry & Personal Goods",2622,2601,2585,2616
24830778398,Fames Ac Turpis Ltd,"Home, Garden & Living",2637,2653,2522,2617
68656010159,Suspendisse Limited,"Home, Garden & Living",3873,3873,68,2618
46389689213,Enim Diam Vel Foundation,"Home, Garden & Living",3874,3874,69,2619
89271971543,Duis Cursus PC,"Lifestyle, Health & Recreation",2383,2372,3062,2620
61941120453,Fringilla Mi Lacinia Incorporated,Technology & Professional Services,2691,2687,2440,2621
56259793520,Ligula Aliquam Inc.,"Fashion, Jewelry & Personal Goods",2581,2567,2670,2622
32943566946,Ante Ipsum LLC,"Home, Garden & Living",3877,3877,70,2623
96230979998,Leo Vivamus LLC,"Lifestyle, Health & Recreation",2372,2375,3081,2624
91404276865,Vivamus Nibh Corp.,"Home, Garden & Living",3879,3879,71,2625
82825632196,Arcu Vestibulum PC,"Home, Garden & Living",3881,3881,72,2626
93543412337,In Molestie Industries,"Home, Garden & Living",3882,3882,73,2627
32246751900,Massa Non LLC,"Home, Garden & Living",2628,2627,2582,2628
56766066037,Nam Corp.,Technology & Professional Services,2466,2468,2906,2629
51087215585,Vitae Velit Egestas Foundation,"Fashion, Jewelry & Personal Goods",2041,2041,3759,2630
85482742429,Mi Eleifend Egestas LLP,"Fashion, Jewelry & Personal Goods",2654,2661,2528,2631
67810757628,Ligula Donec Limited,"Arts, Media & Entertainment",2507,2501,2836,2632
40361137142,Porttitor Corp.,"Home, Garden & Living",3887,3887,74,2633
70118030493,Ut Tincidunt Ltd,"Home, Garden & Living",3888,3888,75,2634
81454203401,Nam Porttitor Scelerisque LLC,"Fashion, Jewelry & Personal Goods",2710,2705,2437,2635
88712190602,Aliquet Phasellus Fermentum Corporation,"Home, Garden & Living",3889,3889,76,2636
42657888176,Et Lacinia Company,"Home, Garden & Living",3890,3890,77,2637
81080057116,Phasellus Libero LLP,Technology & Professional Services,2308,2315,3234,2638
26259500279,Aliquet Vel Industries,"Arts, Media & Entertainment",2876,2886,2096,2639
66034737896,Luctus Ut LLC,"Fashion, Jewelry & Personal Goods",2554,2545,2759,2640
96644709080,Maecenas Libero Associates,"Home, Garden & Living",3891,3891,78,2641
93903889529,Vulputate Foundation,"Home, Garden & Living",2560,2561,2740,2642
57798993346,Malesuada LLC,"Home, Garden & Living",3892,3892,79,2643
62787106107,Posuere At Velit Incorporated,"Home, Garden & Living",3893,3893,80,2644
60963420870,In Felis LLP,Technology & Professional Services,2525,2539,2803,2645
33026294208,Convallis Est Industries,"Home, Garden & Living",2578,2586,2704,2646
60778762062,Ut Associates,"Home, Garden & Living",3894,3894,81,2647
50131473008,Urna PC,"Arts, Media & Entertainment",2352,2359,3159,2648
75683621690,Rutrum Magna LLC,"Arts, Media & Entertainment",2452,2437,2982,2649
13467303030,Duis LLP,"Home, Garden & Living",3895,3895,82,2650
49153780138,Ac Orci Ltd,"Arts, Media & Entertainment",2555,2563,2754,2651
43835684204,Interdum Feugiat Sed Consulting,"Arts, Media & Entertainment",2424,2417,3032,2652
90938232295,Lorem Sit Ltd,"Home, Garden & Living",3896,3896,83,2653
66236596240,Ut Ipsum Incorporated,"Home, Garden & Living",3897,3897,84,2654
45367256033,Nunc Ac Inc.,"Lifestyle, Health & Recreation",2549,2559,2770,2655
92007575783,Aliquam Nisl Corp.,"Home, Garden & Living",3898,3898,85,2656
33765505000,Ut Nulla Associates,"Home, Garden & Living",3899,3899,86,2657
26551094436,Convallis Foundation,"Arts, Media & Entertainment",2550,2556,2779,2658
33364563448,Lacinia Orci Incorporated,"Fashion, Jewelry & Personal Goods",3900,3900,87,2659
76414358676,Eget Volutpat LLP,"Arts, Media & Entertainment",2807,2805,2277,2660
93267734067,Curae Foundation,"Fashion, Jewelry & Personal Goods",3901,3901,88,2661
31416331470,Quis Turpis Corporation,"Fashion, Jewelry & Personal Goods",3902,3902,89,2662
30140204602,Neque Associates,Technology & Professional Services,2627,2636,2630,2663
11452293720,Sed Neque Sed Inc.,"Arts, Media & Entertainment",2477,2483,2933,2664
12208064492,Nullam Ut Industries,"Arts, Media & Entertainment",2443,2442,3010,2665
25781502446,Lectus Pede Limited,"Fashion, Jewelry & Personal Goods",3903,3903,90,2666
45461747256,Enim Sed Ltd,"Arts, Media & Entertainment",2712,2721,2464,2667
92596271102,Odio Associates,Technology & Professional Services,2463,2460,2974,2668
51267358936,Consectetuer Adipiscing Industries,"Fashion, Jewelry & Personal Goods",3904,3904,91,2669
46916077029,Mauris Aliquam LLC,"Fashion, Jewelry & Personal Goods",3905,3905,92,2670
37481834976,Ut Dolor Dapibus Consulting,"Fashion, Jewelry & Personal Goods",3906,3906,93,2671
62688594508,Lobortis Nisi Associates,"Fashion, Jewelry & Personal Goods",3907,3907,94,2672
41072674090,Metus Aliquam Erat Institute,"Home, Garden & Living",2656,2672,2580,2673
91085233749,Vestibulum Lorem Industries,"Arts, Media & Entertainment",2448,2454,3008,2674
48549026640,Vulputate Risus A Corporation,"Fashion, Jewelry & Personal Goods",3908,3908,95,2675
39469369640,Mauris Sapien Corporation,"Arts, Media & Entertainment",2470,2470,2972,2676
47864961615,Enim Mi Corp.,"Lifestyle, Health & Recreation",3909,3909,96,2677
88745863985,Fringilla Ornare Placerat Institute,"Arts, Media & Entertainment",2645,2650,2620,2678
81986777523,Quis Urna Nunc Institute,Technology & Professional Services,3910,3910,97,2679
91062920626,Ac Inc.,Technology & Professional Services,3439,3441,1038,2680
52448445000,Feugiat Placerat Industries,Technology & Professional Services,3911,3911,98,2681
21548346742,Eu Consulting,"Lifestyle, Health & Recreation",2557,2557,2806,2682
53331457650,Non Egestas Industries,"Home, Garden & Living",2324,2322,3274,2683
90494976499,Tincidunt Corp.,"Home, Garden & Living",3912,3912,99,2684
22395185606,Ut Corp.,"Home, Garden & Living",3913,3913,100,2685
92935086354,Odio Etiam Corporation,Technology & Professional Services,2693,2696,2538,2686
92293286189,Aliquam Nec Enim Ltd,"Home, Garden & Living",3914,3914,101,2687
92077815673,Euismod Et Corporation,"Arts, Media & Entertainment",2260,2259,3410,2688
34775154874,Tellus Ltd,"Home, Garden & Living",3915,3915,102,2689
96111981432,Integer In Magna Corporation,"Home, Garden & Living",2936,2935,2063,2690
75987403052,Phasellus Limited,"Arts, Media & Entertainment",3916,3916,103,2691
17507773571,Libero Nec Limited,"Arts, Media & Entertainment",3917,3917,104,2692
54893491429,Rutrum Eu Incorporated,"Lifestyle, Health & Recreation",2590,2580,2768,2693
86899611571,Euismod Mauris LLP,Technology & Professional Services,2672,2684,2583,2694
64859340118,Arcu Imperdiet LLP,"Fashion, Jewelry & Personal Goods",2387,2399,3153,2695
14042321810,Ac PC,Technology & Professional Services,2454,2463,3023,2696
78315017938,Euismod Inc.,"Arts, Media & Entertainment",3918,3918,105,2697
21166782413,Ornare Industries,Technology & Professional Services,2600,2611,2730,2698
62346852889,Phasellus Vitae Corporation,"Arts, Media & Entertainment",3919,3919,106,2699
20284137308,Nisi Nibh Associates,"Lifestyle, Health & Recreation",3920,3920,107,2700
66778711798,Nunc Corp.,"Fashion, Jewelry & Personal Goods",2419,2427,3102,2701
37534260149,Nulla Limited,"Arts, Media & Entertainment",3921,3921,108,2702
15010840269,Elit Erat Ltd,"Arts, Media & Entertainment",3922,3922,109,2703
39580029434,Nulla Cras Ltd,"Arts, Media & Entertainment",3923,3923,110,2704
17469082744,Condimentum LLP,"Fashion, Jewelry & Personal Goods",2774,2756,2427,2705
21384345425,Magnis Dis Parturient PC,"Lifestyle, Health & Recreation",3924,3924,111,2706
99100250331,Odio LLC,"Fashion, Jewelry & Personal Goods",2863,2868,2230,2707
38325909884,At Associates,"Lifestyle, Health & Recreation",2403,2426,3132,2708
78177627659,Tincidunt Limited,"Lifestyle, Health & Recreation",3925,3925,112,2709
17799557745,Sociosqu Company,Technology & Professional Services,2689,2690,2592,2710
93740493847,Interdum Corporation,Technology & Professional Services,2664,2668,2640,2711
42623634273,Lobortis Incorporated,"Home, Garden & Living",2435,2436,3101,2712
98957925622,Quis Massa Mauris LLP,"Home, Garden & Living",2296,2317,3363,2713
38737299876,Sit Amet Institute,"Home, Garden & Living",2730,2742,2505,2714
78037042040,Duis Elementum Industries,"Arts, Media & Entertainment",2446,2428,3112,2715
55096581107,Sagittis Associates,Technology & Professional Services,2440,2446,3103,2716
39354007155,Rutrum Lorem Institute,"Fashion, Jewelry & Personal Goods",2488,2490,3016,2717
99115883676,Non Enim Corp.,"Arts, Media & Entertainment",2695,2659,2645,2718
31322181845,Magna Sed Institute,"Arts, Media & Entertainment",3243,3248,1509,2719
74509504696,Dolor Quisque Institute,"Arts, Media & Entertainment",2439,2443,3121,2720
41331108470,Ante Ltd,"Home, Garden & Living",2582,2581,2843,2721
82403922740,Risus Quisque Incorporated,"Lifestyle, Health & Recreation",2692,2692,2624,2722
51332765081,Tempus Associates,"Arts, Media & Entertainment",2438,2450,3120,2723
37629693091,Duis A LLP,"Arts, Media & Entertainment",2796,2791,2422,2724
90967931475,Donec LLC,"Arts, Media & Entertainment",2902,2932,2182,2725
81986204097,Donec Fringilla Foundation,"Arts, Media & Entertainment",3261,3250,1511,2726
98336281865,Orci Adipiscing Inc.,"Arts, Media & Entertainment",2633,2633,2757,2727
15544195408,Proin Company,Technology & Professional Services,2558,2570,2898,2728
16218917521,In At Pede LLC,"Home, Garden & Living",2624,2612,2793,2729
24212300522,Consectetuer Industries,"Fashion, Jewelry & Personal Goods",2854,2857,2320,2730
32165886699,Quisque Inc.,"Arts, Media & Entertainment",2495,2497,3043,2731
31003199153,Augue Sed Corporation,"Home, Garden & Living",2498,2485,3052,2732
67419861441,Vel Limited,"Home, Garden & Living",3133,3136,1769,2733
75204058478,Aliquam Auctor Velit LLP,"Home, Garden & Living",2708,2707,2628,2734
91104916025,Id Associates,"Home, Garden & Living",2551,2550,2943,2735
93024392300,Eget Ipsum Foundation,"Lifestyle, Health & Recreation",2772,2750,2525,2736
19458945909,Purus Industries,Technology & Professional Services,2436,2438,3178,2737
34444004774,Aliquam Associates,Technology & Professional Services,2718,2716,2623,2738
31823794994,Dolor Dapibus LLC,"Arts, Media & Entertainment",2725,2734,2599,2739
85618614233,Eget Limited,"Fashion, Jewelry & Personal Goods",2567,2571,2920,2740
60876187134,Fusce Mollis Duis Incorporated,"Fashion, Jewelry & Personal Goods",2321,2326,3412,2741
63862862264,Habitant Inc.,"Lifestyle, Health & Recreation",2568,2582,2919,2742
53258875124,Malesuada Company,"Home, Garden & Living",2673,2679,2719,2743
67392173147,Mus Proin Consulting,"Lifestyle, Health & Recreation",2620,2610,2842,2744
64112855512,Sed Auctor Associates,Technology & Professional Services,2816,2806,2452,2745
15700338102,Aliquam Ornare Inc.,"Home, Garden & Living",2385,2383,3308,2746
37835781615,Quis Lectus PC,"Fashion, Jewelry & Personal Goods",2399,2404,3279,2747
73130631030,Risus In Mi Corporation,"Arts, Media & Entertainment",2784,2781,2519,2748
86904466480,Lacus Quisque Foundation,Technology & Professional Services,2563,2544,2981,2749
33099767595,Diam At PC,"Fashion, Jewelry & Personal Goods",2562,2553,2976,2750
86681981623,Ac Urna Company,Technology & Professional Services,2806,2790,2497,2751
28803237812,Aenean Sed Corporation,"Fashion, Jewelry & Personal Goods",2655,2656,2790,2752
86850237223,Sociis Limited,"Arts, Media & Entertainment",2623,2606,2873,2753
24451148103,Ligula Consectetuer Rhoncus Limited,"Arts, Media & Entertainment",2775,2786,2544,2754
43458285598,Odio Tristique Ltd,"Arts, Media & Entertainment",2619,2626,2867,2755
43437492698,In Limited,"Arts, Media & Entertainment",2773,2767,2574,2756
87369323065,Quam Curabitur Vel Inc.,"Arts, Media & Entertainment",2838,2838,2439,2757
86253699836,Nascetur Ridiculus Mus Foundation,"Fashion, Jewelry & Personal Goods",2713,2719,2683,2758
92899421466,Molestie Pharetra Inc.,"Fashion, Jewelry & Personal Goods",2812,2849,2458,2759
14675858680,Sollicitudin Adipiscing LLC,Technology & Professional Services,2719,2718,2682,2760
79355626551,Id Corp.,Technology & Professional Services,2641,2640,2838,2761
80762852492,Nam Interdum Industries,Technology & Professional Services,2729,2730,2661,2762
45636462354,Amet Consectetuer Limited,"Home, Garden & Living",2415,2412,3293,2763
74116888698,Mauris Ut PC,"Arts, Media & Entertainment",3029,3029,2068,2764
16550028284,In LLP,"Home, Garden & Living",2541,2534,3057,2765
67220823151,Habitant Morbi Foundation,"Lifestyle, Health & Recreation",2769,2768,2596,2766
12171241826,Interdum Sed Foundation,Technology & Professional Services,2723,2726,2684,2767
66770522370,Dictum Ultricies Institute,"Lifestyle, Health & Recreation",2800,2801,2534,2768
75975626029,Augue Eu Tempor Limited,"Fashion, Jewelry & Personal Goods",2707,2693,2736,2769
34402763739,Pharetra Nam Foundation,"Fashion, Jewelry & Personal Goods",2727,2733,2678,2770
82465857700,Eu Accumsan Sed Industries,Technology & Professional Services,2953,2953,2235,2771
93560646170,Vitae Purus Gravida LLP,"Fashion, Jewelry & Personal Goods",2326,2328,3488,2772
54654230431,Malesuada Vel Venenatis Limited,"Fashion, Jewelry & Personal Goods",2881,2865,2397,2773
65731681830,Duis Gravida PC,"Fashion, Jewelry & Personal Goods",2706,2694,2750,2774
20017721725,Pellentesque Sed Dictum Foundation,Technology & Professional Services,2506,2503,3146,2775
47192976569,Ultricies Ornare Elit LLC,Technology & Professional Services,2846,2829,2483,2776
56018978883,Egestas Fusce Aliquet Institute,Technology & Professional Services,2894,2903,2370,2777
80699593918,Aenean Gravida Nunc Institute,"Lifestyle, Health & Recreation",2669,2671,2828,2778
66445536477,Praesent Foundation,"Fashion, Jewelry & Personal Goods",2421,2425,3323,2779
56659127324,Mattis Cras Institute,"Home, Garden & Living",2835,2833,2508,2780
94973496683,Porttitor Tellus Non Corporation,"Arts, Media & Entertainment",2779,2764,2633,2781
82998885148,Sed Est Nunc Foundation,"Arts, Media & Entertainment",2456,2459,3261,2782
42270780873,Quisque Nonummy Corp.,"Lifestyle, Health & Recreation",2485,2491,3205,2783
74337286955,Lobortis Class Institute,"Arts, Media & Entertainment",2926,2928,2331,2784
45344861464,Convallis Est Vitae Industries,Technology & Professional Services,2683,2686,2817,2785
35755909141,Tristique Neque Venenatis Associates,"Home, Garden & Living",2671,2660,2857,2786
53635885278,Curabitur Massa LLC,"Home, Garden & Living",2629,2625,2934,2787
67501420176,Egestas LLC,"Lifestyle, Health & Recreation",2653,2642,2895,2788
93942213428,A Magna Inc.,Technology & Professional Services,2994,2995,2204,2789
90360585833,Mauris Rhoncus PC,Technology & Professional Services,2681,2685,2832,2790
21901704733,Vehicula Risus Nulla Ltd,"Fashion, Jewelry & Personal Goods",2701,2709,2797,2791
53600852724,Laoreet Lectus LLC,Technology & Professional Services,2919,2922,2367,2792
13770392625,Suspendisse Institute,"Arts, Media & Entertainment",2572,2568,3068,2793
97353800246,Enim Mi LLC,"Arts, Media & Entertainment",2658,2649,2905,2794
59962058395,Pellentesque Tincidunt Associates,"Home, Garden & Living",2963,2981,2273,2795
21911286661,Arcu Vivamus LLC,"Arts, Media & Entertainment",2515,2511,3195,2796
12185659961,Aliquam Ornare Libero LLP,"Arts, Media & Entertainment",2517,2507,3199,2797
77712035156,Ut Dolor Associates,Technology & Professional Services,2418,2414,3393,2798
35906534450,Auctor Non Feugiat Corporation,"Arts, Media & Entertainment",2601,2592,3035,2799
21024150335,Libero Inc.,"Arts, Media & Entertainment",2842,2850,2542,2800
41697741069,Interdum Curabitur Limited,"Fashion, Jewelry & Personal Goods",2636,2628,2970,2801
49736594003,Volutpat Ornare Associates,Technology & Professional Services,2879,2870,2491,2802
52069051820,A Nunc In LLP,"Lifestyle, Health & Recreation",2783,2759,2712,2803
60714620509,Suspendisse Sagittis Incorporated,"Lifestyle, Health & Recreation",2614,2615,3025,2804
95402237897,Turpis Company,"Fashion, Jewelry & Personal Goods",2734,2714,2808,2805
63975991689,Tellus Consulting,Technology & Professional Services,2465,2465,3326,2806
28639309109,Vel Sapien Imperdiet Industries,"Fashion, Jewelry & Personal Goods",3103,3116,2038,2807
24724058205,Congue A Aliquet LLC,"Arts, Media & Entertainment",2607,2609,3041,2808
92680456497,Semper Pretium LLC,"Fashion, Jewelry & Personal Goods",2512,2524,3221,2809
20422223827,Ut Nisi Limited,"Arts, Media & Entertainment",2996,2993,2271,2810
14420598156,Bibendum Sed Est Foundation,"Home, Garden & Living",2939,2929,2396,2811
50766787885,Imperdiet Erat PC,"Arts, Media & Entertainment",2717,2728,2833,2812
30780133873,Pede LLP,Technology & Professional Services,2980,2985,2314,2813
56680601741,Lectus Ante Corp.,"Arts, Media & Entertainment",2635,2634,3012,2814
75077143451,Consequat Auctor Nunc Ltd,"Lifestyle, Health & Recreation",2741,2727,2816,2815
26749181046,Neque Tellus Incorporated,"Fashion, Jewelry & Personal Goods",2751,2771,2764,2816
31759308958,Rhoncus Donec Est Industries,"Lifestyle, Health & Recreation",2552,2547,3187,2817
69853421807,Fusce Mollis Duis Industries,Technology & Professional Services,3000,2999,2289,2818
50931818377,Lobortis Ltd,"Arts, Media & Entertainment",2580,2572,3140,2819
80381533940,Aliquet Incorporated,"Arts, Media & Entertainment",2896,2882,2515,2820
45888399278,Nulla Vulputate LLC,"Arts, Media & Entertainment",2430,2415,3451,2821
82627733660,Vitae Velit Limited,"Arts, Media & Entertainment",2610,2624,3064,2822
64272336774,Vehicula Et LLC,"Arts, Media & Entertainment",2721,2712,2871,2823
52129470223,Imperdiet Corp.,Technology & Professional Services,2924,2910,2471,2824
78279649113,Habitant Morbi Incorporated,"Lifestyle, Health & Recreation",2526,2528,3255,2825
14522297874,Nonummy Ipsum Non Inc.,"Arts, Media & Entertainment",2990,2971,2349,2826
30775213097,Sed Et Associates,"Home, Garden & Living",2617,2614,3080,2827
99217762645,Non Ante Inc.,"Arts, Media & Entertainment",2682,2689,2944,2828
81299585288,Eu Dui Cum Inc.,"Arts, Media & Entertainment",2604,2588,3124,2829
78526643558,Arcu Institute,"Lifestyle, Health & Recreation",2742,2743,2840,2830
45601456298,Libero Morbi Accumsan Industries,"Arts, Media & Entertainment",2467,2479,3380,2831
25704682559,Odio Aliquam Corp.,Technology & Professional Services,2859,2841,2629,2832
35267193658,Magna Ltd,Technology & Professional Services,2911,2911,2513,2833
15157368385,Tempus Non Lacinia Inc.,"Arts, Media & Entertainment",2677,2669,2989,2834
29956692423,Vel Venenatis Vel Limited,"Home, Garden & Living",2569,2578,3191,2835
98203593138,Suscipit Nonummy Limited,"Lifestyle, Health & Recreation",2828,2827,2685,2836
17335347560,Et Eros Institute,"Fashion, Jewelry & Personal Goods",2904,2883,2554,2837
17386856164,Nulla Integer Corp.,"Lifestyle, Health & Recreation",2885,2891,2567,2838
86094613754,Arcu Imperdiet Ullamcorper LLP,"Lifestyle, Health & Recreation",2749,2746,2849,2839
43611981873,Suscipit LLC,Technology & Professional Services,3485,3475,1389,2840
85385819407,Vel Corp.,"Arts, Media & Entertainment",2764,2760,2827,2841
64435268766,Id Enim Institute,"Lifestyle, Health & Recreation",2724,2710,2917,2842
77593244679,Mattis Ornare Associates,Technology & Professional Services,2602,2604,3145,2843
18180785640,Varius Et Associates,"Fashion, Jewelry & Personal Goods",2757,2773,2824,2844
44344566262,Egestas A PC,"Arts, Media & Entertainment",3075,3081,2200,2845
20233857661,Sed Eget Industries,"Fashion, Jewelry & Personal Goods",2224,2219,3914,2846
55997183965,Quam Elementum At LLP,"Arts, Media & Entertainment",2597,2595,3166,2847
45247456727,Convallis Ligula Corp.,"Arts, Media & Entertainment",3258,3245,1857,2848
43270522454,Lacus Ut Institute,"Home, Garden & Living",2887,2897,2576,2849
17523010120,Urna Convallis Foundation,"Home, Garden & Living",3131,3122,2108,2850
18440845368,Ac Turpis Egestas Corp.,"Arts, Media & Entertainment",2679,2658,3033,2851
63469048699,Eget Massa Ltd,"Arts, Media & Entertainment",2486,2449,3436,2852
24245553756,Vulputate Velit Eu Incorporated,"Lifestyle, Health & Recreation",2862,2858,2657,2853
45328073484,Metus Sit Amet Ltd,"Fashion, Jewelry & Personal Goods",2732,2749,2896,2854
40751557554,Nisi Cum Industries,"Arts, Media & Entertainment",2755,2758,2868,2855
69994151040,Dolor Elit Pellentesque Corp.,"Arts, Media & Entertainment",3202,3197,1989,2856
17435313552,Ac Fermentum Vel LLP,Technology & Professional Services,3036,3032,2321,2857
43152535761,Nibh PC,"Home, Garden & Living",2651,2652,3086,2858
13555086357,Ipsum LLP,"Home, Garden & Living",2546,2541,3302,2859
86081102504,Lorem Fringilla Limited,"Lifestyle, Health & Recreation",2509,2515,3366,2860
89175693833,Justo Sit Associates,Technology & Professional Services,2675,2691,3026,2861
47103021057,Donec Vitae PC,"Arts, Media & Entertainment",3040,3047,2307,2862
97104028372,Vel Arcu LLP,"Lifestyle, Health & Recreation",3051,3053,2292,2863
64521628277,Augue Sed Limited,"Lifestyle, Health & Recreation",2537,2529,3333,2864
21166508693,Urna Ut Tincidunt Ltd,"Home, Garden & Living",2630,2651,3123,2865
39192981624,Eu Eros LLC,"Home, Garden & Living",2889,2887,2631,2866
73649365788,Magna Tellus Associates,"Fashion, Jewelry & Personal Goods",3031,3033,2344,2867
74044580274,Morbi Tristique Corporation,"Home, Garden & Living",2611,2594,3212,2868
77702973864,Non Consulting,"Arts, Media & Entertainment",2780,2787,2854,2869
52655785808,Malesuada Id Institute,Technology & Professional Services,2694,2698,3030,2870
65401793264,A Mi Fringilla PC,"Arts, Media & Entertainment",2639,2638,3155,2871
63861708370,Morbi Accumsan LLC,Technology & Professional Services,2857,2867,2709,2872
41549774177,Vitae Nibh Industries,"Home, Garden & Living",2428,2424,3583,2873
93156930881,Tempus Corp.,Technology & Professional Services,2886,2894,2656,2874
44674493330,Commodo Incorporated,"Arts, Media & Entertainment",2538,2540,3361,2875
13106608471,Sem Vitae PC,"Lifestyle, Health & Recreation",2540,2543,3357,2876
49439795725,Ut Molestie LLP,"Home, Garden & Living",2412,2386,3643,2877
18651012250,Aliquet Sem Ut LLP,Technology & Professional Services,2758,2766,2918,2878
43551786225,In Mi Consulting,"Lifestyle, Health & Recreation",2596,2605,3244,2879
53501895098,Cursus Corp.,"Arts, Media & Entertainment",2594,2589,3262,2880
91000228616,Fringilla Porttitor LLC,"Arts, Media & Entertainment",2786,2785,2876,2881
17124978176,Enim Etiam PC,"Home, Garden & Living",2855,2846,2749,2882
14555045817,Commodo Auctor Ltd,Technology & Professional Services,2778,2762,2912,2883
13571059405,Dapibus Institute,"Lifestyle, Health & Recreation",2668,2677,3107,2884
98626476096,At Company,"Fashion, Jewelry & Personal Goods",2666,2683,3106,2885
80347921120,Faucibus Ltd,Technology & Professional Services,2952,2952,2552,2886
95331380653,Auctor Odio Associates,"Lifestyle, Health & Recreation",2674,2682,3100,2887
91166993316,In Magna LLP,"Arts, Media & Entertainment",2995,2994,2468,2888
29859203033,Id Limited,"Fashion, Jewelry & Personal Goods",2595,2623,3245,2889
27094414625,Vitae Aliquet Foundation,"Fashion, Jewelry & Personal Goods",2744,2725,3000,2890
47485518426,Quam Curabitur Inc.,"Arts, Media & Entertainment",3019,3013,2438,2891
50859331573,In Tempus PC,"Home, Garden & Living",2396,2392,3690,2892
55270512213,Mauris Molestie Corp.,"Arts, Media & Entertainment",2864,2884,2732,2893
78747520227,Sed Orci Lobortis Inc.,"Fashion, Jewelry & Personal Goods",2570,2564,3351,2894
80117428556,Arcu Consulting,"Arts, Media & Entertainment",2875,2854,2763,2895
11974270529,Dui Fusce Corp.,"Home, Garden & Living",2733,2740,3022,2896
23541969839,Amet Nulla Ltd,"Arts, Media & Entertainment",3043,3052,2402,2897
46532597002,Egestas Nunc Industries,Technology & Professional Services,2531,2536,3435,2898
94419910973,Felis Company,"Fashion, Jewelry & Personal Goods",2586,2585,3332,2899
40457357336,Lobortis Quis Industries,"Fashion, Jewelry & Personal Goods",2975,2984,2546,2900
61562383191,Quis Urna Consulting,"Home, Garden & Living",2646,2629,3232,2901
41329164057,Donec Ltd,"Lifestyle, Health & Recreation",2667,2670,3186,2902
31587341011,Velit Industries,"Fashion, Jewelry & Personal Goods",2663,2666,3202,2903
50457372084,Lacus Nulla Tincidunt Incorporated,"Arts, Media & Entertainment",2626,2607,3300,2904
78142743559,Sed LLP,"Arts, Media & Entertainment",2770,2761,3005,2905
74684382790,Sem Ut Cursus LLP,"Arts, Media & Entertainment",2625,2619,3292,2906
81917023918,Et Corp.,"Fashion, Jewelry & Personal Goods",2720,2722,3098,2907
69418468754,Velit Justo Institute,"Home, Garden & Living",2753,2741,3048,2908
54094693762,Pulvinar Arcu Incorporated,"Lifestyle, Health & Recreation",3196,3203,2146,2909
77421432003,Vehicula Foundation,"Fashion, Jewelry & Personal Goods",2927,2913,2707,2910
45578529693,Vulputate Company,"Fashion, Jewelry & Personal Goods",2606,2616,3331,2911
42454170286,Nunc Institute,"Arts, Media & Entertainment",3069,3073,2414,2912
34178940059,Scelerisque Dui Foundation,"Arts, Media & Entertainment",3107,3111,2342,2913
12219088747,Velit Corp.,"Fashion, Jewelry & Personal Goods",2915,2918,2734,2914
44780781318,Blandit LLP,"Arts, Media & Entertainment",2903,2902,2766,2915
98395101740,Purus Duis Company,"Arts, Media & Entertainment",2704,2715,3152,2916
48770246749,Nisl Arcu Iaculis Foundation,"Fashion, Jewelry & Personal Goods",2644,2645,3285,2917
92403716863,Torquent Per Associates,"Arts, Media & Entertainment",2680,2664,3231,2918
50951615219,Mauris Aliquam Eu Incorporated,"Home, Garden & Living",2534,2521,3525,2919
14820207872,Vehicula Pellentesque PC,"Lifestyle, Health & Recreation",2934,2930,2718,2920
19988273819,Nascetur Ridiculus Industries,"Lifestyle, Health & Recreation",2700,2704,3180,2921
38990495653,Ut Molestie In Corporation,"Home, Garden & Living",2699,2703,3183,2922
97412669819,Sagittis Duis Gravida Industries,"Fashion, Jewelry & Personal Goods",2714,2706,3169,2923
44997402413,Sapien Cursus In Limited,"Lifestyle, Health & Recreation",2605,2576,3411,2924
42330360779,Risus In Consulting,"Fashion, Jewelry & Personal Goods",2652,2632,3309,2925
78774961599,Nulla Integer Limited,"Arts, Media & Entertainment",2756,2755,3088,2926
75022145904,In Ornare Corporation,"Arts, Media & Entertainment",2819,2832,2949,2927
52813650988,Commodo Tincidunt Nibh Corp.,"Arts, Media & Entertainment",2950,2920,2731,2928
15070005651,Vulputate Mauris Inc.,"Fashion, Jewelry & Personal Goods",3053,3051,2499,2929
60321593978,Sed Pharetra Felis PC,Technology & Professional Services,2856,2859,2889,2930
11076688542,Amet Diam Industries,Technology & Professional Services,3098,3112,2401,2931
19257772092,Dignissim Lacus Corp.,"Arts, Media & Entertainment",2722,2736,3158,2932
39646859475,Fames Corp.,Technology & Professional Services,3006,3005,2607,2933
56923368251,Eget Lacus Mauris Institute,"Fashion, Jewelry & Personal Goods",2657,2675,3286,2934
66952421200,Vitae Sodales Institute,Technology & Professional Services,3605,3606,1410,2935
24147681440,Turpis Nulla Institute,"Lifestyle, Health & Recreation",2750,2745,3129,2936
28024035242,Et Magnis Corp.,"Lifestyle, Health & Recreation",3030,3022,2573,2937
15302620892,Facilisis Suspendisse PC,"Arts, Media & Entertainment",2688,2673,3267,2938
74505118182,Velit Quisque Varius Corporation,"Home, Garden & Living",2698,2701,3235,2939
63358217962,Nulla Facilisis Suspendisse LLP,"Home, Garden & Living",2745,2752,3138,2940
51589191140,Amet Ornare Lectus Corp.,"Arts, Media & Entertainment",3201,3194,2243,2941
14762929642,Dolor Nonummy Ac Corporation,"Home, Garden & Living",2892,2917,2831,2942
47797405944,Sit Amet Incorporated,"Arts, Media & Entertainment",2824,2822,2996,2943
82814082077,Quisque Incorporated,"Lifestyle, Health & Recreation",2661,2654,3329,2944
15353137412,Semper Pretium PC,"Fashion, Jewelry & Personal Goods",2961,2968,2717,2945
60403857139,Sed Nulla Ante PC,"Home, Garden & Living",2851,2873,2927,2946
87769349119,Eget Metus Incorporated,"Fashion, Jewelry & Personal Goods",2852,2844,2956,2947
31869958432,In Consectetuer Industries,"Home, Garden & Living",2831,2823,2999,2948
44837192214,Donec At PC,"Arts, Media & Entertainment",2740,2735,3179,2949
22528859307,Cum Sociis Corp.,"Fashion, Jewelry & Personal Goods",2593,2608,3454,2950
46358962964,Non Egestas A Ltd,"Arts, Media & Entertainment",2802,2800,3056,2951
93669046600,At Libero Morbi PC,"Fashion, Jewelry & Personal Goods",2867,2871,2922,2952
56347643455,Sem Magna Nec Associates,"Lifestyle, Health & Recreation",2739,2744,3177,2953
87453687431,Non Sapien Ltd,"Home, Garden & Living",3021,3011,2638,2954
95824231566,Consequat Inc.,"Arts, Media & Entertainment",2822,2824,3027,2955
92822969335,Quam Curabitur Vel Consulting,"Lifestyle, Health & Recreation",2649,2648,3377,2956
52969453577,Molestie Incorporated,"Arts, Media & Entertainment",3110,3115,2456,2957
70027786217,Sed Sem Egestas LLC,"Lifestyle, Health & Recreation",2814,2798,3071,2958
73973714129,Enim Etiam Institute,Technology & Professional Services,3569,3570,1548,2959
83802687736,Molestie PC,"Fashion, Jewelry & Personal Goods",2905,2901,2882,2960
31363277682,Fermentum Metus Industries,"Lifestyle, Health & Recreation",2737,2723,3230,2961
21291463935,Ultrices A LLP,"Home, Garden & Living",2589,2584,3517,2962
38612000811,Magna Inc.,"Home, Garden & Living",2768,2747,3176,2963
39220770748,Orci In Consequat Associates,"Arts, Media & Entertainment",2761,2748,3182,2964
73648278886,Cras Vulputate Velit Incorporated,Technology & Professional Services,2967,2972,2758,2965
37238742140,Aenean Massa Company,"Arts, Media & Entertainment",2840,2840,3018,2966
61335088393,Et Magnis Company,"Fashion, Jewelry & Personal Goods",2823,2821,3055,2967
73909892719,Lorem Fringilla Ltd,Technology & Professional Services,3283,3284,2133,2968
54361802955,Varius Ultrices Mauris Inc.,"Fashion, Jewelry & Personal Goods",2678,2678,3345,2969
16796167828,Elit Pretium Limited,"Arts, Media & Entertainment",2944,2963,2801,2970
34365441985,Erat Associates,Technology & Professional Services,2685,2681,3343,2971
78433042891,Dictum Mi Ac LLP,"Arts, Media & Entertainment",2659,2663,3389,2972
38425242099,In Felis Foundation,"Home, Garden & Living",3139,3141,2433,2973
24992522061,Est Ac Facilisis Company,"Home, Garden & Living",2763,2782,3173,2974
48699038894,Consectetuer Ipsum Ltd,Technology & Professional Services,2954,2962,2809,2975
96141360246,Auctor Odio Consulting,"Arts, Media & Entertainment",3321,3325,2080,2976
12476477880,Egestas A Scelerisque Limited,"Arts, Media & Entertainment",3191,3185,2353,2977
37320515399,Quisque PC,"Arts, Media & Entertainment",3189,3201,2340,2978
21003199892,Non Luctus Sit Foundation,"Arts, Media & Entertainment",2957,2957,2818,2979
51525959170,Augue Eu Inc.,"Arts, Media & Entertainment",2782,2779,3175,2980
23867882346,Mollis Phasellus Institute,"Fashion, Jewelry & Personal Goods",2834,2843,3070,2981
21205587568,Nullam Ut Foundation,Technology & Professional Services,2918,2921,2916,2982
30074252567,Lobortis Ultrices Vivamus Foundation,"Arts, Media & Entertainment",2890,2893,2973,2983
56014638362,Laoreet Libero Foundation,"Home, Garden & Living",2804,2796,3157,2984
30439702384,At Lacus Quisque Corporation,"Home, Garden & Living",2762,2772,3224,2985
76722958482,Fusce Aliquam Incorporated,Technology & Professional Services,2728,2732,3298,2986
38361767065,Penatibus Et PC,"Arts, Media & Entertainment",3035,3028,2697,2987
98121323050,Accumsan Convallis Ltd,"Fashion, Jewelry & Personal Goods",3102,3105,2558,2988
28651583807,Et Libero Associates,"Fashion, Jewelry & Personal Goods",3256,3239,2276,2989
39980443411,Integer Urna Limited,"Arts, Media & Entertainment",3171,3161,2441,2990
40916035557,Phasellus Vitae Mauris Limited,Technology & Professional Services,2988,2983,2805,2991
69431337574,Ultrices Industries,Technology & Professional Services,3302,3300,2176,2992
97211373669,Nam Porttitor Inc.,"Home, Garden & Living",2999,3010,2780,2993
80556041042,Dolor Sit LLP,"Arts, Media & Entertainment",2690,2662,3444,2994
83415851389,Curabitur Egestas Nunc PC,"Lifestyle, Health & Recreation",2866,2837,3094,2995
60072023557,Tellus Faucibus Associates,Technology & Professional Services,2946,2945,2909,2996
87380473696,Convallis Erat Company,"Arts, Media & Entertainment",3144,3150,2507,2997
35188460630,Tortor Associates,"Home, Garden & Living",2811,2820,3172,2998
36662964956,Curabitur Associates,Technology & Professional Services,2808,2812,3188,2999
45237488374,Non Lobortis Quis Associates,Technology & Professional Services,3288,3294,2227,3000
72082377970,Nonummy Fusce LLP,Technology & Professional Services,3207,3208,2395,3001
51149146502,Sed Malesuada Ltd,"Fashion, Jewelry & Personal Goods",2900,2890,3020,3002
66432686430,Lorem Eu Corp.,"Home, Garden & Living",2798,2803,3209,3003
36325756075,Amet Diam Ltd,Technology & Professional Services,2977,2979,2858,3004
58154486337,Malesuada Fringilla Est Institute,"Home, Garden & Living",2676,2680,3463,3005
86402909403,Per Industries,"Arts, Media & Entertainment",3119,3117,2586,3006
84647062762,Iaculis Corporation,"Home, Garden & Living",2760,2774,3288,3007
23305324752,Sit Amet Inc.,"Home, Garden & Living",2776,2776,3272,3008
13631004035,Eu Eleifend Incorporated,"Arts, Media & Entertainment",2947,2954,2924,3009
73918814753,Venenatis Lacus Etiam LLC,"Home, Garden & Living",3023,3025,2781,3010
26925196872,Vehicula Pellentesque Limited,"Fashion, Jewelry & Personal Goods",2908,2904,3017,3011
32619416776,Quis Massa Ltd,"Arts, Media & Entertainment",2931,2938,2963,3012
19468125152,Ut Dolor Corporation,"Lifestyle, Health & Recreation",2925,2924,2984,3013
78908309708,Sed Libero Foundation,"Arts, Media & Entertainment",3334,3335,2165,3014
71475747855,Aliquet Molestie Corporation,Technology & Professional Services,3598,3597,1644,3015
21498909695,Cras Vulputate LLP,Technology & Professional Services,2899,2907,3034,3016
17465489150,Quam A Company,"Fashion, Jewelry & Personal Goods",3054,3041,2747,3017
53378405666,Amet Ultricies Sem Inc.,"Fashion, Jewelry & Personal Goods",2794,2778,3270,3018
72826002518,Sociis Natoque PC,"Lifestyle, Health & Recreation",2735,2729,3382,3019
94662990903,Elit Associates,"Home, Garden & Living",3329,3324,2195,3020
10187291046,Ultricies Dignissim Lacus Foundation,"Fashion, Jewelry & Personal Goods",2826,2834,3192,3021
23322235350,Dui Incorporated,Technology & Professional Services,3004,3003,2846,3022
35195862809,Pede Cras Industries,"Arts, Media & Entertainment",2884,2896,3073,3023
98416715677,Ipsum Curabitur Incorporated,"Lifestyle, Health & Recreation",2873,2875,3111,3024
46429297007,Magnis Dis Institute,"Arts, Media & Entertainment",3011,3014,2837,3025
47594307487,Sed Dolor Industries,"Fashion, Jewelry & Personal Goods",2985,2986,2894,3026
85715076054,Arcu Vestibulum Corporation,"Home, Garden & Living",2850,2851,3164,3027
78040474274,Non Ante Consulting,Technology & Professional Services,3232,3236,2398,3028
85881115796,Lorem Inc.,"Home, Garden & Living",2789,2788,3289,3029
16156289887,Aliquet Sem Corp.,"Fashion, Jewelry & Personal Goods",2910,2912,3045,3030
80178350391,At Pede Company,Technology & Professional Services,3002,3016,2852,3031
94040507060,Sed Est Nunc Corp.,"Fashion, Jewelry & Personal Goods",3012,3004,2862,3032
21474173492,Donec Corp.,"Arts, Media & Entertainment",2938,2950,2990,3033
86741096013,Parturient Consulting,"Lifestyle, Health & Recreation",2937,2951,2991,3034
14570580767,Lacus Etiam Inc.,"Arts, Media & Entertainment",2830,2839,3220,3035
26500650326,Ac Feugiat Non Consulting,Technology & Professional Services,2759,2757,3379,3036
53367901558,Fringilla Mi Corporation,Technology & Professional Services,2670,2676,3549,3037
45644137007,Eu Euismod Corporation,"Home, Garden & Living",2791,2802,3303,3038
64928973842,Sed Company,Technology & Professional Services,3450,3461,1990,3039
37440780757,Ante Iaculis Nec Corp.,"Home, Garden & Living",3172,3176,2557,3040
73713369509,Sed Diam Incorporated,"Fashion, Jewelry & Personal Goods",2827,2831,3248,3041
83992396729,Orci Sem Eget Corporation,"Fashion, Jewelry & Personal Goods",2767,2794,3350,3042
62381947723,Sagittis PC,"Home, Garden & Living",3070,3071,2772,3043
87285933135,Proin Vel Associates,"Fashion, Jewelry & Personal Goods",3393,3398,2125,3044
31595398112,Enim Company,Technology & Professional Services,3065,3075,2776,3045
16941018799,Eget Laoreet Inc.,Technology & Professional Services,3293,3292,2332,3046
29276411530,Arcu Vel Corporation,"Arts, Media & Entertainment",3084,3091,2743,3047
81169447736,Tristique Ac Eleifend LLC,"Lifestyle, Health & Recreation",2928,2905,3090,3048
70561019208,Nonummy Foundation,Technology & Professional Services,3079,3072,2773,3049
14602793938,Cursus Vestibulum LLP,"Home, Garden & Living",2948,2940,3039,3050
14559784311,Convallis Ligula Donec Inc.,"Fashion, Jewelry & Personal Goods",3180,3183,2572,3051
87788702467,Massa Suspendisse Industries,"Lifestyle, Health & Recreation",3052,3064,2820,3052
44576099269,Pretium Neque LLP,Technology & Professional Services,3062,3055,2823,3053
26824240795,Ac Company,"Arts, Media & Entertainment",2810,2808,3322,3054
58899084497,Sed Auctor Odio PC,Technology & Professional Services,3449,3450,2042,3055
12497320096,Velit Quisque LLP,"Fashion, Jewelry & Personal Goods",3217,3223,2501,3056
96884218881,Lobortis Corporation,"Lifestyle, Health & Recreation",2909,2899,3142,3057
88568633938,Vulputate Dui Foundation,Technology & Professional Services,2799,2799,3353,3058
96215194743,Libero LLC,"Arts, Media & Entertainment",2895,2895,3162,3059
99974311662,Mollis LLP,"Arts, Media & Entertainment",2849,2855,3250,3060
95594775419,Dolor Fusce Mi Associates,Technology & Professional Services,2956,2964,3038,3061
59581212604,Magna Phasellus Foundation,"Lifestyle, Health & Recreation",3331,3334,2298,3062
13611382586,Quisque Tincidunt Pede Limited,Technology & Professional Services,2872,2878,3214,3063
12183270048,Risus Consulting,"Arts, Media & Entertainment",3033,3042,2897,3064
56939946451,Neque Et Corporation,Technology & Professional Services,3005,3002,2966,3065
10746056613,Risus Associates,"Arts, Media & Entertainment",2837,2835,3305,3066
34048570533,Interdum Libero Dui Company,Technology & Professional Services,2970,2970,3040,3067
25487349674,Maecenas Iaculis Aliquet LLP,Technology & Professional Services,2993,2990,3004,3068
90967287254,Libero Integer PC,"Fashion, Jewelry & Personal Goods",2836,2848,3307,3069
91338194166,Nec Urna Foundation,"Home, Garden & Living",3308,3316,2368,3070
57680172958,Ullamcorper Viverra Incorporated,"Arts, Media & Entertainment",3044,3040,2915,3071
49368160590,Nulla In LLP,Technology & Professional Services,2871,2862,3268,3072
64145901913,A Inc.,"Home, Garden & Living",3010,3007,2985,3073
93320824983,Nulla Dignissim Foundation,"Arts, Media & Entertainment",2861,2876,3265,3074
26492290179,Amet Orci Ut Associates,"Home, Garden & Living",2841,2830,3334,3075
55039720870,Dignissim Magna PC,Technology & Professional Services,2785,2792,3430,3076
52606993642,Congue Elit Sed Ltd,"Arts, Media & Entertainment",3255,3260,2498,3077
42562731929,Et Magnis Incorporated,Technology & Professional Services,3128,3127,2761,3078
10346855916,Odio Institute,Technology & Professional Services,3227,3229,2562,3079
87214879575,Nulla At Sem Limited,"Lifestyle, Health & Recreation",2818,2817,3384,3080
16528286991,Pellentesque Massa Limited,Technology & Professional Services,3206,3202,2616,3081
95799102190,Blandit Mattis Cras LLP,Technology & Professional Services,2940,2941,3143,3082
34530907184,Magna Praesent LLP,"Arts, Media & Entertainment",2870,2879,3277,3083
44486718758,Luctus Et Ultrices LLC,"Lifestyle, Health & Recreation",3056,3058,2914,3084
56796074347,Aliquam Institute,"Home, Garden & Living",2858,2845,3325,3085
61812192237,Nunc Mauris Elit Corp.,Technology & Professional Services,3163,3154,2713,3086
19925160030,Vestibulum Massa Rutrum Associates,"Arts, Media & Entertainment",3147,3147,2742,3087
42822345560,Erat Nonummy Ultricies Incorporated,"Fashion, Jewelry & Personal Goods",2809,2810,3422,3088
69890387975,Vitae Incorporated,"Arts, Media & Entertainment",3022,3019,3001,3089
91363040650,Diam Lorem LLC,Technology & Professional Services,3003,3015,3024,3090
12031655138,Tincidunt Aliquam Arcu Corp.,"Fashion, Jewelry & Personal Goods",2874,2874,3297,3091
77370079637,Donec Sollicitudin Corp.,"Arts, Media & Entertainment",2916,2925,3206,3092
82843556649,Tristique Pellentesque Tellus Ltd,"Arts, Media & Entertainment",2923,2923,3203,3093
70196084748,Gravida Incorporated,Technology & Professional Services,2914,2919,3218,3094
60421951083,Risus At Corp.,"Lifestyle, Health & Recreation",2833,2811,3409,3095
57230218402,Interdum Feugiat Foundation,Technology & Professional Services,2932,2926,3200,3096
84226109829,Eleifend Nunc LLP,"Fashion, Jewelry & Personal Goods",2868,2881,3310,3097
77153404511,Purus Accumsan Ltd,"Arts, Media & Entertainment",3109,3107,2844,3098
31905921746,Ut LLP,"Home, Garden & Living",2839,2813,3414,3099
73753317382,Gravida Sagittis Ltd,"Arts, Media & Entertainment",3254,3262,2551,3100
42105964394,Ut Erat PC,"Fashion, Jewelry & Personal Goods",2922,2948,3198,3101
29491615873,Lacus Varius Et Incorporated,"Fashion, Jewelry & Personal Goods",2877,2861,3330,3102
35615649088,Tincidunt Congue Turpis Inc.,Technology & Professional Services,2982,2987,3105,3103
60975088321,Dui Augue Consulting,"Fashion, Jewelry & Personal Goods",2748,2754,3572,3104
50885695263,Euismod Institute,"Arts, Media & Entertainment",3038,3031,3007,3105
10860706939,Vitae Aliquet Nec Associates,"Home, Garden & Living",3047,3049,2988,3106
47420343703,Ullamcorper Duis Cursus Institute,"Arts, Media & Entertainment",3008,3001,3076,3107
63036541291,Donec Dignissim Associates,"Arts, Media & Entertainment",2888,2877,3321,3108
36861014911,Eu Euismod Industries,"Fashion, Jewelry & Personal Goods",3094,3100,2893,3109
80213126311,Elementum Purus Accumsan Inc.,"Arts, Media & Entertainment",3154,3169,2765,3110
73199959867,Ipsum Leo Associates,"Arts, Media & Entertainment",2747,2739,3603,3111
11089768124,Rutrum Corp.,Technology & Professional Services,3138,3140,2812,3112
99802335254,Ultrices Associates,"Lifestyle, Health & Recreation",2984,2978,3128,3113
12578813079,Eros Corporation,"Arts, Media & Entertainment",2792,2814,3485,3114
56727542957,Phasellus In Ltd,"Arts, Media & Entertainment",2949,2943,3201,3115
45337626814,Ligula Associates,"Fashion, Jewelry & Personal Goods",3143,3148,2804,3116
22552769838,Dui Augue LLP,"Home, Garden & Living",2793,2793,3515,3117
76006740240,Pharetra Quisque Ac Ltd,Technology & Professional Services,3224,3232,2651,3118
21887123887,Nunc Interdum LLP,"Fashion, Jewelry & Personal Goods",3112,3108,2887,3119
63826476372,Consequat Nec Corp.,"Lifestyle, Health & Recreation",3050,3057,3003,3120
22961647681,Vestibulum Ante Corporation,"Lifestyle, Health & Recreation",3134,3144,2835,3121
50467815381,Justo Eu Inc.,"Arts, Media & Entertainment",2997,3000,3118,3122
66149479735,Eu Dui Institute,"Arts, Media & Entertainment",2880,2880,3359,3123
16863641025,Aliquet Diam LLC,Technology & Professional Services,2865,2852,3403,3124
11975295389,Tortor Corp.,"Arts, Media & Entertainment",3015,3018,3089,3125
16361981729,Et LLC,Technology & Professional Services,2599,2602,3923,3126
93720983561,Donec Luctus Aliquet Inc.,Technology & Professional Services,3375,3375,2376,3127
63948652504,Curabitur Consequat Lectus LLP,"Lifestyle, Health & Recreation",3080,3088,2961,3128
58966366292,Dictum Eu Corp.,"Home, Garden & Living",3504,3509,2117,3129
58913632134,Sodales Mauris Company,"Fashion, Jewelry & Personal Goods",3373,3357,2400,3130
23925773818,Per Conubia Nostra Ltd,"Home, Garden & Living",2825,2828,3480,3131
43034165541,Sit Amet Lorem Institute,Technology & Professional Services,3237,3257,2642,3132
13606543798,Odio Phasellus Associates,"Lifestyle, Health & Recreation",3013,3006,3117,3133
38363946876,Gravida LLC,"Arts, Media & Entertainment",3252,3243,2643,3134
13986396343,Nulla In Inc.,Technology & Professional Services,2813,2816,3510,3135
15297597516,Ornare Lectus Corp.,"Arts, Media & Entertainment",3263,3267,2613,3136
61112604295,Vel Lectus Cum LLC,Technology & Professional Services,3176,3158,2813,3137
83314865468,Dapibus Ligula Institute,"Arts, Media & Entertainment",2844,2856,3452,3138
13061606045,Risus Limited,"Arts, Media & Entertainment",3132,3135,2886,3139
66858208767,Mollis Duis Sit Corporation,"Fashion, Jewelry & Personal Goods",2991,2974,3189,3140
92374002696,Lectus Cum Ltd,"Home, Garden & Living",2891,2889,3374,3141
92426644718,Orci Quis LLC,"Arts, Media & Entertainment",3092,3099,2967,3142
30434864008,Aliquet Magna LLC,"Home, Garden & Living",2832,2825,3503,3143
88644745666,Orci Adipiscing Non LLC,"Arts, Media & Entertainment",3046,3050,3065,3144
32082195327,Luctus PC,"Fashion, Jewelry & Personal Goods",2935,2931,3295,3145
98437998830,Arcu Vivamus Sit Incorporated,"Lifestyle, Health & Recreation",3341,3348,2485,3146
10385163239,Sed Et Company,"Home, Garden & Living",2978,2980,3217,3147
63796115293,Vitae Semper Egestas Institute,"Arts, Media & Entertainment",2981,2973,3223,3148
79707467977,Pede Suspendisse Dui Incorporated,"Arts, Media & Entertainment",2754,2763,3662,3149
83691794327,Porttitor Ltd,"Arts, Media & Entertainment",3400,3402,2379,3150
70344541271,Dui Nec Ltd,"Home, Garden & Living",2897,2885,3399,3151
99785979138,Elit Curabitur LLP,"Arts, Media & Entertainment",3042,3043,3097,3152
52266154043,Lobortis Tellus Justo Foundation,"Arts, Media & Entertainment",3170,3174,2841,3153
76235641670,Neque Venenatis Incorporated,"Arts, Media & Entertainment",2907,2927,3362,3154
10854978569,Dui Cras Pellentesque Limited,Technology & Professional Services,2974,2976,3247,3155
33885350311,Vel Pede LLC,"Home, Garden & Living",2781,2783,3633,3156
72932341819,Malesuada Fringilla Est Inc.,"Fashion, Jewelry & Personal Goods",3120,3128,2950,3157
73745079397,Dictum Incorporated,"Arts, Media & Entertainment",2716,2713,3774,3158
13108046922,Luctus Limited,"Home, Garden & Living",3150,3131,2923,3159
39929271871,Risus Donec Egestas Corp.,"Arts, Media & Entertainment",3037,3038,3135,3160
83808438024,Quis LLP,Technology & Professional Services,2906,2906,3405,3161
75547072158,Velit Institute,Technology & Professional Services,2882,2892,3443,3162
27407519046,Nam Ac Nulla LLP,"Arts, Media & Entertainment",3299,3301,2618,3163
22575615382,Enim Non LLP,"Lifestyle, Health & Recreation",2983,2988,3251,3164
95532818035,Ultrices Vivamus Rhoncus Incorporated,"Arts, Media & Entertainment",2736,2731,3757,3165
71035024987,Sem Ltd,"Lifestyle, Health & Recreation",3020,3034,3171,3166
88487804108,Penatibus Et Magnis Industries,"Lifestyle, Health & Recreation",3001,2996,3228,3167
37322527524,Nunc Nulla Incorporated,"Arts, Media & Entertainment",3359,3365,2504,3168
96550897244,Donec Elementum Lorem Corporation,Technology & Professional Services,3090,3094,3044,3169
82225148007,Magna Nam Incorporated,"Arts, Media & Entertainment",2869,2869,3490,3170
70067721091,Aenean LLC,"Home, Garden & Living",2845,2836,3550,3171
26945291705,Molestie Sodales Associates,"Home, Garden & Living",2848,2860,3524,3172
67610254313,A Felis Ullamcorper LLP,Technology & Professional Services,3297,3282,2664,3173
12840456630,Purus Inc.,"Arts, Media & Entertainment",2821,2815,3607,3174
79287836711,Per Company,Technology & Professional Services,3338,3345,2563,3175
53599011106,Sed Dictum Inc.,"Lifestyle, Health & Recreation",2771,2769,3706,3176
87203239896,Mauris Ltd,Technology & Professional Services,3417,3421,2411,3177
82949994030,Mus Proin Inc.,"Home, Garden & Living",2860,2866,3523,3178
27470466523,Ornare Facilisis Eget Foundation,"Arts, Media & Entertainment",2912,2933,3406,3179
74207689493,Mauris Sagittis Industries,"Arts, Media & Entertainment",3210,3213,2834,3180
15347709593,Eget Corp.,"Arts, Media & Entertainment",2803,2807,3655,3181
41081202656,Nam Ligula Industries,Technology & Professional Services,3724,3727,1819,3182
22883189698,Quam Vel PC,"Arts, Media & Entertainment",3407,3409,2454,3183
88202878932,Tellus Id Limited,"Fashion, Jewelry & Personal Goods",3130,3132,3011,3184
99307259953,Ultricies Adipiscing Enim Company,Technology & Professional Services,2966,2961,3346,3185
27657048362,Elementum Purus Foundation,"Lifestyle, Health & Recreation",3140,3143,2992,3186
93700243350,Penatibus Et Magnis Institute,"Fashion, Jewelry & Personal Goods",2901,2898,3476,3187
29839336901,Sollicitudin Orci Inc.,"Fashion, Jewelry & Personal Goods",3071,3069,3136,3188
42061762079,Nunc Interdum LLC,"Arts, Media & Entertainment",3108,3106,3067,3189
72660843393,Augue Porttitor Interdum Ltd,"Fashion, Jewelry & Personal Goods",3041,3048,3196,3190
33070920679,Aliquet Magna Incorporated,"Home, Garden & Living",3104,3097,3087,3191
99861963809,Pretium Aliquet Limited,"Arts, Media & Entertainment",3018,3023,3249,3192
18293836021,Orci Adipiscing Non Corporation,"Fashion, Jewelry & Personal Goods",3301,3304,2689,3193
35790530993,Venenatis Vel LLC,"Lifestyle, Health & Recreation",2917,2909,3472,3194
63307448428,Aliquam Rutrum Industries,"Lifestyle, Health & Recreation",2788,2780,3734,3195
71029007948,Est Ac Inc.,"Lifestyle, Health & Recreation",2920,2908,3486,3196
35713332328,Nisi Magna Sed LLC,"Fashion, Jewelry & Personal Goods",2989,2992,3337,3197
48807515867,Magna A Foundation,Technology & Professional Services,3061,3065,3193,3198
41704070214,Tellus Company,Technology & Professional Services,2972,2967,3381,3199
31681476434,Lorem Sit LLC,"Arts, Media & Entertainment",3257,3251,2819,3200
32380337852,Urna Convallis Inc.,"Lifestyle, Health & Recreation",3078,3074,3181,3201
70751543592,Orci Ut Incorporated,"Lifestyle, Health & Recreation",3049,3046,3238,3202
42633587085,Lorem Sit Amet Incorporated,"Lifestyle, Health & Recreation",3039,3037,3257,3203
84790489548,Odio Aliquam Foundation,"Arts, Media & Entertainment",2986,2989,3358,3204
71640437036,Proin Ultrices Associates,"Home, Garden & Living",2973,2977,3385,3205
85580030308,Condimentum Associates,"Fashion, Jewelry & Personal Goods",2898,2900,3537,3206
81906511933,Sodales Purus In Ltd,"Lifestyle, Health & Recreation",2971,2975,3392,3207
51258621486,Dis Ltd,"Arts, Media & Entertainment",2883,2863,3598,3208
24976666868,Duis Dignissim Institute,"Arts, Media & Entertainment",3640,3641,2066,3209
58380745308,Auctor Quis Tristique Incorporated,"Lifestyle, Health & Recreation",2943,2934,3471,3210
85085859341,Id Nunc LLP,"Arts, Media & Entertainment",2933,2936,3479,3211
69107197788,In Lorem LLP,"Fashion, Jewelry & Personal Goods",3157,3155,3037,3212
65278963534,Sed Pede Cum Incorporated,Technology & Professional Services,3146,3146,3063,3213
95856918319,Scelerisque Scelerisque Dui Incorporated,"Arts, Media & Entertainment",2766,2765,3827,3214
14939466370,Nunc Ac LLP,"Lifestyle, Health & Recreation",2942,2949,3469,3215
32069730393,Eget Metus LLP,Technology & Professional Services,2853,2864,3658,3216
35194643826,Orci Industries,"Arts, Media & Entertainment",2958,2960,3460,3217
47480497674,Sem Nulla LLP,"Arts, Media & Entertainment",3204,3204,2978,3218
11766327188,Ante Maecenas Mi Incorporated,"Fashion, Jewelry & Personal Goods",3091,3079,3216,3219
53427619838,Eu Erat Semper Inc.,Technology & Professional Services,3353,3361,2673,3220
72267722034,Donec Egestas Consulting,Technology & Professional Services,3333,3341,2715,3221
35387407637,Sollicitudin Orci Sem Incorporated,"Arts, Media & Entertainment",3016,3026,3349,3222
37578923779,Cras Incorporated,"Arts, Media & Entertainment",3156,3156,3085,3223
15577036924,Euismod Ac Corporation,"Fashion, Jewelry & Personal Goods",3145,3139,3115,3224
50027089877,Phasellus Fermentum PC,"Lifestyle, Health & Recreation",3137,3138,3126,3225
91582338269,Cursus Diam Industries,Technology & Professional Services,2930,2937,3535,3226
87092867947,Egestas Urna Limited,Technology & Professional Services,3162,3164,3077,3227
33806831488,Quis Massa Limited,Technology & Professional Services,2829,2847,3730,3228
23812588784,Porttitor Vulputate Institute,"Fashion, Jewelry & Personal Goods",3225,3225,2957,3229
14089706307,Donec Institute,Technology & Professional Services,3099,3104,3204,3230
54994826109,Augue Ut Industries,"Lifestyle, Health & Recreation",3066,3059,3284,3231
48100934293,Natoque Penatibus Et Limited,"Lifestyle, Health & Recreation",2969,2958,3482,3232
62499158977,Convallis Est Ltd,"Home, Garden & Living",2968,2956,3487,3233
93018282444,Quis Pede Ltd,"Lifestyle, Health & Recreation",3167,3167,3083,3234
31153557593,Ut Semper Corporation,Technology & Professional Services,3541,3542,2336,3235
51906535389,Consectetuer Company,"Arts, Media & Entertainment",3195,3209,3015,3236
33969442512,Sit Amet Corp.,"Lifestyle, Health & Recreation",3165,3179,3075,3237
36479085063,Lacinia Orci Consectetuer Company,"Fashion, Jewelry & Personal Goods",3530,3532,2360,3238
45677220012,Dolor Fusce Associates,"Arts, Media & Entertainment",3114,3120,3190,3239
76419655212,Suspendisse Sagittis Nullam Company,Technology & Professional Services,3468,3465,2492,3240
26788127465,Donec Tincidunt LLP,"Arts, Media & Entertainment",3233,3228,2964,3241
89245892885,Lacus Associates,"Arts, Media & Entertainment",3190,3190,3047,3242
55446764764,Turpis Nulla Incorporated,"Home, Garden & Living",3414,3407,2610,3243
98844249092,Aliquet Industries,"Lifestyle, Health & Recreation",2893,2888,3650,3244
65739256790,Adipiscing Elit Company,"Arts, Media & Entertainment",3220,3217,2995,3245
27332799149,Parturient Montes Nascetur Incorporated,"Fashion, Jewelry & Personal Goods",3149,3145,3141,3246
25880142934,Sit Corp.,"Lifestyle, Health & Recreation",3085,3086,3264,3247
25545080719,Eget Dictum Placerat Incorporated,"Arts, Media & Entertainment",2998,2998,3439,3248
99063901069,Pede Ultrices Institute,"Lifestyle, Health & Recreation",3076,3080,3282,3249
61728854460,Elit Pharetra PC,Technology & Professional Services,3048,3045,3348,3250
58680132589,Ut Nec Urna PC,"Arts, Media & Entertainment",3229,3227,2986,3251
41378282924,Vulputate PC,Technology & Professional Services,3339,3339,2769,3252
74526386577,Imperdiet Nec Limited,"Home, Garden & Living",2795,2784,3869,3253
87284273126,Libero Mauris Inc.,Technology & Professional Services,3186,3187,3082,3254
32594843603,Tincidunt Dui Associates,"Lifestyle, Health & Recreation",3456,3455,2545,3255
34473591341,Dui Semper PC,"Home, Garden & Living",2987,2991,3483,3256
89389708676,Sit Incorporated,"Arts, Media & Entertainment",2959,2947,3558,3257
75453677512,In Magna Foundation,Technology & Professional Services,3489,3494,2482,3258
56993545247,Integer Vitae LLP,"Home, Garden & Living",3234,3224,3013,3259
35632109137,Natoque Penatibus Industries,"Fashion, Jewelry & Personal Goods",3340,3340,2795,3260
48381670641,Mi Pede Associates,"Home, Garden & Living",3284,3289,2902,3261
66748498849,Eleifend Nec Institute,Technology & Professional Services,3582,3584,2310,3262
68581310909,Et Rutrum LLP,"Home, Garden & Living",2945,2942,3595,3263
50100476535,Praesent Corp.,"Fashion, Jewelry & Personal Goods",3315,3308,2860,3264
27207000299,Egestas Sed Pharetra Limited,"Lifestyle, Health & Recreation",3621,3623,2242,3265
24314208971,Metus Ltd,Technology & Professional Services,3376,3378,2746,3266
34591758600,A Consulting,Technology & Professional Services,3390,3392,2726,3267
18547244547,Sem Nulla Interdum Corp.,"Fashion, Jewelry & Personal Goods",3166,3175,3167,3268
19119901659,Ante Dictum Mi Inc.,Technology & Professional Services,3179,3181,3150,3269
68731179079,Lacinia Limited,Technology & Professional Services,3392,3394,2727,3270
58382897215,Erat Volutpat Incorporated,"Home, Garden & Living",3100,3095,3318,3271
87824427219,Phasellus Fermentum Consulting,"Arts, Media & Entertainment",3212,3212,3092,3272
50551188214,Mauris Nulla Integer LLC,"Home, Garden & Living",3296,3297,2930,3273
18253795725,Quam Pellentesque Corporation,Technology & Professional Services,3486,3492,2547,3274
84507210939,Fermentum Convallis Ligula Foundation,"Home, Garden & Living",2976,2966,3585,3275
33108281623,Lectus LLP,"Home, Garden & Living",3093,3098,3339,3276
62774554856,Dolor Foundation,"Lifestyle, Health & Recreation",3058,3066,3408,3277
12710873213,Maecenas Mi Felis Limited,"Lifestyle, Health & Recreation",2992,2997,3543,3278
66943181420,Nisl Elementum Foundation,Technology & Professional Services,3087,3083,3364,3279
28880110118,Mauris Nulla Integer Ltd,"Arts, Media & Entertainment",3253,3254,3028,3280
55433932875,Nullam Vitae Diam PC,"Lifestyle, Health & Recreation",3689,3689,2168,3281
38074504441,Metus In Lorem Associates,"Fashion, Jewelry & Personal Goods",3425,3422,2701,3282
90739983707,Cras Lorem Associates,"Arts, Media & Entertainment",3148,3149,3252,3283
75875494789,Ut Pharetra Incorporated,"Arts, Media & Entertainment",3117,3102,3336,3284
24120162361,Ut Pellentesque Eget Inc.,"Arts, Media & Entertainment",3073,3082,3402,3285
61766463985,Integer Vulputate Foundation,"Lifestyle, Health & Recreation",3089,3096,3373,3286
63491526748,Neque Non Company,Technology & Professional Services,3126,3121,3319,3287
68840051984,In Ornare Sagittis PC,"Arts, Media & Entertainment",3111,3113,3342,3288
76934435529,Tellus Id Nunc Inc.,Technology & Professional Services,3027,3039,3502,3289
19378069235,Massa Vestibulum Incorporated,"Home, Garden & Living",3169,3168,3236,3290
66759753333,Aliquet Molestie Corp.,"Arts, Media & Entertainment",3077,3063,3433,3291
16903677169,Quis Lectus Nullam PC,"Fashion, Jewelry & Personal Goods",3083,3085,3407,3292
47342527664,Ligula Aenean Euismod Foundation,"Arts, Media & Entertainment",3129,3130,3317,3293
63948574402,Elit Pharetra Incorporated,"Arts, Media & Entertainment",3187,3180,3211,3294
12847992240,Nec Enim Company,Technology & Professional Services,3067,3068,3446,3295
13747603419,Fermentum Vel Mauris Institute,Technology & Professional Services,3591,3588,2405,3296
82803045102,Lobortis Class Aptent Incorporated,"Fashion, Jewelry & Personal Goods",3219,3220,3147,3297
26945243832,Nisi Magna Inc.,"Fashion, Jewelry & Personal Goods",3240,3237,3110,3298
62249204345,Iaculis Inc.,"Lifestyle, Health & Recreation",3153,3151,3283,3299
50585758076,Orci Luctus Et Corp.,"Arts, Media & Entertainment",3238,3241,3109,3300
85730774549,Vel Company,"Lifestyle, Health & Recreation",3422,3419,2756,3301
13103397121,Litora Torquent Limited,"Fashion, Jewelry & Personal Goods",3142,3142,3315,3302
54474048212,Leo Morbi Limited,Technology & Professional Services,3379,3370,2851,3303
56519940783,Malesuada Limited,"Fashion, Jewelry & Personal Goods",3435,3431,2735,3304
74423856957,Convallis Ligula Donec Corp.,"Home, Garden & Living",3282,3258,3061,3305
21156812402,Enim Mi Limited,"Lifestyle, Health & Recreation",3026,3021,3559,3306
55402538421,Orci Ut Semper Incorporated,"Home, Garden & Living",2929,2916,3762,3307
19894828184,Arcu Vel Associates,Technology & Professional Services,3113,3109,3386,3308
99319455478,Senectus LLP,"Fashion, Jewelry & Personal Goods",3045,3035,3529,3309
12182018430,Integer In Ltd,Technology & Professional Services,3369,3367,2874,3310
25876985396,Vitae Erat Vivamus Corp.,Technology & Professional Services,3275,3276,3072,3311
22019281430,Ipsum Suspendisse Corporation,"Arts, Media & Entertainment",3324,3322,2980,3312
76628269361,Odio Consulting,Technology & Professional Services,3088,3090,3448,3313
86028994742,Turpis In Industries,"Arts, Media & Entertainment",2878,2872,3876,3314
43980535151,Justo Corp.,"Arts, Media & Entertainment",3057,3056,3516,3315
59153557367,Magna Ut Incorporated,"Lifestyle, Health & Recreation",3184,3186,3260,3316
26482181417,A Purus Duis Consulting,Technology & Professional Services,3344,3342,2945,3317
22900076341,In Consequat LLC,Technology & Professional Services,3178,3173,3280,3318
22184299297,Mus Inc.,"Home, Garden & Living",3009,3009,3615,3319
62241198510,Imperdiet Ltd,"Lifestyle, Health & Recreation",3316,3312,3006,3320
59737558413,Sem Foundation,"Home, Garden & Living",3007,3012,3619,3321
45162888565,Risus Morbi LLC,Technology & Professional Services,2979,2982,3681,3322
39660241973,Facilisis Foundation,"Home, Garden & Living",3199,3193,3259,3323
21635402842,Aliquet Phasellus Limited,"Fashion, Jewelry & Personal Goods",2955,2955,3742,3324
34861537920,Hendrerit A Ltd,"Arts, Media & Entertainment",3095,3093,3466,3325
96809815920,Elit Elit PC,"Lifestyle, Health & Recreation",3123,3133,3404,3326
79925938654,Turpis Vitae Ltd,"Home, Garden & Living",3034,3017,3612,3327
74845501802,Aliquam Ltd,"Lifestyle, Health & Recreation",3072,3077,3519,3328
35393810060,Arcu Eu Odio Limited,"Arts, Media & Entertainment",3059,3054,3555,3329
32610248934,Mauris Non Dui PC,"Arts, Media & Entertainment",3280,3285,3104,3330
30769373086,Massa Vestibulum Ltd,"Fashion, Jewelry & Personal Goods",3481,3478,2711,3331
88539253623,Purus Mauris Company,"Home, Garden & Living",3082,3092,3501,3332
21437482304,Consectetuer Adipiscing Corp.,Technology & Professional Services,3115,3114,3449,3333
18924241226,At Velit Pellentesque Ltd,Technology & Professional Services,3549,3551,2581,3334
20352820919,A Feugiat Inc.,"Arts, Media & Entertainment",3122,3126,3434,3335
23399930700,Elementum LLC,"Home, Garden & Living",3097,3076,3509,3336
89097490915,Quisque Libero Lacus Limited,"Arts, Media & Entertainment",3235,3235,3213,3337
35385390863,Augue Id Ante Corporation,Technology & Professional Services,3208,3211,3266,3338
46456684596,Mi Aliquam LLC,"Lifestyle, Health & Recreation",3064,3061,3562,3339
81621391082,Faucibus Id Corp.,"Arts, Media & Entertainment",3121,3123,3445,3340
94780037589,Elit Company,"Home, Garden & Living",3367,3372,2958,3341
11700214701,Vitae Aliquam Incorporated,"Home, Garden & Living",3028,3030,3639,3342
47694806294,Viverra PC,Technology & Professional Services,3159,3163,3378,3343
91134280199,Metus In Industries,"Arts, Media & Entertainment",3193,3207,3301,3344
30772059502,Egestas Sed Pharetra Corp.,"Fashion, Jewelry & Personal Goods",3106,3084,3512,3345
18923178136,Eu PC,Technology & Professional Services,3552,3550,2603,3346
83841202959,Risus Morbi Metus Institute,Technology & Professional Services,3239,3240,3226,3347
86596364671,Pellentesque Eget Foundation,"Home, Garden & Living",3055,3044,3608,3348
62743415502,Auctor Vitae Aliquet Foundation,"Lifestyle, Health & Recreation",3443,3442,2825,3349
56683290946,Duis Mi LLC,"Fashion, Jewelry & Personal Goods",3413,3406,2899,3350
72677672233,At Nisi Cum LLP,"Arts, Media & Entertainment",3096,3089,3542,3351
78957925458,Volutpat Nunc Institute,"Lifestyle, Health & Recreation",3244,3249,3240,3352
84124629080,Aliquet Corp.,Technology & Professional Services,3306,3305,3125,3353
56210484274,Eget Odio PC,"Arts, Media & Entertainment",3245,3270,3227,3354
19811355860,Senectus Et PC,"Lifestyle, Health & Recreation",3218,3221,3304,3355
61745157507,Scelerisque Neque Nullam Ltd,"Arts, Media & Entertainment",3348,3344,3058,3356
82329510503,Orci Ut Institute,Technology & Professional Services,3782,3782,2188,3357
80821603856,Semper Erat Inc.,Technology & Professional Services,3198,3199,3356,3358
16771252290,Nonummy Corp.,"Lifestyle, Health & Recreation",3515,3516,2723,3359
43698901053,Pede Praesent Ltd,"Home, Garden & Living",2964,2959,3832,3360
20036872831,In Industries,"Arts, Media & Entertainment",3307,3311,3139,3361
66698569367,Arcu Nunc Mauris Institute,"Arts, Media & Entertainment",3141,3129,3492,3362
93238141799,Integer Sem Corp.,"Arts, Media & Entertainment",3209,3196,3367,3363
41528904756,Molestie Dapibus Corporation,"Home, Garden & Living",3221,3219,3338,3364
32897338221,Vel Nisl Incorporated,"Fashion, Jewelry & Personal Goods",3105,3110,3565,3365
13822969155,Pellentesque Habitant Morbi Associates,"Home, Garden & Living",3074,3078,3629,3366
41334628518,Vitae Inc.,"Home, Garden & Living",3318,3321,3144,3367
23055736061,Pede Inc.,"Fashion, Jewelry & Personal Goods",3464,3456,2864,3368
26821904622,Donec Tempor Est Incorporated,"Arts, Media & Entertainment",3295,3299,3194,3369
71002398501,Ipsum Phasellus Corp.,"Lifestyle, Health & Recreation",3276,3275,3239,3370
41081871148,Sem Consequat Institute,"Arts, Media & Entertainment",3465,3453,2881,3371
47087026221,Mauris Sit LLC,"Lifestyle, Health & Recreation",3025,3024,3755,3372
28755901991,Dictum Proin Eget Corp.,Technology & Professional Services,3671,3672,2465,3373
71703054238,Faucibus Orci Consulting,"Home, Garden & Living",3168,3159,3481,3374
67696830978,Ante Ipsum Primis Ltd,"Fashion, Jewelry & Personal Goods",3436,3446,2931,3375
33150692829,Mauris LLP,"Lifestyle, Health & Recreation",3726,3725,2364,3376
17496459532,Nonummy Ultricies Ornare Institute,"Lifestyle, Health & Recreation",3346,3338,3133,3377
70734215049,Nonummy Fusce Corp.,"Arts, Media & Entertainment",3211,3206,3401,3378
80398579170,Mauris Erat Industries,"Lifestyle, Health & Recreation",3374,3380,3066,3379
44496269421,Nisl Sem Industries,"Fashion, Jewelry & Personal Goods",3646,3649,2526,3380
48080014857,Mauris Eu Incorporated,"Fashion, Jewelry & Personal Goods",3278,3288,3258,3381
63710240186,Mauris Integer Sem Foundation,"Lifestyle, Health & Recreation",3203,3205,3418,3382
19401969640,Vestibulum Accumsan Incorporated,"Arts, Media & Entertainment",3136,3134,3557,3383
84056759251,Non Arcu Industries,Technology & Professional Services,3525,3528,2775,3384
52763133264,Dui Lectus LLP,"Fashion, Jewelry & Personal Goods",3226,3230,3372,3385
29687247370,Eget Metus PC,"Arts, Media & Entertainment",3063,3067,3700,3386
25867961009,Lorem Ipsum LLP,"Arts, Media & Entertainment",3285,3277,3271,3387
29032530325,Duis Incorporated,"Fashion, Jewelry & Personal Goods",3354,3354,3127,3388
45865544833,Sociosqu Ad Associates,"Lifestyle, Health & Recreation",3427,3415,2997,3389
93732268717,Tellus Nunc Industries,Technology & Professional Services,3560,3566,2722,3390
31323293694,Tellus Faucibus Leo Consulting,"Lifestyle, Health & Recreation",3471,3483,2900,3391
63275985428,Cras Pellentesque Sed Corp.,"Home, Garden & Living",3014,3020,3822,3392
48791943923,Nunc Pulvinar LLC,"Lifestyle, Health & Recreation",3381,3384,3093,3393
27452194956,Dictum Magna Ut Foundation,Technology & Professional Services,3181,3184,3496,3394
82830773225,Eget Odio Inc.,"Home, Garden & Living",3160,3162,3539,3395
45281821904,Mollis Nec Cursus Corp.,"Fashion, Jewelry & Personal Goods",3118,3103,3642,3396
91744809343,Egestas Associates,"Home, Garden & Living",3185,3182,3504,3397
26710073457,Est Ac Limited,"Arts, Media & Entertainment",3395,3403,3074,3398
22629400849,Auctor Non Incorporated,Technology & Professional Services,3101,3101,3671,3399
33223110337,Cras Lorem Lorem LLP,"Arts, Media & Entertainment",3266,3269,3340,3400
53042661217,Proin Velit Sed Ltd,Technology & Professional Services,3322,3314,3241,3401
81578465750,Nec Cursus PC,"Arts, Media & Entertainment",3347,3333,3208,3402
51291561948,Porttitor Interdum Associates,"Home, Garden & Living",3336,3328,3229,3403
52985233084,Feugiat Non Inc.,"Lifestyle, Health & Recreation",3810,3810,2274,3404
80338507655,Arcu Sed Incorporated,"Lifestyle, Health & Recreation",3124,3124,3646,3405
88923351769,Malesuada Augue Ut Associates,"Fashion, Jewelry & Personal Goods",3633,3636,2637,3406
74275445911,Sodales At Velit Industries,"Home, Garden & Living",3286,3281,3341,3407
87898093521,Donec Felis Orci Corporation,Technology & Professional Services,3164,3165,3580,3408
51759688899,Duis Risus Corp.,"Fashion, Jewelry & Personal Goods",3241,3242,3428,3409
21817899740,In Tincidunt Congue LLP,"Arts, Media & Entertainment",3345,3349,3219,3410
68252147715,Eget Laoreet Posuere Incorporated,"Fashion, Jewelry & Personal Goods",3151,3166,3599,3411
60429241521,Vitae Corp.,"Lifestyle, Health & Recreation",3264,3271,3387,3412
43329313854,Rutrum Fusce Dolor LLP,"Lifestyle, Health & Recreation",3161,3157,3610,3413
83702983188,Nunc In PC,Technology & Professional Services,3387,3387,3156,3414
37228343237,Odio A Purus Associates,"Fashion, Jewelry & Personal Goods",3327,3329,3278,3415
98006646106,Eget Magna Suspendisse Inc.,"Lifestyle, Health & Recreation",3188,3192,3554,3416
75475421683,Magna Tellus Limited,"Fashion, Jewelry & Personal Goods",3487,3487,2962,3417
25607153542,Diam Sed Inc.,Technology & Professional Services,3618,3621,2705,3418
67437008946,Id Magna Institute,"Home, Garden & Living",3216,3218,3514,3419
75239540583,Eget Volutpat Ornare Institute,"Fashion, Jewelry & Personal Goods",3127,3137,3685,3420
28175132063,Nec Urna Industries,"Arts, Media & Entertainment",3174,3170,3606,3421
10364012396,Rutrum Justo Ltd,"Arts, Media & Entertainment",3328,3331,3296,3422
67698554653,Dui Nec Tempus Inc.,"Fashion, Jewelry & Personal Goods",3314,3313,3328,3423
91633658840,Aenean Sed LLP,"Lifestyle, Health & Recreation",3177,3178,3600,3424
35176289951,Risus Ltd,Technology & Professional Services,3246,3255,3458,3425
33783846300,Suspendisse Non Leo LLP,"Fashion, Jewelry & Personal Goods",3155,3153,3654,3426
32350997564,Donec Vitae Corporation,"Home, Garden & Living",3269,3272,3424,3427
95276443363,Erat LLP,"Arts, Media & Entertainment",3247,3256,3462,3428
22615718811,Et Ipsum Cursus LLC,"Home, Garden & Living",3152,3160,3657,3429
12037481016,Consequat LLP,"Lifestyle, Health & Recreation",3272,3274,3426,3430
86137100428,Orci Company,"Fashion, Jewelry & Personal Goods",3081,3087,3811,3431
78914491399,Laoreet Lectus Quis Corporation,"Arts, Media & Entertainment",3183,3172,3625,3432
56738437245,Fringilla Corp.,"Arts, Media & Entertainment",3408,3408,3165,3433
77617184086,Metus Vivamus Euismod LLP,"Lifestyle, Health & Recreation",3625,3622,2738,3434
54785263912,Eget Tincidunt Dui LLC,"Lifestyle, Health & Recreation",3483,3484,3019,3435
82499272010,Sed Eget Foundation,"Lifestyle, Health & Recreation",3197,3198,3593,3436
50940521426,Vel Est Tempor Ltd,Technology & Professional Services,3520,3521,2954,3437
25027599663,Pharetra Nam Ac Limited,"Arts, Media & Entertainment",3259,3247,3493,3438
82931448033,Augue Limited,Technology & Professional Services,3391,3391,3225,3439
30378250411,Congue Turpis Ltd,"Home, Garden & Living",3411,3412,3185,3440
13401263605,Fames Inc.,"Home, Garden & Living",3416,3425,3168,3441
96885194635,Sociis Ltd,"Home, Garden & Living",3551,3548,2913,3442
81572403264,Interdum Curabitur Company,"Arts, Media & Entertainment",3442,3434,3137,3443
44779505142,Mauris Integer Corp.,"Arts, Media & Entertainment",3429,3429,3160,3444
51221851716,Ac Turpis Inc.,"Home, Garden & Living",3086,3070,3862,3445
15514494276,Et Euismod Et Associates,Technology & Professional Services,3304,3302,3415,3446
12296390138,Montes Nascetur Ridiculus Industries,"Home, Garden & Living",3270,3263,3489,3447
20073297612,Dictum Sapien Associates,"Arts, Media & Entertainment",3430,3432,3161,3448
55883454313,Vitae Orci Phasellus Foundation,"Lifestyle, Health & Recreation",3620,3624,2782,3449
48687812209,Eu Enim LLC,"Fashion, Jewelry & Personal Goods",3568,3571,2890,3450
51266227991,Neque Et Corp.,Technology & Professional Services,3588,3583,2863,3451
93113531213,Non Enim Mauris Ltd,"Arts, Media & Entertainment",3692,3692,2653,3452
22298599094,Hymenaeos Ltd,"Lifestyle, Health & Recreation",3405,3399,3233,3453
69655310165,Elit Pharetra Corporation,"Arts, Media & Entertainment",3385,3388,3269,3454
60318067173,Placerat Velit LLP,"Fashion, Jewelry & Personal Goods",3325,3327,3391,3455
46185641901,Velit Limited,"Lifestyle, Health & Recreation",3498,3496,3050,3456
63735907565,Vel Associates,"Lifestyle, Health & Recreation",3572,3565,2908,3457
68398369995,Ultricies Ornare Consulting,"Lifestyle, Health & Recreation",3388,3385,3275,3458
72886104064,Sit Amet LLC,"Arts, Media & Entertainment",3236,3233,3581,3459
69327757904,Ut Ipsum Ltd,"Home, Garden & Living",3230,3234,3589,3460
53284532894,Dignissim Lacus Foundation,"Arts, Media & Entertainment",3555,3560,2941,3461
11208869091,Cursus Et Eros LLP,"Arts, Media & Entertainment",3249,3246,3564,3462
87852604073,Dolor Elit Company,"Arts, Media & Entertainment",3231,3231,3597,3463
37023533442,Ipsum Nunc Foundation,"Home, Garden & Living",3277,3264,3520,3464
94848797110,Nunc Incorporated,Technology & Professional Services,3537,3540,2987,3465
78004123157,Nisl Nulla Corporation,"Fashion, Jewelry & Personal Goods",3175,3177,3713,3466
93679380088,Quam Dignissim Corporation,"Lifestyle, Health & Recreation",3173,3191,3702,3467
78980774216,Laoreet Company,"Lifestyle, Health & Recreation",3777,3778,2516,3468
43861698351,Commodo PC,Technology & Professional Services,3438,3436,3197,3469
55948741668,Orci Sem Eget Foundation,"Arts, Media & Entertainment",3309,3315,3447,3470
24462154202,Cursus Limited,"Arts, Media & Entertainment",3192,3188,3693,3471
72692207411,Suspendisse PC,"Lifestyle, Health & Recreation",3222,3222,3636,3472
16019856141,Dignissim Magna Incorporated,"Arts, Media & Entertainment",3271,3266,3545,3473
81231087950,Quisque Tincidunt Incorporated,"Arts, Media & Entertainment",3251,3253,3582,3474
93936767851,Orci Phasellus Corporation,Technology & Professional Services,3441,3443,3210,3475
33043043175,Ipsum Leo Consulting,"Arts, Media & Entertainment",3565,3572,2960,3476
34978524408,Nec Imperdiet LLP,"Home, Garden & Living",3228,3226,3648,3477
93090969200,Eu Eleifend Nec PC,"Arts, Media & Entertainment",3194,3189,3721,3478
63286055458,Maecenas Libero Est Inc.,"Arts, Media & Entertainment",3289,3295,3521,3479
91760304024,Morbi Accumsan Corporation,"Arts, Media & Entertainment",3421,3433,3254,3480
79989686193,Lorem Ipsum Dolor LLC,"Home, Garden & Living",3350,3350,3419,3481
79390569536,Montes Nascetur Ridiculus Associates,"Lifestyle, Health & Recreation",3349,3353,3429,3482
75393511037,Curabitur Dictum Phasellus LLC,"Fashion, Jewelry & Personal Goods",3434,3427,3273,3483
31570712230,Pharetra Nam Corporation,"Lifestyle, Health & Recreation",3317,3319,3498,3484
94793419942,Eget LLP,Technology & Professional Services,3424,3426,3287,3485
80269355438,Massa Non Ante Foundation,"Arts, Media & Entertainment",3410,3416,3311,3486
31861513116,Parturient Montes Nascetur Corp.,"Arts, Media & Entertainment",3356,3351,3431,3487
19687751331,Nulla Semper LLP,"Fashion, Jewelry & Personal Goods",3182,3171,3785,3488
83147343261,Porttitor Scelerisque Neque Ltd,"Fashion, Jewelry & Personal Goods",3135,3118,3886,3489
73205504863,At Pretium Limited,"Arts, Media & Entertainment",3833,3833,2474,3490
52351039440,Luctus Institute,"Arts, Media & Entertainment",3378,3379,3383,3491
61547674285,Ipsum Suspendisse PC,Technology & Professional Services,3676,3678,2789,3492
86441371046,Malesuada Fames Ltd,Technology & Professional Services,3512,3515,3116,3493
46050001394,Donec Associates,"Home, Garden & Living",3310,3307,3526,3494
44010826572,Eros Non LLP,"Home, Garden & Living",3303,3309,3531,3495
16432242544,Aliquam Eros Company,"Arts, Media & Entertainment",3363,3360,3421,3496
13900607417,Pharetra Institute,"Arts, Media & Entertainment",3158,3152,3834,3497
83901679234,Mauris Quis Turpis Associates,"Home, Garden & Living",3214,3216,3723,3498
88475230162,Urna Nullam Lobortis Institute,"Home, Garden & Living",3364,3358,3441,3499
40819329493,Cursus PC,"Fashion, Jewelry & Personal Goods",3250,3244,3670,3500
53872162300,Cursus LLP,"Fashion, Jewelry & Personal Goods",3394,3396,3375,3501
34322206505,Ac Mattis Semper Corporation,"Lifestyle, Health & Recreation",3433,3438,3299,3502
17028880379,Sem Mollis Inc.,"Home, Garden & Living",3273,3283,3616,3503
62040991164,Augue Inc.,"Arts, Media & Entertainment",3242,3238,3692,3504
64581529554,Tempus Eu Ligula Inc.,Technology & Professional Services,3802,3801,2570,3505
73668345880,Tincidunt Nunc Ac LLP,"Home, Garden & Living",3372,3373,3432,3506
86670100004,Ipsum Suspendisse Non Ltd,"Home, Garden & Living",3260,3268,3649,3507
53769121598,Nullam Corp.,"Home, Garden & Living",3558,3567,3053,3508
79485323533,Libero Donec Associates,"Arts, Media & Entertainment",3402,3404,3376,3509
20131680113,Adipiscing Lacus Ut Corp.,"Home, Garden & Living",3287,3290,3605,3510
17189523131,Fusce Aliquet Limited,Technology & Professional Services,3511,3505,3170,3511
43078277216,Fermentum Risus Ltd,"Home, Garden & Living",3320,3320,3552,3512
85684792409,Risus Donec Nibh LLC,"Lifestyle, Health & Recreation",3223,3215,3756,3513
92516609757,Consectetuer Ltd,"Arts, Media & Entertainment",3473,3473,3253,3514
86201172910,Ut Semper Incorporated,Technology & Professional Services,3492,3501,3207,3515
99445005261,Nibh Vulputate Incorporated,"Home, Garden & Living",3262,3259,3679,3516
60061618643,Aliquet Vel Vulputate Ltd,Technology & Professional Services,3200,3195,3805,3517
61813633430,Nunc Pulvinar Arcu Foundation,"Fashion, Jewelry & Personal Goods",3281,3280,3641,3518
63265918828,Diam At Pretium Inc.,"Lifestyle, Health & Recreation",3274,3265,3663,3519
23455487331,Egestas PC,"Lifestyle, Health & Recreation",3423,3420,3360,3520
30749472383,Pharetra Sed Foundation,"Arts, Media & Entertainment",3292,3291,3622,3521
92594285117,Donec Foundation,Technology & Professional Services,3319,3318,3569,3522
93072925663,Consequat Dolor Corp.,"Lifestyle, Health & Recreation",3265,3279,3664,3523
52375327397,A Purus Consulting,"Fashion, Jewelry & Personal Goods",3205,3200,3804,3524
98649976089,Egestas Fusce Industries,"Home, Garden & Living",3444,3445,3324,3525
95566253960,Fermentum Metus Inc.,"Home, Garden & Living",3268,3273,3674,3526
86416078719,Quisque Porttitor Associates,"Home, Garden & Living",3213,3214,3792,3527
25103945596,Gravida Sagittis Limited,Technology & Professional Services,3337,3347,3538,3528
35883675055,Tellus Justo Institute,"Arts, Media & Entertainment",3461,3463,3306,3529
61867784114,Pharetra Felis Limited,"Lifestyle, Health & Recreation",3564,3569,3099,3530
16334864366,Curabitur LLP,"Lifestyle, Health & Recreation",3335,3337,3566,3531
52379134298,Eu Foundation,Technology & Professional Services,3323,3323,3592,3532
50446282783,Volutpat Ornare Corp.,"Home, Garden & Living",3248,3252,3738,3533
75079342466,Turpis Non Associates,"Arts, Media & Entertainment",3330,3332,3577,3534
97465686404,Ipsum Non Arcu Consulting,Technology & Professional Services,3460,3470,3314,3535
69030600619,Sit Inc.,"Home, Garden & Living",3380,3374,3494,3536
70356719692,Nunc Lectus Associates,"Arts, Media & Entertainment",3396,3383,3470,3537
78563968372,Lorem Incorporated,"Fashion, Jewelry & Personal Goods",3458,3457,3335,3538
16199101110,Et Magnis Dis Corporation,"Arts, Media & Entertainment",3294,3286,3675,3539
33076003501,Sem Eget Limited,"Home, Garden & Living",3455,3452,3352,3540
71305424518,Vivamus Molestie Corporation,"Arts, Media & Entertainment",3389,3381,3491,3541
37419282352,Tristique Senectus Corp.,"Arts, Media & Entertainment",3368,3352,3541,3542
87233538213,Posuere At Incorporated,"Arts, Media & Entertainment",3305,3306,3656,3543
77834689084,Gravida Sagittis Duis Foundation,"Home, Garden & Living",3482,3471,3316,3544
71118957552,Suscipit Nonummy Consulting,"Lifestyle, Health & Recreation",3362,3364,3546,3545
62379298278,Vitae Purus Industries,"Fashion, Jewelry & Personal Goods",3343,3330,3604,3546
87931914124,Felis Nulla Foundation,Technology & Professional Services,3360,3362,3560,3547
37802138328,Nunc Ullamcorper Velit Corporation,Technology & Professional Services,3415,3413,3455,3548
73046248717,Donec Fringilla Limited,"Arts, Media & Entertainment",3326,3326,3632,3549
43590095676,Fermentum Fermentum Corporation,"Lifestyle, Health & Recreation",3521,3519,3246,3550
80551528183,Ac Ipsum LLC,"Home, Garden & Living",3291,3287,3708,3551
60654402457,Lacus Quisque Imperdiet Institute,"Arts, Media & Entertainment",3371,3382,3534,3552
47124041214,Congue Turpis Institute,"Lifestyle, Health & Recreation",3447,3451,3390,3553
42497793396,Nunc Id LLP,"Fashion, Jewelry & Personal Goods",3404,3414,3473,3554
54171624416,Dolor Corporation,Technology & Professional Services,3386,3389,3518,3555
90058425621,Pellentesque Ut Associates,Technology & Professional Services,3290,3293,3710,3556
33084912594,Sed Nulla Ante Foundation,"Lifestyle, Health & Recreation",3604,3608,3084,3557
54528548574,Consectetuer Rhoncus Institute,"Lifestyle, Health & Recreation",3545,3538,3222,3558
10385011947,Tellus Foundation,"Arts, Media & Entertainment",3342,3343,3623,3559
25349409223,Penatibus Et Ltd,"Lifestyle, Health & Recreation",3311,3296,3705,3560
18135911314,Ac Arcu Inc.,"Arts, Media & Entertainment",3600,3600,3113,3561
41544083714,Convallis Dolor Foundation,"Fashion, Jewelry & Personal Goods",3426,3423,3464,3562
65345485504,Elementum Dui Limited,"Arts, Media & Entertainment",3418,3424,3478,3563
22090875218,Aliquam Auctor Institute,"Fashion, Jewelry & Personal Goods",3469,3477,3395,3564
79572520294,Viverra LLC,"Home, Garden & Living",3357,3369,3617,3565
12711807314,Senectus Foundation,"Lifestyle, Health & Recreation",3707,3707,2939,3566
28034382339,Elit Pretium Industries,"Arts, Media & Entertainment",3622,3618,3114,3567
69381712591,Primis In LLC,"Home, Garden & Living",3352,3355,3647,3568
62854571289,Nibh Quisque Institute,"Fashion, Jewelry & Personal Goods",3759,3759,2839,3569
28504709344,Consequat Corp.,"Fashion, Jewelry & Personal Goods",3785,3785,2796,3570
49867386620,A Malesuada Id Ltd,"Arts, Media & Entertainment",3267,3261,3840,3571
64033337945,In Lobortis Limited,"Home, Garden & Living",3365,3346,3659,3572
98162727883,Enim Diam Corporation,"Arts, Media & Entertainment",3627,3625,3119,3573
78150905875,Pharetra Nibh Consulting,"Fashion, Jewelry & Personal Goods",3626,3626,3122,3574
20877828351,Semper Dui LLP,"Lifestyle, Health & Recreation",3399,3401,3579,3575
86269318582,Mauris Ut Mi Corporation,"Fashion, Jewelry & Personal Goods",3477,3479,3425,3576
71376104230,Aliquam Rutrum Company,"Arts, Media & Entertainment",3751,3750,2884,3577
31471800699,Egestas Aliquam Corp.,"Lifestyle, Health & Recreation",3570,3559,3256,3578
95720895543,Amet Dapibus Corp.,"Arts, Media & Entertainment",3497,3497,3396,3579
33967237843,Commodo At Corp.,"Lifestyle, Health & Recreation",3499,3491,3400,3580
29917527785,Ullamcorper Corp.,"Arts, Media & Entertainment",3495,3499,3397,3581
90909339288,A Arcu Sed Corporation,Technology & Professional Services,3508,3510,3388,3582
78585563847,Hendrerit Industries,"Home, Garden & Living",3351,3356,3707,3583
34268093162,Mi Felis Adipiscing Corp.,Technology & Professional Services,3358,3363,3703,3584
88987269041,Commodo Tincidunt Corp.,"Home, Garden & Living",3312,3310,3807,3585
19770897283,Risus Duis Inc.,"Arts, Media & Entertainment",3401,3395,3635,3586
70401028896,Suspendisse Company,"Home, Garden & Living",3279,3278,3874,3587
83159206648,At Lacus LLC,"Fashion, Jewelry & Personal Goods",3403,3400,3631,3588
18714755910,Feugiat Non Lobortis Ltd,"Fashion, Jewelry & Personal Goods",3397,3393,3644,3589
93346068525,Ipsum Curabitur Institute,"Lifestyle, Health & Recreation",3300,3303,3831,3590
22812667768,Feugiat Tellus Lorem Ltd,"Arts, Media & Entertainment",3446,3444,3548,3591
74752814665,Aliquam Erat Volutpat Associates,"Lifestyle, Health & Recreation",3539,3534,3368,3592
75517762890,Cursus Et Corporation,"Lifestyle, Health & Recreation",3332,3336,3773,3593
75726900852,Erat Semper Rutrum Corporation,"Home, Garden & Living",3466,3462,3528,3594
87451351990,Feugiat Sed Nec Foundation,"Lifestyle, Health & Recreation",3682,3680,3095,3595
98065308169,Magna A Corp.,Technology & Professional Services,3507,3513,3438,3596
51420872378,Facilisis Suspendisse Corporation,"Arts, Media & Entertainment",3462,3469,3533,3597
11470993597,Sed Associates,"Fashion, Jewelry & Personal Goods",3619,3614,3237,3598
85414931149,Lorem Limited,"Home, Garden & Living",3361,3368,3744,3599
26465868807,Volutpat Ornare LLC,"Lifestyle, Health & Recreation",3484,3485,3506,3600
86145109204,Non Quam Incorporated,"Lifestyle, Health & Recreation",3580,3577,3320,3601
76541333930,Tempus Scelerisque Corporation,"Arts, Media & Entertainment",3743,3742,2998,3602
39354019183,Ac Risus Morbi Industries,"Home, Garden & Living",3519,3520,3450,3603
38864597115,Convallis Est Foundation,Technology & Professional Services,3536,3539,3417,3604
62711420968,Volutpat Ornare LLP,"Fashion, Jewelry & Personal Goods",3544,3552,3398,3605
83113618128,Cras Sed Incorporated,"Home, Garden & Living",3472,3464,3567,3606
92068365770,Magnis Dis Parturient Foundation,"Lifestyle, Health & Recreation",3540,3541,3427,3607
68889885215,Faucibus Lectus A Inc.,"Arts, Media & Entertainment",3664,3664,3184,3608
96381568282,Quisque LLC,"Lifestyle, Health & Recreation",3788,3787,2938,3609
87070619541,Enim Industries,"Arts, Media & Entertainment",3529,3529,3457,3610
80132164373,Integer Sem Corporation,"Home, Garden & Living",3505,3498,3513,3611
25963848680,Vitae Foundation,"Lifestyle, Health & Recreation",3366,3371,3780,3612
87566366459,Amet Foundation,"Lifestyle, Health & Recreation",3474,3467,3578,3613
26025787253,Felis Donec Limited,"Home, Garden & Living",3603,3605,3313,3614
31840064969,Suspendisse Dui Institute,"Lifestyle, Health & Recreation",3575,3578,3369,3615
55702861356,Donec Feugiat Metus Associates,"Lifestyle, Health & Recreation",3437,3435,3651,3616
98003940525,Sapien LLC,"Lifestyle, Health & Recreation",3313,3317,3893,3617
14955471775,A Associates,"Lifestyle, Health & Recreation",3412,3411,3704,3618
87759704856,Neque Vitae LLC,"Arts, Media & Entertainment",3451,3448,3638,3619
29166700531,Ac Eleifend PC,Technology & Professional Services,3767,3769,3009,3620
23388327799,Id Enim Corp.,"Home, Garden & Living",3563,3563,3420,3621
94449176518,Erat Vel Corp.,"Home, Garden & Living",3654,3650,3243,3622
57862801023,Nisi A Odio Associates,"Lifestyle, Health & Recreation",3596,3596,3355,3623
32598536052,Feugiat Lorem Ipsum Industries,"Home, Garden & Living",3420,3418,3709,3624
96545108198,Eget PC,Technology & Professional Services,3428,3437,3684,3625
85350608395,Cursus Et Magna PC,"Lifestyle, Health & Recreation",3383,3390,3776,3626
78080443264,Nullam Enim Sed Incorporated,"Home, Garden & Living",3844,3842,2866,3627
94601812317,Ornare Lectus Ltd,"Arts, Media & Entertainment",3579,3579,3394,3628
13803154777,Lorem Auctor LLC,"Arts, Media & Entertainment",3594,3595,3370,3629
34262348703,Mattis Semper Dui Foundation,Technology & Professional Services,3550,3544,3465,3630
98596134379,Nostra Per Limited,"Arts, Media & Entertainment",3432,3428,3701,3631
81325516978,Auctor Velit Industries,"Fashion, Jewelry & Personal Goods",3768,3770,3031,3632
17866919544,Orci Sem LLP,"Arts, Media & Entertainment",3801,3802,2969,3633
12404803031,Porttitor Scelerisque Neque Limited,"Arts, Media & Entertainment",3644,3644,3290,3634
18112900644,Lacus Etiam Institute,Technology & Professional Services,3538,3536,3505,3635
34440496342,Mauris Nulla Integer Industries,"Lifestyle, Health & Recreation",3419,3417,3751,3636
50142652861,Vel Lectus Cum Inc.,"Lifestyle, Health & Recreation",3453,3459,3677,3637
48952879715,Mauris Sagittis Placerat Consulting,"Fashion, Jewelry & Personal Goods",3561,3556,3474,3638
33654290585,Lacus Pede Corporation,"Lifestyle, Health & Recreation",3370,3366,3858,3639
36494504426,Metus Aliquam Industries,"Arts, Media & Entertainment",3463,3472,3661,3640
70306626982,Posuere Cubilia Curae Institute,"Lifestyle, Health & Recreation",3454,3454,3688,3641
72300821269,Sem Egestas Blandit Consulting,Technology & Professional Services,3440,3439,3717,3642
95149235949,Et Nunc Inc.,"Arts, Media & Entertainment",3382,3376,3838,3643
35475436187,Orci Lacus Vestibulum Institute,"Fashion, Jewelry & Personal Goods",3624,3628,3347,3644
66499078575,Enim Sed Corp.,"Home, Garden & Living",3546,3549,3508,3645
72436557937,Dui Cras Consulting,"Fashion, Jewelry & Personal Goods",3571,3575,3459,3646
69726000438,Auctor Velit Eget Corp.,"Arts, Media & Entertainment",3517,3517,3575,3647
72762528640,Sit Amet Risus Associates,"Lifestyle, Health & Recreation",3535,3537,3540,3648
40836710601,Velit Eu Sem Foundation,"Lifestyle, Health & Recreation",3491,3489,3634,3649
29317230624,Ligula Elit Corp.,"Home, Garden & Living",3467,3458,3695,3650
85151559066,Imperdiet Inc.,"Lifestyle, Health & Recreation",3445,3440,3735,3651
28855451293,Purus Nullam Scelerisque Corporation,"Fashion, Jewelry & Personal Goods",3584,3574,3467,3652
51163531045,Turpis In LLP,"Arts, Media & Entertainment",3557,3558,3511,3653
32196789327,Vestibulum Accumsan Neque Industries,"Arts, Media & Entertainment",3586,3590,3456,3654
18064155652,Lectus Justo Ltd,"Home, Garden & Living",3670,3670,3294,3655
39247174689,Vulputate Ullamcorper Magna LLC,"Home, Garden & Living",3475,3476,3683,3656
68275485458,Morbi Sit Inc.,"Arts, Media & Entertainment",3522,3524,3590,3657
36105169298,Amet Diam Company,"Lifestyle, Health & Recreation",3602,3603,3437,3658
72780061668,Mattis Velit Justo Company,"Arts, Media & Entertainment",3784,3784,3079,3659
17978936678,Congue A Aliquet Ltd,"Lifestyle, Health & Recreation",3638,3639,3371,3660
76191648069,Cras PC,"Lifestyle, Health & Recreation",3574,3573,3507,3661
71729809380,In Consectetuer Ipsum Foundation,"Arts, Media & Entertainment",3566,3564,3527,3662
40711681376,Lorem Eu Consulting,"Lifestyle, Health & Recreation",3548,3546,3563,3663
35381098677,Egestas Corp.,"Lifestyle, Health & Recreation",3384,3386,3905,3664
87211363921,Mauris Non PC,"Fashion, Jewelry & Personal Goods",3695,3693,3291,3665
42940970845,Erat Eget Ipsum Industries,Technology & Professional Services,3632,3632,3416,3666
69202616607,Sit Amet Consectetuer Incorporated,"Lifestyle, Health & Recreation",3683,3686,3312,3667
49715970676,Lobortis Quis Foundation,"Home, Garden & Living",3542,3545,3594,3668
82882476966,Montes Nascetur Ltd,Technology & Professional Services,3722,3720,3242,3669
75783319472,Non Leo Foundation,"Home, Garden & Living",3510,3508,3673,3670
85363843407,Lectus Ante Corporation,"Arts, Media & Entertainment",3513,3502,3680,3671
42724910979,Vitae Nibh Donec Institute,"Lifestyle, Health & Recreation",3480,3482,3733,3672
20213430114,Dui Fusce Incorporated,"Home, Garden & Living",3547,3547,3602,3673
88106318416,Ac Mi LLC,"Fashion, Jewelry & Personal Goods",3607,3598,3499,3674
18126169589,Elit A PC,"Home, Garden & Living",3583,3589,3532,3675
59477140425,Amet Orci Ut LLP,"Lifestyle, Health & Recreation",3534,3533,3637,3676
65453072511,Vehicula Aliquet LLC,Technology & Professional Services,3749,3748,3215,3677
13067850740,Felis Eget Industries,"Home, Garden & Living",3409,3410,3895,3678
79786100790,Consectetuer Adipiscing PC,"Arts, Media & Entertainment",3573,3568,3576,3679
89029397913,Elit Incorporated,"Fashion, Jewelry & Personal Goods",3694,3697,3327,3680
69936752900,Neque Morbi Quis Industries,"Arts, Media & Entertainment",3406,3405,3909,3681
59547553329,Phasellus Elit Consulting,"Home, Garden & Living",3452,3447,3824,3682
34377873597,Ridiculus Mus Corp.,"Home, Garden & Living",3514,3512,3698,3683
16315736437,Id Mollis Limited,Technology & Professional Services,3509,3506,3712,3684
74353814311,Accumsan Interdum Libero Associates,Technology & Professional Services,3506,3507,3714,3685
50623435704,Fusce Mollis Inc.,"Fashion, Jewelry & Personal Goods",3616,3612,3500,3686
95013376739,Tristique Aliquet Phasellus Corporation,"Arts, Media & Entertainment",3459,3466,3828,3687
61333423388,Ligula Nullam LLP,"Arts, Media & Entertainment",3592,3592,3570,3688
25619276404,Blandit Mattis PC,Technology & Professional Services,3576,3576,3609,3689
30571576650,Tellus Sem Mollis Institute,"Home, Garden & Living",3661,3663,3440,3690
59873499253,Velit Associates,"Fashion, Jewelry & Personal Goods",3503,3511,3750,3691
42399949944,Interdum Ligula Institute,"Arts, Media & Entertainment",3478,3481,3806,3692
10922217544,Justo Associates,"Fashion, Jewelry & Personal Goods",3744,3746,3276,3693
99053443481,Nunc Ac Incorporated,"Home, Garden & Living",3524,3526,3716,3694
96336573256,Sit Industries,"Arts, Media & Entertainment",3838,3838,3091,3695
12353567572,Quam Curabitur Company,"Arts, Media & Entertainment",3609,3613,3547,3696
79890957413,Sed Orci Corp.,"Fashion, Jewelry & Personal Goods",3553,3554,3669,3697
30440941247,Sit Amet Company,Technology & Professional Services,3610,3609,3561,3698
94380689142,Aliquet Ltd,"Lifestyle, Health & Recreation",3611,3610,3568,3699
83137200038,Nisi Nibh LLP,"Lifestyle, Health & Recreation",3494,3486,3810,3700
15093767253,Arcu Curabitur Limited,"Arts, Media & Entertainment",3652,3655,3484,3701
74990074874,Non LLP,"Lifestyle, Health & Recreation",3599,3601,3591,3702
68977708301,Amet Nulla Incorporated,"Fashion, Jewelry & Personal Goods",3479,3474,3846,3703
55306852930,Pede Nunc LLC,"Arts, Media & Entertainment",3606,3607,3588,3704
36436872469,Dui Cras Pellentesque Corporation,"Lifestyle, Health & Recreation",3526,3527,3748,3705
64464998822,Vitae Semper LLP,"Lifestyle, Health & Recreation",3476,3480,3849,3706
36758807067,Pellentesque Ut Ipsum Institute,"Fashion, Jewelry & Personal Goods",3829,3829,3148,3707
97164071366,Augue Sed Institute,Technology & Professional Services,3593,3591,3626,3708
22168725907,Sed Neque Limited,"Home, Garden & Living",3648,3646,3522,3709
78207255639,Vitae Institute,"Home, Garden & Living",3502,3500,3820,3710
97748234104,Vitae Diam PC,"Home, Garden & Living",3516,3514,3796,3711
31202988152,Justo Eu Corporation,"Home, Garden & Living",3637,3634,3556,3712
51493378591,Fusce Aliquet Magna LLC,"Lifestyle, Health & Recreation",3523,3523,3783,3713
38251474462,Ipsum Dolor LLC,"Fashion, Jewelry & Personal Goods",3634,3637,3573,3714
41594644510,Dolor Incorporated,"Lifestyle, Health & Recreation",3556,3557,3737,3715
70498641647,Elit Corporation,"Home, Garden & Living",3488,3488,3879,3716
57508813253,Vivamus Non LLC,"Home, Garden & Living",3641,3642,3574,3717
82851440438,Egestas Blandit Institute,"Lifestyle, Health & Recreation",3518,3518,3826,3718
13248824465,Convallis Erat Limited,"Home, Garden & Living",3612,3611,3640,3719
20415536115,Nibh Phasellus Nulla Industries,"Home, Garden & Living",3532,3522,3809,3720
81271508783,Auctor Mauris PC,"Home, Garden & Living",3533,3535,3802,3721
14796275705,In Tincidunt Congue Institute,"Home, Garden & Living",3559,3561,3753,3722
59739116052,Ultrices Mauris Foundation,"Home, Garden & Living",3645,3645,3584,3723
66650274915,Gravida Praesent Industries,"Home, Garden & Living",3543,3543,3791,3724
61968317984,Ante Ipsum Ltd,"Lifestyle, Health & Recreation",3807,3808,3263,3725
92836597532,A Magna Lorem Ltd,"Home, Garden & Living",3500,3504,3888,3726
48294754935,Placerat Eget Institute,"Home, Garden & Living",3587,3582,3726,3727
66690609706,Non Corp.,"Arts, Media & Entertainment",3673,3671,3553,3728
25019506172,Proin Vel Inc.,Technology & Professional Services,3863,3863,3174,3729
35979239098,Pede Nunc Sed Incorporated,"Lifestyle, Health & Recreation",3501,3503,3896,3730
15704713883,Faucibus Ut Nulla Ltd,"Lifestyle, Health & Recreation",3719,3722,3461,3731
75522897148,Vestibulum Lorem Inc.,Technology & Professional Services,3776,3773,3354,3732
52618285087,Fusce Diam Incorporated,"Arts, Media & Entertainment",3531,3530,3847,3733
65741331791,Tellus Faucibus Inc.,"Arts, Media & Entertainment",3527,3525,3857,3734
58317155743,Ante Dictum Associates,"Fashion, Jewelry & Personal Goods",3562,3562,3793,3735
62807084929,Pede Ac Urna LLP,Technology & Professional Services,3666,3667,3587,3736
66302484683,Accumsan PC,"Lifestyle, Health & Recreation",3659,3660,3601,3737
60152133722,Amet Ornare Company,"Lifestyle, Health & Recreation",3613,3615,3694,3738
90477374366,Montes Limited,"Home, Garden & Living",3653,3654,3624,3739
33754604709,Nullam Suscipit Ltd,"Lifestyle, Health & Recreation",3716,3719,3497,3740
23600565711,Ut Nulla Ltd,"Home, Garden & Living",3660,3659,3614,3741
60470829287,Phasellus Nulla Incorporated,"Arts, Media & Entertainment",3567,3555,3812,3742
27674806739,Tortor Nibh Industries,"Arts, Media & Entertainment",3608,3602,3727,3743
20774839004,Laoreet Lectus Limited,"Lifestyle, Health & Recreation",3657,3656,3630,3744
20450624188,Nullam Nisl Maecenas PC,"Fashion, Jewelry & Personal Goods",3554,3553,3839,3745
70417126663,Fermentum Fermentum Arcu Industries,"Arts, Media & Entertainment",3601,3604,3743,3746
17429613585,Vel Convallis Company,Technology & Professional Services,3589,3593,3768,3747
50921929340,Aliquet Odio Ltd,"Arts, Media & Entertainment",3804,3803,3344,3748
37750618930,Consectetuer Ipsum PC,"Arts, Media & Entertainment",3630,3631,3691,3749
31770481079,Enim Diam Associates,"Lifestyle, Health & Recreation",3577,3580,3800,3750
43168490529,Quis Diam PC,"Arts, Media & Entertainment",3528,3531,3898,3751
17294075449,In Faucibus Incorporated,"Arts, Media & Entertainment",3773,3776,3413,3752
48883076820,Enim Consequat Corporation,Technology & Professional Services,3597,3594,3778,3753
48185232979,At Limited,"Home, Garden & Living",3650,3648,3672,3754
63442187477,Vestibulum Lorem Corp.,"Arts, Media & Entertainment",3635,3638,3697,3755
67138995619,Pede Cum Inc.,"Arts, Media & Entertainment",3617,3617,3741,3756
60196678179,Ac Fermentum Associates,Technology & Professional Services,3762,3763,3453,3757
64523396248,Sapien Nunc Pulvinar Foundation,"Lifestyle, Health & Recreation",3581,3586,3815,3758
96458464738,Non Luctus Sit Incorporated,"Fashion, Jewelry & Personal Goods",3628,3630,3732,3759
93658191062,Ridiculus Mus Industries,Technology & Professional Services,3578,3585,3830,3760
65600957125,Orci Luctus Inc.,"Arts, Media & Entertainment",3639,3635,3722,3761
55670302206,Nulla Donec Ltd,"Home, Garden & Living",3595,3599,3803,3762
71616292306,Ipsum Porta Incorporated,"Arts, Media & Entertainment",3629,3627,3749,3763
99272161508,Mauris Molestie Inc.,"Arts, Media & Entertainment",3585,3587,3833,3764
93095540883,Ut Molestie Incorporated,"Lifestyle, Health & Recreation",3590,3581,3836,3765
58409055337,Commodo Auctor Velit Corporation,"Lifestyle, Health & Recreation",3699,3700,3611,3766
54292545196,Et Pede Inc.,"Lifestyle, Health & Recreation",3865,3865,3281,3767
46666227102,Nulla Semper Corp.,"Home, Garden & Living",3615,3620,3781,3768
12374632228,Posuere Enim Incorporated,"Arts, Media & Entertainment",3787,3788,3442,3769
85717338751,Convallis Company,"Lifestyle, Health & Recreation",3677,3676,3666,3770
32821775372,Mollis Phasellus Libero Inc.,"Home, Garden & Living",3738,3738,3544,3771
38700038932,Etiam Bibendum Industries,"Home, Garden & Living",3672,3673,3676,3772
96323146873,A Facilisis Limited,"Home, Garden & Living",3739,3740,3551,3773
61243536058,Facilisis Corporation,"Lifestyle, Health & Recreation",3730,3729,3571,3774
58786009971,Tortor Integer Aliquam Incorporated,"Lifestyle, Health & Recreation",3636,3633,3764,3775
31468420954,Non Hendrerit Id LLC,Technology & Professional Services,3693,3694,3653,3776
64931596817,Malesuada Fringilla Incorporated,"Arts, Media & Entertainment",3614,3616,3813,3777
29413883988,Commodo Auctor Incorporated,"Arts, Media & Entertainment",3679,3679,3687,3778
71922512366,Ligula Consectetuer Institute,"Fashion, Jewelry & Personal Goods",3691,3691,3667,3779
30203637111,Orci Luctus LLP,"Lifestyle, Health & Recreation",3712,3713,3628,3780
67223193770,Proin LLP,"Home, Garden & Living",3734,3734,3586,3781
91374143276,Nunc Ullamcorper Associates,"Home, Garden & Living",3631,3629,3801,3782
82417485604,Aenean Massa Corporation,"Home, Garden & Living",3669,3669,3728,3783
11215815177,Scelerisque Scelerisque Ltd,"Home, Garden & Living",3658,3652,3761,3784
43892584139,Molestie Dapibus Ligula Corp.,"Lifestyle, Health & Recreation",3725,3721,3627,3785
52536215795,Non Cursus Foundation,"Home, Garden & Living",3703,3702,3668,3786
31029589578,Semper Et Lacinia Company,"Fashion, Jewelry & Personal Goods",3647,3647,3789,3787
66015997670,A Ultricies Ltd,"Arts, Media & Entertainment",3746,3744,3596,3788
95475413965,Nisl Quisque Fringilla LLP,"Arts, Media & Entertainment",3685,3684,3718,3789
41333655501,Leo Elementum LLP,"Arts, Media & Entertainment",3713,3710,3665,3790
25245001422,Enim Sit Amet Industries,"Arts, Media & Entertainment",3702,3699,3689,3791
76021079177,Pede Malesuada Vel LLP,"Arts, Media & Entertainment",3651,3653,3790,3792
86369183535,Neque Non Industries,Technology & Professional Services,3643,3643,3814,3793
19995295153,Risus Nulla Institute,"Lifestyle, Health & Recreation",3842,3844,3423,3794
56023220219,Nam Interdum Company,Technology & Professional Services,3623,3619,3872,3795
83808082504,Ut Nisi A Corp.,"Lifestyle, Health & Recreation",3732,3732,3652,3796
81776569986,Ante Nunc Consulting,"Home, Garden & Living",3668,3665,3784,3797
52451319982,Aenean Euismod Industries,"Arts, Media & Entertainment",3686,3687,3752,3798
55622580330,Lacus LLP,"Arts, Media & Entertainment",3883,3883,3365,3799
85722411612,Ornare Placerat Industries,"Home, Garden & Living",3697,3696,3740,3800
34430258507,Arcu Vivamus Sit Foundation,"Lifestyle, Health & Recreation",3728,3726,3686,3801
56479646937,Curabitur Vel LLC,"Arts, Media & Entertainment",3662,3662,3817,3802
45504841435,Donec Vitae Company,"Arts, Media & Entertainment",3803,3805,3536,3803
43909512451,Libero Consulting,"Lifestyle, Health & Recreation",3688,3688,3771,3804
93349773784,Facilisis Vitae LLC,"Home, Garden & Living",3765,3766,3618,3805
15073534664,Dignissim Tempor Arcu Ltd,"Home, Garden & Living",3721,3716,3715,3806
49647278647,Suspendisse Sagittis Institute,"Arts, Media & Entertainment",3667,3668,3825,3807
93351929638,Est Mauris PC,Technology & Professional Services,3706,3705,3754,3808
46391946761,Libero Nec Ligula LLP,Technology & Professional Services,3845,3846,3477,3809
33587480673,Egestas Blandit Nam LLP,"Home, Garden & Living",3763,3762,3645,3810
59358011432,Lacinia Orci Associates,"Arts, Media & Entertainment",3841,3841,3495,3811
89598973352,Ipsum LLC,"Fashion, Jewelry & Personal Goods",3663,3661,3855,3812
90058450104,Vel Turpis Consulting,"Arts, Media & Entertainment",3642,3640,3897,3813
38180882926,Mauris Quis Corp.,"Lifestyle, Health & Recreation",3718,3718,3747,3814
56002073911,Sapien Cras Dolor LLC,"Home, Garden & Living",3675,3675,3837,3815
52746698475,Semper Et Lacinia PC,"Lifestyle, Health & Recreation",3656,3658,3873,3816
57079678065,Hendrerit Donec Limited,"Arts, Media & Entertainment",3861,3860,3468,3817
63937753588,Ac Metus Vitae Company,"Home, Garden & Living",3674,3674,3842,3818
66532942314,Per Conubia LLC,"Lifestyle, Health & Recreation",3723,3723,3746,3819
28537603098,Sodales Purus Incorporated,"Lifestyle, Health & Recreation",3789,3789,3620,3820
13945345356,Nibh Donec Est Associates,"Home, Garden & Living",3655,3657,3892,3821
79008028287,Feugiat Nec Diam LLC,Technology & Professional Services,3840,3839,3530,3822
67279397175,Malesuada Fames Limited,"Lifestyle, Health & Recreation",3745,3745,3719,3823
53778690950,Nisl Maecenas Malesuada Corporation,"Home, Garden & Living",3710,3712,3794,3824
64648788229,Nisl Maecenas LLC,"Fashion, Jewelry & Personal Goods",3684,3683,3851,3825
79446222046,Ridiculus Mus PC,"Home, Garden & Living",3799,3799,3621,3826
66527348775,Sem Egestas Inc.,"Home, Garden & Living",3720,3724,3779,3827
63523606379,Parturient Montes Nascetur Limited,"Home, Garden & Living",3687,3685,3852,3828
99990536339,Massa PC,"Lifestyle, Health & Recreation",3875,3875,3475,3829
33925457242,Non Quam LLP,"Lifestyle, Health & Recreation",3701,3703,3821,3830
74247444320,Enim Corporation,"Home, Garden & Living",3681,3682,3866,3831
75454398468,Tempus Non Lacinia Corporation,"Home, Garden & Living",3750,3751,3729,3832
62596784370,Nec Imperdiet Company,"Arts, Media & Entertainment",3708,3708,3816,3833
51561881468,Tristique Pellentesque Tellus LLP,"Arts, Media & Entertainment",3731,3731,3775,3834
34768249497,Gravida Molestie Institute,"Lifestyle, Health & Recreation",3764,3764,3711,3835
37706925794,Purus Nullam Associates,"Lifestyle, Health & Recreation",3665,3666,3910,3836
75452980559,Proin Eget Corporation,Technology & Professional Services,3737,3736,3769,3837
52838486584,Interdum PC,"Home, Garden & Living",3678,3677,3890,3838
43698886228,Nec Quam Corp.,"Fashion, Jewelry & Personal Goods",3696,3695,3859,3839
38986645707,Lectus Justo LLC,"Lifestyle, Health & Recreation",3742,3743,3767,3840
48666632255,Aliquam Nec Enim LLP,"Home, Garden & Living",3821,3821,3613,3841
56482885504,Libero Morbi Company,"Arts, Media & Entertainment",3690,3690,3875,3842
42420316138,Ipsum Corp.,"Arts, Media & Entertainment",3761,3761,3736,3843
69983246412,Quam Quis Company,"Arts, Media & Entertainment",3700,3701,3861,3844
58812213085,Fusce Aliquet Incorporated,"Lifestyle, Health & Recreation",3704,3706,3853,3845
52441951858,Erat Eget Tincidunt Consulting,"Arts, Media & Entertainment",3698,3698,3868,3846
18142272571,Ligula Nullam Inc.,"Lifestyle, Health & Recreation",3709,3709,3850,3847
53035587173,Iaculis Lacus Ltd,"Home, Garden & Living",3756,3757,3760,3848
84895141974,Quam Quis Diam Consulting,"Arts, Media & Entertainment",3680,3681,3913,3849
45785438987,Sit Amet Limited,"Home, Garden & Living",3748,3749,3782,3850
27529271582,Pharetra Ltd,"Arts, Media & Entertainment",3781,3780,3724,3851
90689166680,Ante Nunc Mauris Corp.,Technology & Professional Services,3758,3758,3777,3852
68548907085,Dui Limited,Technology & Professional Services,3717,3717,3865,3853
24092849628,Duis Ac Foundation,"Home, Garden & Living",3805,3804,3699,3854
23222608112,Proin Vel Nisl PC,"Lifestyle, Health & Recreation",3714,3714,3889,3855
23506252960,Etiam Incorporated,"Arts, Media & Entertainment",3727,3728,3863,3856
25117003509,A Tortor LLP,"Arts, Media & Entertainment",3831,3831,3660,3857
21667845371,Ante Vivamus Company,"Lifestyle, Health & Recreation",3733,3733,3860,3858
96911331900,Lacus Nulla Foundation,"Home, Garden & Living",3794,3794,3739,3859
22267067774,Viverra Maecenas Iaculis Ltd,"Home, Garden & Living",3736,3737,3864,3860
18600250054,Est Vitae Ltd,"Home, Garden & Living",3747,3747,3845,3861
89741543872,Felis Ullamcorper Corp.,Technology & Professional Services,3735,3735,3871,3862
89575340835,Sodales Mauris Corp.,"Arts, Media & Entertainment",3779,3779,3798,3863
83004629651,Auctor Odio Company,"Arts, Media & Entertainment",3839,3840,3678,3864
66610548417,Nulla Inc.,"Home, Garden & Living",3814,3814,3731,3865
80597774208,Arcu Iaculis Enim Institute,"Lifestyle, Health & Recreation",3798,3798,3770,3866
27573216953,Adipiscing Inc.,"Home, Garden & Living",3811,3811,3745,3867
85529538986,Sed Neque Associates,"Home, Garden & Living",3795,3795,3787,3868
89129047209,Suspendisse Tristique Neque LLC,"Fashion, Jewelry & Personal Goods",3790,3790,3799,3869
94785155422,Tempus Eu Ltd,"Home, Garden & Living",3772,3772,3835,3870
76241460849,Ullamcorper Duis Cursus Associates,"Home, Garden & Living",3774,3774,3848,3871
88299699256,Et Ultrices Posuere Associates,"Home, Garden & Living",3816,3816,3765,3872
27580593799,Gravida Praesent Incorporated,"Lifestyle, Health & Recreation",3770,3765,3867,3873
78916025936,Urna Nec Corporation,"Home, Garden & Living",3860,3861,3682,3874
57782107253,Sagittis Felis PC,"Arts, Media & Entertainment",3757,3756,3894,3875
82063890289,Phasellus In Felis Associates,"Home, Garden & Living",3741,3741,3925,3876
55902748589,Sociis Natoque Penatibus Associates,"Home, Garden & Living",3755,3754,3901,3877
51401317633,Proin Inc.,"Home, Garden & Living",3806,3806,3808,3878
25794433887,Lacus Cras Interdum Corporation,"Arts, Media & Entertainment",3753,3753,3922,3879
97444574441,Adipiscing Foundation,"Arts, Media & Entertainment",3783,3783,3870,3880
88253903277,Ultrices Iaculis Inc.,"Arts, Media & Entertainment",3769,3767,3900,3881
49418428210,Aliquet Magna A LLP,"Home, Garden & Living",3871,3870,3696,3882
22644977942,At Risus Nunc Foundation,"Home, Garden & Living",3822,3820,3795,3883
93977601095,Primis LLC,"Home, Garden & Living",3780,3781,3877,3884
38523766800,Elit Elit Fermentum Foundation,"Home, Garden & Living",3766,3768,3906,3885
29745128769,Justo Sit Incorporated,"Home, Garden & Living",3760,3760,3920,3886
65175701530,Sed Leo Cras Industries,"Home, Garden & Living",3771,3771,3903,3887
47393015569,Nonummy Ultricies Ornare Inc.,"Lifestyle, Health & Recreation",3797,3797,3856,3888
25219450983,Sed Nunc Limited,"Home, Garden & Living",3867,3867,3725,3889
97443126375,Bibendum Sed Associates,"Home, Garden & Living",3830,3830,3818,3890
22678591293,Tellus Id Industries,"Lifestyle, Health & Recreation",3849,3849,3786,3891
68096660401,Orci Incorporated,"Home, Garden & Living",3792,3791,3902,3892
14336275166,Euismod Est Associates,"Home, Garden & Living",3824,3824,3843,3893
62607401721,Tellus Phasellus Industries,"Home, Garden & Living",3808,3807,3878,3894
84478592825,Ac Orci Ut Foundation,"Arts, Media & Entertainment",3825,3825,3844,3895
71063445046,Eget Laoreet Consulting,"Home, Garden & Living",3851,3852,3797,3896
96568074533,Placerat Associates,"Home, Garden & Living",3858,3858,3788,3897
57082085511,Euismod Est Ltd,"Home, Garden & Living",3868,3869,3772,3898
31068797937,Magna Praesent Industries,"Arts, Media & Entertainment",3809,3809,3891,3899
51253553943,Aliquam Erat LLP,"Home, Garden & Living",3876,3876,3758,3900
55878420190,Ultrices Mauris PC,"Home, Garden & Living",3878,3878,3766,3901
33226000026,Quis Turpis Corp.,"Home, Garden & Living",3885,3885,3763,3902
62818707868,Sollicitudin A Industries,"Home, Garden & Living",3826,3826,3887,3903
64196096120,Turpis Incorporated,"Fashion, Jewelry & Personal Goods",3859,3859,3829,3904
82451618238,Nunc Lectus Pede Institute,"Arts, Media & Entertainment",3815,3815,3917,3905
82843310256,Ipsum Leo Industries,"Home, Garden & Living",3820,3822,3912,3906
46668174318,Risus Nunc PC,"Arts, Media & Entertainment",3828,3828,3907,3907
51423645458,Feugiat Nec Inc.,"Home, Garden & Living",3880,3880,3819,3908
70783350473,Luctus Incorporated,"Home, Garden & Living",3864,3864,3854,3909
92510629620,Fames Ac Turpis Foundation,"Arts, Media & Entertainment",3832,3832,3919,3910
68015860722,Quis Urna PC,"Home, Garden & Living",3850,3850,3884,3911
41670880601,Quam Vel Limited,"Arts, Media & Entertainment",3834,3834,3918,3912
12927607277,Amet Orci Industries,"Home, Garden & Living",3884,3884,3823,3913
18355044772,Sed Nunc LLC,"Home, Garden & Living",3856,3856,3880,3914
93693693468,Ipsum Dolor Corporation,"Home, Garden & Living",3847,3847,3908,3915
29681526553,Cras Vehicula Aliquet Corp.,"Home, Garden & Living",3846,3845,3911,3916
10651113986,Sed Et Libero PC,"Home, Garden & Living",3862,3862,3882,3917
21782713770,Odio A Ltd,"Home, Garden & Living",3848,3848,3916,3918
47436492987,Purus Incorporated,"Home, Garden & Living",3855,3855,3904,3919
84355195068,Sed Est Nunc Institute,"Home, Garden & Living",3866,3866,3885,3920
11848576000,Aenean Eget Corporation,"Arts, Media & Entertainment",3852,3851,3915,3921
54762063900,Eu Erat Corp.,"Home, Garden & Living",3869,3868,3883,3922
42950328371,Tempus Non Corp.,"Home, Garden & Living",3872,3872,3881,3923
18376556220,Sagittis Semper Nam Limited,"Arts, Media & Entertainment",3853,3853,3921,3924
39473654822,Fringilla Ornare Placerat Incorporated,"Home, Garden & Living",3886,3886,3924,3925
