merchant_abn,merchant_name,segment,Takings Rank,Loss Potential Ranking,Growth Potential Ranking,Final Ranking
49322182190,Gravida Mauris Incorporated,"Fashion, Jewelry & Personal Goods",10,10,114,1
96680767841,Ornare Limited,"Lifestyle, Health & Recreation",4,4,126,2
45629217853,Lacus Consulting,"Fashion, Jewelry & Personal Goods",3,3,137,3
79417999332,Phasellus At Company,"Fashion, Jewelry & Personal Goods",15,16,116,4
48534649627,Dignissim Maecenas Foundation,"Lifestyle, Health & Recreation",12,12,123,5
89726005175,Est Nunc Consulting,"Home, Garden & Living",8,8,132,6
72472909171,Nullam Consulting,"Arts, Media & Entertainment",14,14,122,7
86578477987,Leo In Consulting,"Fashion, Jewelry & Personal Goods",2,2,158,8
76767266140,Phasellus At Limited,"Home, Garden & Living",18,18,129,9
32361057556,Orci In Consequat Corporation,"Fashion, Jewelry & Personal Goods",1,1,165,10
94493496784,Dictum Phasellus In Institute,"Fashion, Jewelry & Personal Goods",9,9,152,11
98166254020,Magna Sed Industries,"Arts, Media & Entertainment",17,17,139,12
49505931725,Suspendisse Ac Associates,"Arts, Media & Entertainment",31,31,113,13
21439773999,Mauris Non Institute,"Arts, Media & Entertainment",5,5,171,14
68559320474,Aliquam Auctor Associates,"Fashion, Jewelry & Personal Goods",34,34,124,15
57757792876,Pretium Et LLC,Technology & Professional Services,29,29,135,16
64403598239,Lobortis Ultrices Company,"Arts, Media & Entertainment",6,6,186,17
45433476494,Adipiscing Elit Foundation,Technology & Professional Services,20,20,160,18
63123845164,Odio Phasellus Institute,"Arts, Media & Entertainment",11,11,181,19
93558142492,Dolor Quisque Inc.,"Fashion, Jewelry & Personal Goods",43,43,120,20
38090089066,Interdum Feugiat Sed Inc.,"Home, Garden & Living",38,38,130,21
80518954462,Neque Sed Dictum Incorporated,Technology & Professional Services,44,44,119,22
35223308778,Euismod In Corp.,"Arts, Media & Entertainment",35,35,140,23
82368304209,Nec Incorporated,Technology & Professional Services,7,7,206,24
35909341340,Arcu Sed Eu Incorporated,Technology & Professional Services,13,13,195,25
63290521567,Vehicula Pellentesque Corporation,"Arts, Media & Entertainment",39,39,145,26
19492220327,Commodo Ipsum Industries,"Fashion, Jewelry & Personal Goods",24,25,175,27
67400260923,Eleifend PC,Technology & Professional Services,30,30,166,28
60956456424,Ultricies Dignissim LLP,"Fashion, Jewelry & Personal Goods",27,27,176,29
99976658299,Sociosqu Corp.,"Fashion, Jewelry & Personal Goods",55,55,127,30
21772962346,Purus Gravida Sagittis Ltd,"Home, Garden & Living",37,37,168,31
34179569263,Sodales At LLC,"Arts, Media & Entertainment",32,32,183,32
88699453206,Sed Nec Inc.,"Lifestyle, Health & Recreation",67,67,115,33
22033359776,Suspendisse Non Leo PC,"Lifestyle, Health & Recreation",47,46,157,34
46804135891,Suspendisse Dui Corporation,"Lifestyle, Health & Recreation",63,63,125,35
93260930990,Pede Cras Vulputate Ltd,Technology & Professional Services,41,41,174,36
11439466003,Blandit At LLC,"Fashion, Jewelry & Personal Goods",45,45,173,37
62224020443,Hendrerit A Corporation,"Fashion, Jewelry & Personal Goods",65,65,136,38
90543168331,Phasellus Dapibus Incorporated,"Home, Garden & Living",52,52,170,39
13514558491,Magna Praesent PC,"Lifestyle, Health & Recreation",26,26,223,40
86710922099,Ac Urna Consulting,"Arts, Media & Entertainment",61,60,162,41
94690988633,Eu Placerat LLC,Technology & Professional Services,28,28,235,42
50315283629,Iaculis Aliquet Diam LLC,"Home, Garden & Living",74,74,150,43
27093785141,Placerat Orci Institute,Technology & Professional Services,48,48,205,44
71759376949,Pharetra Corp.,"Arts, Media & Entertainment",53,53,201,45
89932674734,Nulla Vulputate Company,"Arts, Media & Entertainment",91,91,128,46
90918180829,Pharetra Quisque Company,"Fashion, Jewelry & Personal Goods",81,85,144,47
27326652377,Tellus Aenean Corporation,"Arts, Media & Entertainment",57,57,197,48
46012371285,A Ultricies Inc.,"Arts, Media & Entertainment",70,70,172,49
88358066529,Pede Cras Vulputate Consulting,"Lifestyle, Health & Recreation",76,76,161,50
98072939449,Mattis Velit Justo Ltd,"Arts, Media & Entertainment",56,56,202,51
26169574842,Dolor Dolor Industries,"Arts, Media & Entertainment",62,62,191,52
42355028515,Eu Inc.,"Home, Garden & Living",33,33,250,53
67978471888,Magna Malesuada Corp.,"Arts, Media & Entertainment",16,15,288,54
78073971498,Venenatis A Industries,"Arts, Media & Entertainment",96,96,131,55
52959528548,Libero Et Limited,"Home, Garden & Living",86,84,155,56
68216911708,Placerat Eget Venenatis Limited,Technology & Professional Services,60,61,204,57
49212265466,Auctor Company,"Home, Garden & Living",42,42,243,58
16288327194,A Neque LLC,Technology & Professional Services,94,94,141,59
76314317957,Semper Corp.,"Home, Garden & Living",50,50,230,60
32709545238,Tempor Est Foundation,Technology & Professional Services,36,36,259,61
77338620996,Fames Ac Turpis LLC,Technology & Professional Services,77,77,179,62
71528203369,Ipsum Primis Associates,"Fashion, Jewelry & Personal Goods",90,90,154,63
29639699851,Sodales Elit Erat Corporation,"Home, Garden & Living",78,78,187,64
15560455575,Morbi Accumsan Laoreet Industries,"Arts, Media & Entertainment",99,99,147,65
61080648284,Lobortis Ultrices LLC,"Arts, Media & Entertainment",85,83,177,66
49891706470,Non Vestibulum Industries,"Home, Garden & Living",21,21,303,67
80324045558,Ipsum Dolor Sit Corporation,"Fashion, Jewelry & Personal Goods",98,98,151,68
64203420245,Pede Nonummy Corp.,"Home, Garden & Living",59,59,231,69
34096466752,Nullam Enim Ltd,Technology & Professional Services,58,58,233,70
58454491168,Diam At Foundation,Technology & Professional Services,25,24,300,71
81219314324,Faucibus Leo Ltd,"Fashion, Jewelry & Personal Goods",40,40,272,72
21359184622,Sit Amet PC,"Lifestyle, Health & Recreation",54,54,246,73
77590625261,Sed Diam Foundation,Technology & Professional Services,51,51,254,74
43186523025,Lorem Ipsum Sodales Industries,"Home, Garden & Living",23,23,310,75
29616684420,Tellus Id LLC,"Fashion, Jewelry & Personal Goods",88,89,182,76
40515428545,Elit Sed Consequat Associates,"Arts, Media & Entertainment",19,19,324,77
46298404088,Feugiat Sed Nec Institute,"Arts, Media & Entertainment",75,75,219,78
18158387243,Nec Tellus Ltd,"Lifestyle, Health & Recreation",71,71,227,79
81761494572,Nulla Facilisis Institute,"Fashion, Jewelry & Personal Goods",68,68,239,80
23338656015,Iaculis LLC,"Fashion, Jewelry & Personal Goods",72,72,232,81
63817709749,A Felis Ullamcorper Industries,"Arts, Media & Entertainment",84,82,212,82
57699602880,Tellus Id Institute,Technology & Professional Services,79,79,221,83
22227727512,Malesuada Integer Id Foundation,"Lifestyle, Health & Recreation",66,66,247,84
84703983173,Amet Consulting,Technology & Professional Services,104,107,169,85
78760357380,Nibh Aliquam Corp.,Technology & Professional Services,133,133,118,86
90173050473,Lobortis Class Industries,"Home, Garden & Living",80,80,224,87
39649557865,Arcu Morbi Institute,"Arts, Media & Entertainment",87,86,218,88
13812221471,Eget Massa Associates,"Arts, Media & Entertainment",97,97,210,89
79633007926,Auctor Vitae Inc.,"Lifestyle, Health & Recreation",110,110,189,90
35556933338,Semper Cursus Integer Limited,"Arts, Media & Entertainment",108,108,196,91
68004106739,Nec Ante Ltd,"Arts, Media & Entertainment",138,138,138,92
97159474697,Sodales Limited,"Home, Garden & Living",137,137,146,93
71247553576,Et Magnis Dis Corp.,"Arts, Media & Entertainment",101,101,220,94
28057731482,Dignissim Lacus PC,"Arts, Media & Entertainment",89,88,245,95
15043504837,Odio Incorporated,"Fashion, Jewelry & Personal Goods",82,87,253,96
25732256442,Malesuada Vel Associates,"Arts, Media & Entertainment",69,69,284,97
99291944648,Rutrum Magna Cras LLC,"Arts, Media & Entertainment",46,47,330,98
41271931352,Ac Sem Ut Company,Technology & Professional Services,92,92,244,99
98973094975,Ornare Fusce Inc.,"Arts, Media & Entertainment",22,22,384,100
58314972637,Nunc Ullamcorper Velit Inc.,"Arts, Media & Entertainment",118,117,198,101
52594457116,Vel Turpis Aliquam Company,"Lifestyle, Health & Recreation",93,93,248,102
94455880010,Nunc Sit LLC,Technology & Professional Services,73,73,290,103
29641342749,Et Associates,Technology & Professional Services,115,113,209,104
45899477665,At Incorporated,"Arts, Media & Entertainment",148,146,149,105
62692834922,Cum Sociis Company,Technology & Professional Services,145,145,156,106
97603729191,Eu Company,Technology & Professional Services,105,104,242,107
85362139954,In Consequat Associates,"Fashion, Jewelry & Personal Goods",119,119,214,108
45244796758,Vitae Dolor LLP,Technology & Professional Services,95,95,264,109
74589998324,Nec Inc.,Technology & Professional Services,136,136,185,110
94472466107,Eu Dolor Egestas PC,"Arts, Media & Entertainment",130,129,199,111
24852446429,Erat Vitae LLP,"Home, Garden & Living",49,49,360,112
97860823526,Aliquet Metus Urna Associates,Technology & Professional Services,162,157,143,113
98269572896,Eget Laoreet Posuere PC,"Home, Garden & Living",83,81,299,114
74063123996,Nec Eleifend Non Ltd,"Home, Garden & Living",121,121,228,115
10648956813,Proin Nisl Institute,Technology & Professional Services,111,111,256,116
88563451053,Nisi PC,"Arts, Media & Entertainment",117,118,258,117
17488304283,Posuere Cubilia Curae Corporation,"Arts, Media & Entertainment",64,64,366,118
32560075533,Malesuada Vel Convallis Consulting,"Arts, Media & Entertainment",122,123,251,119
38012560280,In Tempus Associates,"Home, Garden & Living",131,131,237,120
48465277903,Metus Aenean Industries,"Arts, Media & Entertainment",165,164,180,121
37379915451,Tempor Est Ac Corporation,"Home, Garden & Living",120,120,270,122
45946543693,Egestas Hendrerit LLP,"Lifestyle, Health & Recreation",106,106,304,123
20325086904,Vivamus Rhoncus Ltd,"Fashion, Jewelry & Personal Goods",142,142,234,124
68435002949,Aliquam Eu Inc.,"Arts, Media & Entertainment",109,109,308,125
69069584766,Cras Eget Foundation,Technology & Professional Services,126,125,276,126
10596295795,Egestas A Associates,"Fashion, Jewelry & Personal Goods",167,175,193,127
51016899219,Dolor Fusce Industries,"Lifestyle, Health & Recreation",151,151,255,128
15269431008,Nisi Limited,"Fashion, Jewelry & Personal Goods",173,172,215,129
83815730799,Feugiat Metus Sit Industries,"Home, Garden & Living",124,126,314,130
98518649381,Nullam Scelerisque Neque Corp.,"Home, Garden & Living",112,112,342,131
10323485998,Nunc Inc.,"Home, Garden & Living",125,124,318,132
50589958690,Nibh Quisque Corp.,Technology & Professional Services,155,150,268,133
83690644458,Id Erat Etiam Consulting,"Fashion, Jewelry & Personal Goods",102,102,370,134
56796971172,Enim Non Nisi Corporation,"Fashion, Jewelry & Personal Goods",183,183,213,135
91873181182,Sem LLC,"Arts, Media & Entertainment",154,154,273,136
68645868338,Felis Purus Foundation,"Lifestyle, Health & Recreation",103,103,375,137
82076270246,Lorem Ipsum Foundation,"Fashion, Jewelry & Personal Goods",201,201,194,138
82448693380,Vulputate Dui Nec Corp.,Technology & Professional Services,128,127,341,139
90578415511,A Scelerisque Foundation,"Home, Garden & Living",132,132,335,140
41974958954,Sed Libero Proin Incorporated,"Arts, Media & Entertainment",228,230,142,141
34172909925,Nec Ante Foundation,"Lifestyle, Health & Recreation",114,115,379,142
15299889494,Porttitor Eros Ltd,"Arts, Media & Entertainment",210,211,188,143
31397959824,Blandit Congue In Corp.,"Arts, Media & Entertainment",100,100,414,144
44454840859,Erat Eget Ipsum PC,"Arts, Media & Entertainment",199,200,217,145
85574524327,Est Tempor Inc.,"Arts, Media & Entertainment",144,143,334,146
35014882568,Faucibus Corporation,"Arts, Media & Entertainment",195,195,238,147
76626119831,Tristique Pellentesque Inc.,"Fashion, Jewelry & Personal Goods",188,188,252,148
87717092177,Lacinia Mattis Corp.,"Lifestyle, Health & Recreation",185,185,262,149
95574756848,At Pede Inc.,"Lifestyle, Health & Recreation",113,114,406,150
18935690984,Semper Et Consulting,"Home, Garden & Living",222,222,190,151
91720867026,Eget Mollis LLC,"Fashion, Jewelry & Personal Goods",116,116,402,152
72897360319,Sapien Imperdiet Ornare Consulting,Technology & Professional Services,174,174,289,153
74093231988,Mi Eleifend Company,Technology & Professional Services,192,192,260,154
90692244747,Dictum Mi Limited,"Arts, Media & Entertainment",129,130,386,155
75944642726,Et PC,"Home, Garden & Living",182,182,282,156
82065156333,Nascetur Ridiculus PC,"Home, Garden & Living",177,177,296,157
57900494384,Porttitor Tellus Corporation,"Home, Garden & Living",123,122,418,158
46817474676,Nec Orci Company,"Arts, Media & Entertainment",197,196,275,159
93260450766,Condimentum Limited,Technology & Professional Services,156,155,358,160
89022158521,Sollicitudin Adipiscing Ltd,"Arts, Media & Entertainment",274,275,134,161
73489866331,Eu Dui Cum Company,"Fashion, Jewelry & Personal Goods",147,156,380,162
45056974934,Vel Pede Blandit Incorporated,Technology & Professional Services,181,180,325,163
12870663624,Vestibulum Ut Eros Corporation,"Fashion, Jewelry & Personal Goods",139,140,407,164
39060546194,At Lacus Quisque Inc.,"Arts, Media & Entertainment",198,198,293,165
38212167834,Magna Suspendisse Industries,"Home, Garden & Living",207,205,278,166
64644843223,Dictum Augue Consulting,"Lifestyle, Health & Recreation",187,187,317,167
55090181035,Dictum Ultricies Ltd,Technology & Professional Services,179,178,337,168
52794670013,Semper Pretium Corp.,"Lifestyle, Health & Recreation",175,171,354,169
37459245212,Aliquet Phasellus Consulting,Technology & Professional Services,277,276,153,170
75850458091,Dictum Sapien Incorporated,"Home, Garden & Living",140,139,428,171
75034515922,Ac Eleifend Corp.,"Arts, Media & Entertainment",134,135,439,172
62583219931,Mi Lacinia Mattis Corporation,"Lifestyle, Health & Recreation",212,212,292,173
29625244690,Id Enim Inc.,"Arts, Media & Entertainment",190,190,336,174
30214222203,Et Malesuada Fames Limited,"Arts, Media & Entertainment",135,134,447,175
98416475066,Lacinia Orci PC,"Arts, Media & Entertainment",169,169,381,176
17950989709,A Dui Institute,"Lifestyle, Health & Recreation",189,189,345,177
71989214810,Semper Et Lacinia Associates,Technology & Professional Services,163,161,399,178
58476363584,Mauris Blandit Foundation,"Fashion, Jewelry & Personal Goods",202,202,321,179
14058755389,Vel Mauris Integer Limited,Technology & Professional Services,107,105,516,180
66842618444,Ultrices Inc.,"Fashion, Jewelry & Personal Goods",127,128,474,181
73256306726,Id LLP,"Lifestyle, Health & Recreation",213,213,312,182
62694031334,Vel Est Tempor LLP,Technology & Professional Services,208,207,328,183
59658193201,Id Ante Institute,"Arts, Media & Entertainment",194,194,355,184
27888724678,Ut Ipsum LLC,Technology & Professional Services,245,243,257,185
64732735902,Imperdiet Non Vestibulum Institute,Technology & Professional Services,164,163,422,186
58377425534,At Corp.,"Arts, Media & Entertainment",264,265,222,187
38435278995,Sed Consequat Corp.,"Arts, Media & Entertainment",160,158,433,188
31637210281,Lorem Luctus Incorporated,"Fashion, Jewelry & Personal Goods",152,153,452,189
96161947306,Imperdiet Dictum Magna Associates,"Fashion, Jewelry & Personal Goods",291,291,178,190
51550230865,Mauris Corp.,"Fashion, Jewelry & Personal Goods",263,263,236,191
44345785419,Phasellus Nulla LLC,"Fashion, Jewelry & Personal Goods",157,170,438,192
74142277711,Et Magnis Associates,"Arts, Media & Entertainment",204,206,356,193
26148653604,Volutpat Nulla Incorporated,"Home, Garden & Living",172,173,421,194
25884436429,Lorem Auctor Ltd,"Lifestyle, Health & Recreation",180,181,413,195
17158952809,Arcu Vestibulum Corp.,"Arts, Media & Entertainment",178,179,417,196
60061691817,Enim Mi Institute,"Arts, Media & Entertainment",170,167,441,197
70893725439,Luctus Curabitur Incorporated,"Fashion, Jewelry & Personal Goods",231,231,319,198
41705715409,Augue Eu LLP,"Home, Garden & Living",141,141,499,199
98627514823,Aliquam Gravida Mauris Corp.,Technology & Professional Services,200,199,387,200
80779820715,Euismod Enim LLC,"Fashion, Jewelry & Personal Goods",292,293,203,201
73343245974,Convallis Erat Incorporated,"Arts, Media & Entertainment",149,148,498,202
90087872851,Elit Pellentesque PC,"Arts, Media & Entertainment",158,159,481,203
24015173965,Lectus Limited,"Arts, Media & Entertainment",143,144,527,204
97292256063,Amet Ante Vivamus Corporation,"Arts, Media & Entertainment",214,215,392,205
15069598461,Parturient Institute,"Fashion, Jewelry & Personal Goods",290,290,249,206
45380641195,Nisl Arcu Iaculis Incorporated,Technology & Professional Services,186,186,459,207
79269463423,Egestas Fusce Aliquet Company,"Fashion, Jewelry & Personal Goods",219,219,394,208
89502033586,Adipiscing Enim LLC,"Arts, Media & Entertainment",153,152,528,209
46877655150,Vivamus Molestie Foundation,"Arts, Media & Entertainment",311,311,216,210
11237511112,Magna Institute,"Lifestyle, Health & Recreation",315,314,211,211
72738688428,Donec Tempor Corp.,"Arts, Media & Entertainment",176,176,492,212
96152467973,Rhoncus Donec Associates,"Home, Garden & Living",265,264,320,213
75723980434,Velit Eget Foundation,"Home, Garden & Living",161,162,537,214
42543374304,Morbi Metus Vivamus Inc.,Technology & Professional Services,171,168,524,215
54272781746,Non Massa Institute,"Lifestyle, Health & Recreation",294,294,277,216
70620117107,Ante Vivamus Consulting,"Lifestyle, Health & Recreation",193,193,485,217
49125619545,Adipiscing Elit Curabitur PC,"Arts, Media & Entertainment",259,260,353,218
82812059627,Fermentum Institute,Technology & Professional Services,205,204,464,219
24989367414,Hendrerit A Arcu Foundation,"Arts, Media & Entertainment",191,191,491,220
87667432396,Pharetra Nibh Aliquam PC,"Arts, Media & Entertainment",256,255,367,221
40279146273,Pellentesque Habitant Morbi Corp.,"Arts, Media & Entertainment",211,210,457,222
40555823280,Nibh Donec Incorporated,"Fashion, Jewelry & Personal Goods",283,284,313,223
34459028045,Tellus Eu Inc.,Technology & Professional Services,247,248,389,224
86772484982,Posuere Cubilia Curae LLC,"Arts, Media & Entertainment",150,149,586,225
47459279421,Aliquam Gravida PC,"Fashion, Jewelry & Personal Goods",159,160,571,226
88279777843,Ante Maecenas LLC,"Arts, Media & Entertainment",278,278,338,227
96161808980,Velit Aliquam Corporation,"Arts, Media & Entertainment",168,166,569,228
95431176007,Mi Enim Corporation,Technology & Professional Services,225,225,455,229
29521780474,At Sem Corp.,"Arts, Media & Entertainment",184,184,538,230
56946407125,Quisque Fringilla Limited,Technology & Professional Services,307,306,294,231
53062283717,Mi Felis Adipiscing Company,"Fashion, Jewelry & Personal Goods",280,280,348,232
37967061831,Nullam Foundation,"Lifestyle, Health & Recreation",216,216,479,233
15912561882,Nullam Nisl Institute,"Fashion, Jewelry & Personal Goods",377,376,163,234
79645157255,Consectetuer Mauris Corp.,"Arts, Media & Entertainment",257,256,404,235
66079287213,Hendrerit Corporation,"Fashion, Jewelry & Personal Goods",226,228,467,236
86662713230,Vestibulum Accumsan Associates,"Fashion, Jewelry & Personal Goods",209,209,508,237
60650953328,Integer LLC,"Fashion, Jewelry & Personal Goods",223,223,483,238
96133248275,Semper Dui PC,Technology & Professional Services,232,227,473,239
71674475255,Lacinia Mattis LLC,"Lifestyle, Health & Recreation",387,387,159,240
14583462783,Elit Elit Institute,"Lifestyle, Health & Recreation",241,241,451,241
63978837398,In Tincidunt PC,Technology & Professional Services,215,214,517,242
28690231799,Mollis Phasellus Ltd,"Home, Garden & Living",341,340,271,243
52065114842,Gravida Non PC,"Arts, Media & Entertainment",308,307,339,244
76646764782,Tempor Diam Inc.,"Home, Garden & Living",289,288,377,245
74046727484,Vestibulum Accumsan Neque Ltd,"Fashion, Jewelry & Personal Goods",244,245,471,246
42150648766,Nec Mollis Corp.,"Lifestyle, Health & Recreation",166,165,629,247
57860746842,Dui Augue PC,"Fashion, Jewelry & Personal Goods",306,318,347,248
62580273150,Non Feugiat Nec LLC,"Arts, Media & Entertainment",239,238,497,249
93644338786,Consectetuer Cursus Inc.,"Fashion, Jewelry & Personal Goods",220,220,534,250
13118172970,Placerat Cras Incorporated,"Fashion, Jewelry & Personal Goods",339,339,298,251
52160665475,Mauris Associates,"Arts, Media & Entertainment",146,147,689,252
15441635442,Lectus A Corp.,Technology & Professional Services,255,254,476,253
18303734841,Sollicitudin Orci Ltd,"Lifestyle, Health & Recreation",218,218,549,254
52342208808,Nisl Arcu Incorporated,"Arts, Media & Entertainment",309,308,374,255
99467302626,Ac Ipsum Foundation,Technology & Professional Services,206,208,578,256
92343252737,Ornare Libero At Institute,"Arts, Media & Entertainment",258,258,477,257
32605756719,In Ornare Industries,"Arts, Media & Entertainment",238,239,518,258
94729574738,Scelerisque Corporation,Technology & Professional Services,343,342,311,259
38736067045,Cras Lorem Institute,"Fashion, Jewelry & Personal Goods",242,242,514,260
21094505909,Venenatis Corp.,"Home, Garden & Living",221,221,556,261
22526511302,Semper Et Incorporated,Technology & Professional Services,196,197,607,262
46953117138,Eu Accumsan Foundation,"Lifestyle, Health & Recreation",409,410,184,263
99803748393,Risus Odio Auctor Foundation,"Lifestyle, Health & Recreation",243,244,519,264
60111071436,Imperdiet Non LLC,"Arts, Media & Entertainment",224,224,559,265
18653260078,Maecenas Mi LLC,"Arts, Media & Entertainment",366,366,280,266
47663262928,Eget Lacus LLP,"Arts, Media & Entertainment",236,236,541,267
50075408315,Aliquam Gravida Mauris Company,"Arts, Media & Entertainment",227,226,562,268
25938405651,Elementum Dui Quis Ltd,"Home, Garden & Living",282,285,449,269
33233265647,Felis Corporation,"Arts, Media & Entertainment",395,395,229,270
58727332026,Scelerisque LLP,"Arts, Media & Entertainment",248,246,525,271
22718657980,Ultricies Ornare Associates,"Home, Garden & Living",246,247,531,272
62204398944,Vel Institute,"Lifestyle, Health & Recreation",217,217,590,273
61085944703,Vestibulum Mauris Institute,Technology & Professional Services,261,259,505,274
61997656782,Mauris Erat Ltd,"Lifestyle, Health & Recreation",305,305,427,275
93532380797,Quisque Libero Lacus Incorporated,Technology & Professional Services,298,298,442,276
63105795563,Aliquet Consulting,"Arts, Media & Entertainment",417,420,208,277
49536733338,Duis A Ltd,Technology & Professional Services,250,250,545,278
53237353758,Ut Molestie Company,"Arts, Media & Entertainment",249,249,547,279
12741443840,Tincidunt Aliquam Limited,Technology & Professional Services,203,203,644,280
77990807356,Natoque Penatibus Corp.,Technology & Professional Services,353,352,349,281
54874856789,Euismod Urna Incorporated,"Arts, Media & Entertainment",323,321,416,282
55501929396,Mauris Sagittis Corp.,"Lifestyle, Health & Recreation",388,391,283,283
74553285516,Eros LLP,"Arts, Media & Entertainment",335,333,395,284
20549656225,Sed Inc.,Technology & Professional Services,351,350,364,285
32946666313,Ligula Donec LLC,Technology & Professional Services,304,304,463,286
69703285964,Suspendisse Incorporated,"Arts, Media & Entertainment",272,272,530,287
24471518053,Enim Suspendisse Aliquet LLP,"Home, Garden & Living",268,270,536,288
23255291705,Interdum Nunc Sollicitudin Foundation,"Arts, Media & Entertainment",300,303,472,289
43127814599,Nam Ligula Elit Foundation,"Home, Garden & Living",380,380,316,290
26218617714,Ultrices Vivamus Industries,"Arts, Media & Entertainment",303,301,480,291
23709946765,Faucibus Leo Corp.,"Fashion, Jewelry & Personal Goods",368,375,352,292
92773401740,Massa Limited,Technology & Professional Services,416,415,266,293
60023412760,Eleifend Vitae Erat Corporation,"Arts, Media & Entertainment",229,229,639,294
40049033270,Iaculis Aliquet Limited,Technology & Professional Services,260,261,577,295
28687004922,Eget Company,Technology & Professional Services,338,338,423,296
54550134954,Tempor Diam Dictum Company,"Home, Garden & Living",413,414,274,297
10618089367,Enim Consequat Institute,Technology & Professional Services,373,371,359,298
78905182348,Urna Incorporated,"Fashion, Jewelry & Personal Goods",326,326,453,299
82298341051,Eros Institute,"Home, Garden & Living",365,364,378,300
27251742541,Malesuada Institute,Technology & Professional Services,275,274,558,301
79830510987,Fusce Corporation,"Arts, Media & Entertainment",230,232,645,302
46654841462,Iaculis Enim Corp.,Technology & Professional Services,358,356,396,303
31385641294,Semper Auctor PC,"Lifestyle, Health & Recreation",376,374,363,304
23109950638,Etiam Bibendum Fermentum LLC,Technology & Professional Services,253,252,612,305
21025433654,Lorem Foundation,"Arts, Media & Entertainment",262,267,589,306
53126107676,Sed Neque Corporation,"Home, Garden & Living",276,277,567,307
55306842177,Aliquam Iaculis Lacus Foundation,Technology & Professional Services,267,262,592,308
88547577701,Enim Etiam Industries,"Lifestyle, Health & Recreation",252,253,618,309
88950371391,Erat Etiam Vestibulum PC,"Arts, Media & Entertainment",359,359,415,310
78091331382,Turpis Foundation,"Fashion, Jewelry & Personal Goods",412,407,315,311
31101120643,Commodo Hendrerit Donec Corp.,"Arts, Media & Entertainment",324,325,487,312
13839274306,Sit Amet Consectetuer PC,Technology & Professional Services,285,286,570,313
16256895427,Tempus Non Foundation,"Home, Garden & Living",254,257,630,314
31585975447,Dolor Dapibus Gravida Associates,"Arts, Media & Entertainment",487,490,167,315
44403753948,Urna LLC,"Home, Garden & Living",327,328,494,316
75090756544,Suspendisse Tristique Company,Technology & Professional Services,316,315,521,317
71381535323,Faucibus Leo In Corp.,"Lifestyle, Health & Recreation",287,289,576,318
43159973833,Nulla Tincidunt Corporation,"Fashion, Jewelry & Personal Goods",414,413,327,319
77368674747,Quisque Purus Inc.,"Arts, Media & Entertainment",240,240,678,320
60813622669,Auctor Velit Consulting,Technology & Professional Services,233,233,693,321
81410315303,Sed Dictum PC,"Lifestyle, Health & Recreation",237,237,688,322
55417076134,Posuere Enim Nisl PC,"Arts, Media & Entertainment",266,266,633,323
65668855732,In Nec Industries,"Arts, Media & Entertainment",295,297,575,324
69236417931,Vitae Velit Institute,Technology & Professional Services,293,292,585,325
38646383513,Leo Elementum Foundation,Technology & Professional Services,350,351,470,326
17431888602,Metus Inc.,"Fashion, Jewelry & Personal Goods",336,334,503,327
37106509177,Nullam Scelerisque Ltd,"Arts, Media & Entertainment",325,323,526,328
40272107679,Lobortis Augue Incorporated,Technology & Professional Services,302,302,573,329
43321695302,Ante Limited,"Lifestyle, Health & Recreation",423,424,333,330
27288001271,Pede Cum Institute,"Arts, Media & Entertainment",469,472,240,331
29253286472,Fusce Incorporated,"Fashion, Jewelry & Personal Goods",360,365,456,332
87771712045,Vivamus Sit LLC,Technology & Professional Services,301,300,580,333
12173100693,Quam Quis Diam Foundation,"Fashion, Jewelry & Personal Goods",398,399,385,334
22027671078,Mauris Magna Industries,Technology & Professional Services,393,393,398,335
25819356184,Nunc Est Foundation,"Arts, Media & Entertainment",273,273,638,336
90994364089,Rhoncus Proin Inc.,"Lifestyle, Health & Recreation",234,234,721,337
80701973278,Nunc PC,"Fashion, Jewelry & Personal Goods",251,251,691,338
83177825742,Sed Facilisis Corp.,"Fashion, Jewelry & Personal Goods",320,320,554,339
88795682549,Elit Sed Consequat LLC,"Arts, Media & Entertainment",371,368,465,340
35733444320,Arcu Ac Limited,"Fashion, Jewelry & Personal Goods",439,436,332,341
57626266756,Urna Justo Inc.,Technology & Professional Services,472,469,267,342
81002603831,Vitae LLP,"Lifestyle, Health & Recreation",402,402,411,343
58495294020,Diam Nunc Associates,"Fashion, Jewelry & Personal Goods",429,440,351,344
79710547245,Aliquam Arcu Limited,"Lifestyle, Health & Recreation",379,381,462,345
41663117354,Litora Torquent Industries,"Fashion, Jewelry & Personal Goods",269,269,686,346
55842128301,A Ultricies Adipiscing LLC,"Fashion, Jewelry & Personal Goods",284,282,659,347
54097385985,Magna Nam Ltd,"Lifestyle, Health & Recreation",392,392,448,348
17739089622,Auctor Quis Corp.,"Arts, Media & Entertainment",357,358,522,349
91923722701,Euismod Urna Institute,"Home, Garden & Living",345,343,551,350
66678764219,Vulputate Posuere Vulputate Foundation,"Fashion, Jewelry & Personal Goods",299,299,641,351
24070342853,Ligula Tortor PC,"Fashion, Jewelry & Personal Goods",342,345,557,352
82545351270,Vel Inc.,Technology & Professional Services,434,433,383,353
86889657711,Accumsan Corporation,"Fashion, Jewelry & Personal Goods",370,378,504,354
86388904574,Nullam Suscipit LLC,Technology & Professional Services,328,327,597,355
48981211054,Nibh Phasellus Nulla PC,Technology & Professional Services,344,341,568,356
46622394552,Laoreet Libero Et Ltd,Technology & Professional Services,286,283,685,357
17324645993,Eget Metus In Corporation,"Home, Garden & Living",378,377,500,358
20364924160,Sed Congue Limited,Technology & Professional Services,288,287,682,359
63465140133,Vitae Odio Limited,"Arts, Media & Entertainment",428,429,401,360
46965256386,Nonummy Fusce Corporation,"Arts, Media & Entertainment",479,478,302,361
69425596520,Mus Donec Corp.,"Arts, Media & Entertainment",471,471,322,362
56144254367,Erat Etiam Vestibulum LLP,Technology & Professional Services,498,498,269,363
68209747287,Purus Duis Institute,"Arts, Media & Entertainment",391,390,484,364
92065881715,Quam Elementum Corp.,"Lifestyle, Health & Recreation",436,438,397,365
88553358884,Sed Consequat Limited,"Fashion, Jewelry & Personal Goods",270,268,737,366
27500085887,Vitae Posuere Industries,"Fashion, Jewelry & Personal Goods",415,416,445,367
46451548968,Tempus Eu Ligula Limited,"Lifestyle, Health & Recreation",340,346,591,368
88393306198,Mauris LLC,"Home, Garden & Living",497,497,286,369
43650058736,Malesuada Consulting,"Lifestyle, Health & Recreation",319,319,642,370
12543580354,Ut Aliquam Corp.,"Fashion, Jewelry & Personal Goods",437,435,410,371
22059270846,Montes Nascetur Ridiculus Limited,"Lifestyle, Health & Recreation",329,329,625,372
32176774610,Cubilia Curae Donec Inc.,"Fashion, Jewelry & Personal Goods",374,373,543,373
70009327857,Torquent Per Inc.,"Home, Garden & Living",454,451,388,374
86871438193,Nunc Interdum Inc.,"Home, Garden & Living",401,400,501,375
33163130598,Id Ante Associates,"Arts, Media & Entertainment",318,317,667,376
46380096952,Non Enim Mauris PC,"Fashion, Jewelry & Personal Goods",461,461,382,377
86182863634,Luctus Vulputate Nisi Institute,"Home, Garden & Living",317,316,674,378
19986358096,Hendrerit Donec Company,"Arts, Media & Entertainment",554,554,200,379
11121775571,Egestas Nunc Associates,"Arts, Media & Entertainment",235,235,838,380
48997695741,Lorem Tristique Institute,"Home, Garden & Living",386,386,542,381
68501926042,Dolor Corp.,"Arts, Media & Entertainment",367,367,581,382
41305045812,Ligula Tortor Incorporated,"Arts, Media & Entertainment",369,369,582,383
27022400550,Id Mollis Nec Corp.,"Arts, Media & Entertainment",333,335,652,384
45073039817,Praesent Interdum Ligula LLC,Technology & Professional Services,375,372,574,385
30389290864,Lobortis Industries,"Arts, Media & Entertainment",518,520,287,386
45759576746,Auctor Velit PC,"Home, Garden & Living",483,485,372,387
36066395091,Tristique LLC,"Home, Garden & Living",312,310,718,388
40453061481,Interdum Sed Limited,Technology & Professional Services,489,486,368,389
89260537373,Feugiat Incorporated,Technology & Professional Services,560,559,226,390
11944993446,Tincidunt Dui Corp.,"Fashion, Jewelry & Personal Goods",355,355,647,391
23661821077,Suspendisse Eleifend Corp.,Technology & Professional Services,475,476,408,392
89107518982,Adipiscing Lobortis Risus Corporation,"Fashion, Jewelry & Personal Goods",458,458,443,393
14530561097,Duis At Inc.,"Fashion, Jewelry & Personal Goods",601,614,148,394
91630014920,Accumsan Sed LLP,"Fashion, Jewelry & Personal Goods",383,384,603,395
25083422701,Pretium Et Rutrum Limited,"Arts, Media & Entertainment",271,271,828,396
66030670083,Convallis Erat Eget Foundation,"Arts, Media & Entertainment",521,522,329,397
72231375027,Sed Auctor LLC,Technology & Professional Services,296,295,782,398
24938000144,Consequat Nec Corporation,"Fashion, Jewelry & Personal Goods",443,442,493,399
41502716433,Mi Associates,"Lifestyle, Health & Recreation",389,389,602,400
22795471441,Etiam Gravida Molestie LLP,"Lifestyle, Health & Recreation",438,437,506,401
23527526869,Tellus Phasellus Corporation,"Arts, Media & Entertainment",279,279,825,402
42217736449,Egestas Ligula Nullam Corporation,"Fashion, Jewelry & Personal Goods",524,524,344,403
58321530622,Consequat Associates,"Fashion, Jewelry & Personal Goods",550,551,305,404
98314397036,Lobortis Augue Industries,"Fashion, Jewelry & Personal Goods",310,309,787,405
25370771356,Eu Tempor LLP,"Home, Garden & Living",330,332,745,406
24043105437,Enim Nec Tempus Institute,"Lifestyle, Health & Recreation",442,446,520,407
67174003021,Eget Mollis Incorporated,"Arts, Media & Entertainment",364,363,687,408
29362189014,Vestibulum Limited,"Arts, Media & Entertainment",346,344,725,409
15061716544,Tempus Scelerisque Lorem Incorporated,"Arts, Media & Entertainment",349,349,719,410
30417042223,Mauris Morbi Ltd,"Arts, Media & Entertainment",406,403,609,411
56624752594,Tincidunt Vehicula Corp.,Technology & Professional Services,281,281,858,412
71178069190,Auctor Velit Eget LLC,"Home, Garden & Living",407,408,606,413
99022808555,Turpis In LLC,"Home, Garden & Living",403,404,616,414
57573802697,Tellus Id Nunc Incorporated,Technology & Professional Services,396,396,631,415
78982081666,Lectus Corp.,"Arts, Media & Entertainment",432,431,566,416
16629601490,Enim Non Foundation,Technology & Professional Services,322,322,786,417
22407003576,In Lorem Corporation,"Fashion, Jewelry & Personal Goods",478,481,475,418
25624067782,Amet Corp.,Technology & Professional Services,444,441,550,419
11199348915,Orci Luctus PC,"Lifestyle, Health & Recreation",385,382,672,420
30209373786,Laoreet Inc.,Technology & Professional Services,347,347,749,421
46674437504,Mi Enim Foundation,Technology & Professional Services,431,430,583,422
88249446460,Pellentesque Habitant Morbi Institute,Technology & Professional Services,564,563,323,423
16570599421,Non Magna Nam PC,"Arts, Media & Entertainment",334,336,781,424
87084550311,Vulputate Inc.,"Lifestyle, Health & Recreation",427,428,600,425
74449830326,Ac Corp.,Technology & Professional Services,513,513,430,426
45559085309,A Auctor Non Corporation,"Fashion, Jewelry & Personal Goods",356,357,743,427
53772871046,Adipiscing Associates,"Lifestyle, Health & Recreation",297,296,863,428
41980722395,Aliquet Nec PC,"Lifestyle, Health & Recreation",372,370,715,429
44473011453,Magnis Inc.,"Arts, Media & Entertainment",348,348,770,430
52606147371,Mi Ac Foundation,"Fashion, Jewelry & Personal Goods",515,516,450,431
92980848589,Maecenas Industries,"Arts, Media & Entertainment",382,383,717,432
30942453214,Justo Nec Associates,"Lifestyle, Health & Recreation",332,331,819,433
80109801322,In Faucibus LLP,"Arts, Media & Entertainment",512,514,468,434
17060583346,Dolor Sit Limited,"Arts, Media & Entertainment",420,419,655,435
47374330858,Aliquam Ultrices Iaculis Corporation,Technology & Professional Services,502,501,496,436
70172340121,Justo Eu Incorporated,"Fashion, Jewelry & Personal Goods",540,540,420,437
10487253336,Laoreet Lectus Associates,"Arts, Media & Entertainment",481,480,544,438
15790540567,Integer Foundation,Technology & Professional Services,447,450,611,439
88402174457,Duis Dignissim LLC,"Home, Garden & Living",331,330,856,440
45572698303,Libero Proin Corp.,"Fashion, Jewelry & Personal Goods",531,531,458,441
92413760084,Mi Corp.,"Lifestyle, Health & Recreation",525,526,469,442
14965232967,Augue Ac Ipsum Associates,"Arts, Media & Entertainment",422,423,677,443
11566786699,Euismod Et Institute,"Lifestyle, Health & Recreation",577,577,369,444
72857570096,Neque Incorporated,"Fashion, Jewelry & Personal Goods",476,475,572,445
55069630872,A Nunc Corp.,"Home, Garden & Living",508,508,509,446
48091635916,Lorem Ipsum Limited,"Arts, Media & Entertainment",433,432,666,447
72673996108,Donec Sollicitudin LLC,"Fashion, Jewelry & Personal Goods",411,411,710,448
14246432250,Mauris Elit Foundation,"Arts, Media & Entertainment",337,337,859,449
59965794726,Dictum Corp.,"Lifestyle, Health & Recreation",321,324,889,450
58392414752,Mattis Ornare Lectus Inc.,"Home, Garden & Living",655,655,225,451
90522979771,Curabitur Consequat Consulting,Technology & Professional Services,384,385,767,452
62191208634,Cursus Non Egestas Foundation,"Home, Garden & Living",648,648,241,453
14639489823,Auctor Mauris Incorporated,"Home, Garden & Living",352,354,836,454
76251945060,Tempor Arcu Corp.,"Lifestyle, Health & Recreation",435,434,676,455
64938910147,Cras Interdum Incorporated,"Arts, Media & Entertainment",394,394,764,456
75372814642,Nec LLC,Technology & Professional Services,581,583,390,457
36607451384,Feugiat Lorem Incorporated,"Lifestyle, Health & Recreation",538,538,478,458
71761786483,Mauris Blandit PC,"Fashion, Jewelry & Personal Goods",533,532,490,459
20520680348,Blandit Mattis Company,"Home, Garden & Living",354,353,848,460
49609375026,Convallis LLC,Technology & Professional Services,430,427,702,461
50866797623,Cum Sociis Natoque Incorporated,"Fashion, Jewelry & Personal Goods",591,593,376,462
10959028715,Ante Maecenas Ltd,"Home, Garden & Living",511,510,540,463
20985347699,Semper Tellus PC,"Home, Garden & Living",363,362,837,464
59162205130,Ante Dictum LLC,"Lifestyle, Health & Recreation",715,716,133,465
28663538418,Ipsum Dolor Limited,Technology & Professional Services,400,401,763,466
38523562929,Sed Dictum Corp.,"Arts, Media & Entertainment",362,361,841,467
54291122944,Ipsum Primis In Inc.,"Arts, Media & Entertainment",543,543,482,468
70501974849,Facilisis Lorem Tristique Company,Technology & Professional Services,552,553,466,469
77690613296,Cursus Et Eros Corp.,"Home, Garden & Living",421,422,728,470
60829135130,Tellus Imperdiet Non Inc.,Technology & Professional Services,612,610,350,471
57772891398,Risus Industries,"Lifestyle, Health & Recreation",410,412,753,472
48256546416,Consequat Incorporated,"Lifestyle, Health & Recreation",658,658,263,473
32551640842,Erat Semper Ltd,"Lifestyle, Health & Recreation",313,312,955,474
43356103768,Odio Limited,"Home, Garden & Living",314,313,959,475
20885454195,Pharetra Ut Industries,"Arts, Media & Entertainment",457,457,675,476
19854089605,Aenean Massa Industries,"Fashion, Jewelry & Personal Goods",466,468,658,477
28000487688,Sed Nunc Industries,"Arts, Media & Entertainment",528,528,539,478
63728747020,Lobortis Ultrices Ltd,"Fashion, Jewelry & Personal Goods",473,473,650,479
30458474292,Euismod Est Foundation,"Fashion, Jewelry & Personal Goods",440,439,720,480
50755717212,Iaculis Odio LLP,"Fashion, Jewelry & Personal Goods",495,494,615,481
71169969325,Enim Mi Tempor Associates,"Arts, Media & Entertainment",399,398,808,482
35911782646,Semper Nam Tempor Limited,Technology & Professional Services,527,525,555,483
13255205539,In Aliquet Inc.,"Fashion, Jewelry & Personal Goods",418,417,775,484
81909596183,Sagittis Duis Corporation,"Arts, Media & Entertainment",460,459,700,485
98861937890,Metus Institute,"Home, Garden & Living",459,460,701,486
87719724258,Suspendisse Eleifend LLC,"Fashion, Jewelry & Personal Goods",404,406,812,487
98548263806,Nam Ligula Elit Corporation,"Fashion, Jewelry & Personal Goods",501,500,623,488
25273270711,Lacus Vestibulum Foundation,"Lifestyle, Health & Recreation",450,448,729,489
98253764162,Malesuada Augue Incorporated,"Arts, Media & Entertainment",485,484,660,490
41251795489,Ultricies Sem Limited,"Lifestyle, Health & Recreation",587,586,460,491
65204103269,Est Ac Mattis Ltd,"Arts, Media & Entertainment",492,493,651,492
23092329041,Cum Sociis Associates,"Arts, Media & Entertainment",361,360,918,493
71236652596,Risus Nulla Eget Consulting,"Lifestyle, Health & Recreation",463,463,714,494
96644705620,Eget Odio Aliquam Institute,"Arts, Media & Entertainment",635,635,371,495
61310985405,Ipsum Primis In Corporation,Technology & Professional Services,381,379,881,496
41747634618,Dolor Fusce Mi Incorporated,Technology & Professional Services,667,668,309,497
35927874515,Ac Orci Ut Industries,"Fashion, Jewelry & Personal Goods",390,388,866,498
49514072231,Eget LLC,Technology & Professional Services,493,489,664,499
71518311042,Aliquam Adipiscing Company,"Home, Garden & Living",530,530,588,500
36196225600,Leo Elementum Sem Associates,"Arts, Media & Entertainment",494,495,669,501
46607130088,Vivamus Sit Consulting,"Arts, Media & Entertainment",397,397,865,502
28449116125,Est Industries,"Fashion, Jewelry & Personal Goods",628,632,400,503
39469311070,Lorem Donec Foundation,"Lifestyle, Health & Recreation",549,550,565,504
61619924340,In Mi Institute,"Fashion, Jewelry & Personal Goods",606,601,461,505
16119907679,Proin Non Inc.,"Home, Garden & Living",694,697,285,506
99022662131,Auctor Vitae Aliquet Associates,"Fashion, Jewelry & Personal Goods",562,568,546,507
75559137486,Velit Dui Inc.,"Arts, Media & Entertainment",408,409,861,508
38971488186,Primis In LLP,"Arts, Media & Entertainment",619,620,444,509
22206721435,Suspendisse Aliquet LLC,"Arts, Media & Entertainment",503,504,683,510
66161087361,Morbi LLC,Technology & Professional Services,517,512,668,511
60462729568,Mattis Limited,"Home, Garden & Living",445,449,807,512
92990617267,Malesuada Malesuada Integer Inc.,"Arts, Media & Entertainment",452,454,797,513
44780100984,Quam Quis Consulting,"Home, Garden & Living",456,456,795,514
52509095251,Justo Proin Associates,"Arts, Media & Entertainment",775,774,164,515
70223714517,In Consectetuer Company,Technology & Professional Services,605,604,511,516
47874674591,Ligula Tortor Dictum Associates,"Home, Garden & Living",405,405,910,517
13285958344,Purus Gravida Sagittis Inc.,"Fashion, Jewelry & Personal Goods",451,452,818,518
43908105892,Nisi Cum Corp.,"Arts, Media & Entertainment",582,581,560,519
14480530534,Eu Augue Corporation,"Arts, Media & Entertainment",467,466,793,520
74391255526,Vitae Semper Egestas Foundation,"Lifestyle, Health & Recreation",559,560,614,521
42298598169,Velit Egestas PC,Technology & Professional Services,419,418,900,522
48701447259,Adipiscing Lobortis Institute,"Arts, Media & Entertainment",557,558,626,523
57566534349,Class Aptent PC,"Fashion, Jewelry & Personal Goods",465,465,813,524
73972053940,Quis Tristique Ac Associates,"Home, Garden & Living",545,546,661,525
28941011848,Commodo LLC,"Fashion, Jewelry & Personal Goods",567,566,621,526
87404274320,Tincidunt Aliquam Associates,Technology & Professional Services,627,626,510,527
70088042348,Rutrum Fusce Dolor Inc.,"Arts, Media & Entertainment",579,576,613,528
81583941068,Aliquam Vulputate Ullamcorper Foundation,Technology & Professional Services,610,607,553,529
48624093501,Mi Consulting,"Arts, Media & Entertainment",484,483,803,530
54611298155,Tortor Dictum Corp.,"Arts, Media & Entertainment",488,487,799,531
35424691626,Eu Sem Pellentesque Limited,Technology & Professional Services,572,571,632,532
20240471832,Eu Metus In LLP,"Lifestyle, Health & Recreation",499,499,777,533
31471844679,Suspendisse Industries,"Arts, Media & Entertainment",424,421,930,534
23812847062,Pellentesque Eget Ltd,"Fashion, Jewelry & Personal Goods",643,647,489,535
11355018654,Interdum Inc.,"Fashion, Jewelry & Personal Goods",523,523,738,536
63952221889,Non Limited,"Fashion, Jewelry & Personal Goods",714,715,357,537
14430838529,Magna A Neque LLC,"Arts, Media & Entertainment",744,743,301,538
87964227397,Vestibulum Lorem Incorporated,"Arts, Media & Entertainment",449,443,896,539
27179144904,Risus Donec LLC,"Lifestyle, Health & Recreation",537,536,716,540
43083074133,Faucibus Leo In LLC,"Fashion, Jewelry & Personal Goods",750,760,281,541
66571984047,Volutpat Company,"Arts, Media & Entertainment",541,544,707,542
58715026442,Eget Incorporated,"Fashion, Jewelry & Personal Goods",500,502,791,543
28049322288,Donec Elementum Foundation,"Home, Garden & Living",558,557,679,544
72177236569,Elit Pellentesque Inc.,"Lifestyle, Health & Recreation",453,453,890,545
17107204463,Ultricies Ornare Elit Limited,"Home, Garden & Living",681,681,437,546
65674339048,Aliquet Company,"Arts, Media & Entertainment",719,718,365,547
22469567189,Quam Dignissim Pharetra Consulting,Technology & Professional Services,468,467,867,548
46533246372,Ut Quam Inc.,"Home, Garden & Living",446,444,920,549
60121698774,Nec Tempus Inc.,"Home, Garden & Living",532,533,747,550
28896046710,Nec Orci Ltd,Technology & Professional Services,426,426,961,551
83620670827,Curabitur Massa Corp.,"Arts, Media & Entertainment",607,606,617,552
66228393506,Sed Hendrerit Foundation,"Fashion, Jewelry & Personal Goods",849,862,121,553
75902032169,Accumsan Neque Consulting,"Lifestyle, Health & Recreation",638,638,561,554
57471217202,A Ultricies Institute,"Fashion, Jewelry & Personal Goods",505,506,829,555
99275601275,Proin Velit Sed Foundation,"Home, Garden & Living",710,710,424,556
32656335530,Enim Etiam Gravida PC,"Fashion, Jewelry & Personal Goods",620,623,608,557
71361928741,Ut Odio Inc.,Technology & Professional Services,626,627,599,558
97886307095,Ullamcorper Institute,Technology & Professional Services,477,477,898,559
46987545043,Lobortis Nisi Nibh PC,"Arts, Media & Entertainment",544,545,769,560
56729951690,Quam Corporation,"Lifestyle, Health & Recreation",448,447,965,561
41383736952,Lacus Vestibulum Institute,"Arts, Media & Entertainment",760,759,343,562
56945597985,Sem LLP,"Arts, Media & Entertainment",462,462,938,563
34564250941,Lorem LLP,"Arts, Media & Entertainment",480,479,904,564
99904689266,Dictum Eu Ltd,"Arts, Media & Entertainment",522,521,824,565
70610974780,Elit Aliquam PC,"Home, Garden & Living",455,455,962,566
81836621910,Et Institute,Technology & Professional Services,798,797,279,567
38710494876,Morbi Non Corp.,Technology & Professional Services,646,643,596,568
73527950332,Orci Ut Ltd,Technology & Professional Services,470,470,945,569
77505747217,Et Arcu LLC,Technology & Professional Services,563,562,765,570
26445720989,Donec Limited,"Lifestyle, Health & Recreation",597,597,697,571
16452078130,In Sodales PC,"Lifestyle, Health & Recreation",733,732,429,572
17055065679,Sit Amet Consectetuer Ltd,Technology & Professional Services,631,630,635,573
95508140753,Ullamcorper Velit Ltd,"Arts, Media & Entertainment",618,622,663,574
29921604246,Tellus Justo Sit Company,Technology & Professional Services,602,599,703,575
61447419161,Mollis Dui In LLP,"Fashion, Jewelry & Personal Goods",770,773,362,576
65122248893,Egestas Hendrerit Neque Institute,"Fashion, Jewelry & Personal Goods",749,750,412,577
32451620193,Malesuada Augue PC,"Home, Garden & Living",486,488,937,578
76078244980,Nec Quam PC,"Lifestyle, Health & Recreation",568,565,779,579
73619221575,Mollis Duis Consulting,"Home, Garden & Living",682,682,552,580
71041015148,Orci Ltd,"Arts, Media & Entertainment",759,758,403,581
26844395593,Arcu Ac Inc.,"Arts, Media & Entertainment",536,535,849,582
15903176024,Adipiscing Elit PC,"Home, Garden & Living",705,705,512,583
88816810320,Libero Company,"Home, Garden & Living",586,587,750,584
83414869405,Hendrerit Donec Corporation,"Arts, Media & Entertainment",547,547,832,585
92681936901,Eget Volutpat Ornare Ltd,"Lifestyle, Health & Recreation",745,742,440,586
79827781481,Amet Risus Inc.,"Home, Garden & Living",576,580,778,587
23540152063,Nulla Cras Limited,"Fashion, Jewelry & Personal Goods",425,425,1090,588
51959118092,Elementum Lorem Industries,"Home, Garden & Living",441,445,1057,589
55958301764,Eget Magna Ltd,Technology & Professional Services,546,541,857,590
43833568675,Eu Odio Corp.,Technology & Professional Services,482,482,980,591
37662781564,Vitae Velit Egestas Incorporated,"Home, Garden & Living",659,659,627,592
90796680287,Dolor Vitae PC,"Arts, Media & Entertainment",588,588,771,593
60070647768,Lacinia Corp.,"Arts, Media & Entertainment",780,777,391,594
16248082282,Phasellus Foundation,"Lifestyle, Health & Recreation",464,464,1021,595
99229845016,Phasellus Corp.,Technology & Professional Services,592,590,768,596
96880556465,At Lacus Quisque Institute,"Fashion, Jewelry & Personal Goods",555,555,842,597
43930439013,Dignissim Institute,Technology & Professional Services,519,519,914,598
40252040480,Luctus Felis Purus Corp.,"Arts, Media & Entertainment",584,585,784,599
14148282104,Dictum Magna Ltd,"Arts, Media & Entertainment",520,518,917,600
12434006854,Feugiat Non Associates,Technology & Professional Services,504,503,949,601
83559154052,At Libero Morbi Incorporated,"Arts, Media & Entertainment",514,515,934,602
22997201471,A Malesuada Id Institute,"Lifestyle, Health & Recreation",685,687,594,603
16286338734,Vitae PC,"Fashion, Jewelry & Personal Goods",684,684,598,604
26671932360,Mi Fringilla Ltd,"Arts, Media & Entertainment",571,572,827,605
27851049264,Turpis Nulla Foundation,"Arts, Media & Entertainment",838,836,297,606
35016722348,Lacus PC,"Home, Garden & Living",490,492,991,607
96893283227,Curabitur Vel Corporation,"Arts, Media & Entertainment",496,496,985,608
68759076161,Erat Volutpat Corp.,"Arts, Media & Entertainment",553,552,873,609
23692710924,Integer Urna Corporation,"Home, Garden & Living",516,517,947,610
16644129035,Magna Associates,"Arts, Media & Entertainment",590,591,805,611
77925217758,Diam Pellentesque LLC,Technology & Professional Services,634,633,722,612
15359085759,Ac Urna Ut PC,"Fashion, Jewelry & Personal Goods",551,549,891,613
88652114856,Eros PC,Technology & Professional Services,630,629,733,614
27975606844,Tempor Diam Dictum Industries,Technology & Professional Services,561,561,874,615
75566438995,Vivamus Nisi Mauris Inc.,"Arts, Media & Entertainment",556,556,886,616
50506553485,Dictum Cursus Nunc Ltd,"Arts, Media & Entertainment",583,582,834,617
43711175854,Amet Consectetuer Consulting,"Home, Garden & Living",491,491,1019,618
62773208456,Ac Institute,"Fashion, Jewelry & Personal Goods",784,787,434,619
34621449599,Vivamus Nibh Company,Technology & Professional Services,721,721,563,620
61845622676,Turpis In Incorporated,"Fashion, Jewelry & Personal Goods",736,737,535,621
86223953880,Libero Et Inc.,Technology & Professional Services,795,792,425,622
91016242612,Est Associates,"Arts, Media & Entertainment",799,798,426,623
18905299698,Massa LLP,"Arts, Media & Entertainment",599,598,826,624
46970913786,Lectus Ltd,"Lifestyle, Health & Recreation",507,507,1009,625
40201093869,Justo Praesent Corporation,Technology & Professional Services,539,537,951,626
92207241352,Sem Egestas Blandit Corporation,"Lifestyle, Health & Recreation",703,704,624,627
11285988014,Tincidunt Pede Company,"Arts, Media & Entertainment",569,567,895,628
19573722372,Faucibus Orci Incorporated,"Arts, Media & Entertainment",526,527,983,629
81369312244,Mauris Morbi Non Ltd,"Home, Garden & Living",771,771,495,630
38918664617,Faucibus Foundation,"Fashion, Jewelry & Personal Goods",959,964,117,631
32825608803,Dapibus Quam Quis Associates,"Home, Garden & Living",891,889,265,632
97903083009,Praesent Eu Dui LLP,Technology & Professional Services,574,574,906,633
69377909125,Urna Vivamus Institute,Technology & Professional Services,841,841,373,634
97590358496,Tristique Inc.,"Fashion, Jewelry & Personal Goods",603,605,847,635
78798828265,Diam LLC,"Arts, Media & Entertainment",474,474,1108,636
43073797016,Molestie Arcu Corporation,"Lifestyle, Health & Recreation",707,708,646,637
15130143460,Integer LLP,Technology & Professional Services,709,707,648,638
41450604292,Turpis Nulla Corp.,Technology & Professional Services,580,578,912,639
59615752944,Mauris Corporation,Technology & Professional Services,647,646,785,640
87639550697,Mauris Consulting,"Arts, Media & Entertainment",688,688,708,641
87632767975,Aliquam Foundation,Technology & Professional Services,725,723,637,642
11841065357,Eu Tellus Industries,"Lifestyle, Health & Recreation",578,575,932,643
29122719261,Risus Quisque Corp.,"Lifestyle, Health & Recreation",698,698,690,644
39211701585,Diam Eu Dolor PC,"Fashion, Jewelry & Personal Goods",654,654,780,645
72361927236,Congue Associates,"Arts, Media & Entertainment",637,637,814,646
15582655078,Eu Odio Phasellus Corp.,"Fashion, Jewelry & Personal Goods",624,624,840,647
89640578182,Magnis Foundation,"Home, Garden & Living",615,615,860,648
92779316513,Nec Malesuada Industries,"Arts, Media & Entertainment",883,883,331,649
61412665910,Tempor Inc.,"Home, Garden & Living",885,888,326,650
25706310514,Nonummy Ltd,"Arts, Media & Entertainment",683,683,736,651
74369182597,Ridiculus Mus Donec LLP,"Home, Garden & Living",593,594,915,652
87998844202,A Corp.,"Fashion, Jewelry & Personal Goods",535,539,1034,653
57480173036,Dolor Sit Incorporated,"Lifestyle, Health & Recreation",509,509,1091,654
24715277505,Auctor Limited,"Fashion, Jewelry & Personal Goods",570,570,976,655
98268965514,Vulputate LLC,"Fashion, Jewelry & Personal Goods",886,886,346,656
17073441842,Duis Corp.,Technology & Professional Services,589,589,944,657
60978195146,Lobortis Tellus Corp.,"Fashion, Jewelry & Personal Goods",909,908,306,658
33064796871,Curabitur Massa Consulting,Technology & Professional Services,616,617,893,659
30122382323,Ipsum Company,"Fashion, Jewelry & Personal Goods",692,692,744,660
52535771754,Vel Pede Blandit Corp.,"Lifestyle, Health & Recreation",534,534,1062,661
32894483068,Non Egestas LLP,Technology & Professional Services,506,505,1119,662
84057522285,Egestas Ligula Industries,"Home, Garden & Living",510,511,1112,663
31580243600,Sed Corp.,"Lifestyle, Health & Recreation",542,542,1056,664
66858882701,Elit Elit Fermentum Limited,Technology & Professional Services,614,612,916,665
75664480997,Molestie Sodales PC,Technology & Professional Services,755,752,636,666
16492082804,Et Malesuada Institute,"Fashion, Jewelry & Personal Goods",693,693,757,667
26505333735,Varius Ultrices LLC,"Arts, Media & Entertainment",639,640,871,668
66567150019,Cursus In Foundation,"Arts, Media & Entertainment",689,689,774,669
25069678029,Elit Dictum Eu Corp.,"Lifestyle, Health & Recreation",796,794,564,670
62739118502,Vel Venenatis Vel Consulting,Technology & Professional Services,679,679,798,671
39088614710,Ut Eros Institute,"Lifestyle, Health & Recreation",656,656,845,672
34900312172,Arcu Sed Et Limited,Technology & Professional Services,625,625,907,673
74874670528,Aliquet Odio PC,Technology & Professional Services,756,755,653,674
11588046517,Dolor Industries,"Lifestyle, Health & Recreation",672,672,822,675
78327477486,Auctor Inc.,"Home, Garden & Living",980,980,207,676
60706491699,Gravida Praesent Corp.,"Lifestyle, Health & Recreation",575,579,1022,677
31940875883,Amet Associates,"Arts, Media & Entertainment",611,611,956,678
42807026185,Nunc Laoreet Incorporated,"Fashion, Jewelry & Personal Goods",723,726,735,679
34904300711,Convallis Convallis Dolor Foundation,"Arts, Media & Entertainment",791,789,605,680
27585113425,Dolor Dolor Limited,"Fashion, Jewelry & Personal Goods",566,569,1050,681
25235376304,Pellentesque Tellus Associates,"Home, Garden & Living",753,754,680,682
94732687919,Dui In Sodales Foundation,"Arts, Media & Entertainment",670,670,850,683
92636306985,Ornare Incorporated,"Home, Garden & Living",573,573,1045,684
74319969182,Morbi Tristique Corp.,Technology & Professional Services,548,548,1096,685
28681229636,Elementum At LLP,"Arts, Media & Entertainment",629,628,943,686
57289898526,Mi Felis Adipiscing LLC,"Fashion, Jewelry & Personal Goods",529,529,1143,687
52242018594,Aliquet Diam Sed Limited,"Fashion, Jewelry & Personal Goods",768,769,665,688
25674631453,Venenatis Lacus Etiam Incorporated,"Lifestyle, Health & Recreation",740,740,723,689
45895438985,Luctus Ipsum PC,"Home, Garden & Living",720,722,762,690
17934773261,Fringilla LLP,"Home, Garden & Living",687,686,833,691
51515623602,Eget Laoreet Associates,"Home, Garden & Living",665,665,876,692
60050955776,Libero Integer Industries,"Arts, Media & Entertainment",596,595,1015,693
67142049268,Aliquet Sem Ut PC,"Lifestyle, Health & Recreation",609,609,989,694
71538439295,Morbi Metus Limited,"Arts, Media & Entertainment",642,645,921,695
97264771172,Lobortis Foundation,"Home, Garden & Living",608,608,992,696
19054547079,Tincidunt Adipiscing Corp.,"Fashion, Jewelry & Personal Goods",565,564,1080,697
93606772530,At Arcu Vestibulum Company,Technology & Professional Services,1011,1011,192,698
37687523474,Nunc In Industries,"Arts, Media & Entertainment",657,657,908,699
72539760068,Nunc Risus Varius Ltd,"Home, Garden & Living",600,600,1024,700
53123395285,Nisl Arcu Limited,"Lifestyle, Health & Recreation",967,967,291,701
75089928159,Porttitor Vulputate Limited,"Fashion, Jewelry & Personal Goods",965,965,295,702
14961279222,Lacinia At Inc.,"Fashion, Jewelry & Personal Goods",757,756,713,703
69418675752,Donec PC,"Arts, Media & Entertainment",645,642,942,704
43349891433,Urna Inc.,"Arts, Media & Entertainment",729,731,773,705
39190083890,Rutrum Urna Corp.,Technology & Professional Services,914,915,405,706
98533840054,Feugiat Placerat Ltd,"Arts, Media & Entertainment",722,719,796,707
18645942609,Pellentesque A LLP,"Arts, Media & Entertainment",664,664,913,708
84088835754,Congue Turpis In LLC,"Lifestyle, Health & Recreation",595,596,1055,709
26008308191,Nulla Aliquet LLP,"Arts, Media & Entertainment",762,761,731,710
98472033309,Semper Associates,"Lifestyle, Health & Recreation",781,784,692,711
97861055416,Morbi Neque Inc.,Technology & Professional Services,801,801,656,712
43301018611,Dui Nec Corp.,Technology & Professional Services,789,791,681,713
49278214714,Augue Malesuada LLP,"Arts, Media & Entertainment",632,631,1000,714
92598420603,Non Lobortis Quis LLP,"Home, Garden & Living",763,764,739,715
67691683330,Integer Mollis Integer Institute,"Fashion, Jewelry & Personal Goods",937,938,393,716
21046714053,Nibh Phasellus Nulla Foundation,Technology & Professional Services,640,639,993,717
66667026714,Sit Amet Risus Foundation,"Arts, Media & Entertainment",922,923,436,718
93442141629,Vitae Aliquam Eros Inc.,"Arts, Media & Entertainment",617,616,1048,719
59274084898,Sodales Elit PC,Technology & Professional Services,877,877,529,720
65038094136,Praesent Interdum Associates,Technology & Professional Services,651,652,984,721
92265887651,Felis Nulla PC,"Arts, Media & Entertainment",741,741,806,722
20497101151,Arcu Vestibulum Ante LLC,Technology & Professional Services,772,770,751,723
45446645240,Vivamus Rhoncus Limited,Technology & Professional Services,649,650,994,724
28556213345,Eu Augue Ltd,"Home, Garden & Living",669,669,958,725
94701884796,Ante Nunc Ltd,"Lifestyle, Health & Recreation",701,702,897,726
12438697459,At Arcu Industries,"Fashion, Jewelry & Personal Goods",690,690,922,727
22019664345,Molestie Sodales Foundation,"Lifestyle, Health & Recreation",641,641,1027,728
99478391356,Orci Quis Foundation,Technology & Professional Services,985,985,340,729
86174823628,Eget Ipsum Suspendisse Industries,"Home, Garden & Living",832,832,649,730
55661978105,Lectus Convallis Est LLC,"Arts, Media & Entertainment",652,649,1017,731
29063380341,Arcu Imperdiet Ullamcorper LLC,Technology & Professional Services,585,584,1149,732
43671774465,Condimentum Donec At Ltd,Technology & Professional Services,622,619,1081,733
79359610588,Eget Mollis Corp.,"Arts, Media & Entertainment",728,728,869,734
31169432936,Enim Condimentum Inc.,"Fashion, Jewelry & Personal Goods",706,706,928,735
42464370262,Dolor Ltd,"Arts, Media & Entertainment",675,675,990,736
47529937246,Nisi Dictum Augue Inc.,"Arts, Media & Entertainment",804,803,734,737
46564887665,Suspendisse LLC,Technology & Professional Services,777,776,789,738
66917621463,Vulputate Velit Inc.,"Fashion, Jewelry & Personal Goods",704,703,940,739
44160392990,Sociis Natoque Incorporated,"Arts, Media & Entertainment",650,651,1047,740
52037285370,In Felis Nulla LLC,Technology & Professional Services,674,673,1005,741
47644196714,Auctor Non Feugiat Inc.,"Lifestyle, Health & Recreation",859,858,640,742
54702673300,Maecenas Mi Industries,Technology & Professional Services,879,879,601,743
95184414711,Ut Eros Incorporated,"Arts, Media & Entertainment",661,661,1039,744
44461622420,Tempor Arcu Associates,"Arts, Media & Entertainment",964,963,435,745
20717993088,Lacus Vestibulum Lorem Institute,"Lifestyle, Health & Recreation",697,695,971,746
58420836090,Duis Limited,"Arts, Media & Entertainment",888,887,595,747
67797658023,Enim Mi Ltd,"Lifestyle, Health & Recreation",805,805,761,748
30623214058,Mauris Eu PC,"Fashion, Jewelry & Personal Goods",897,897,584,749
67882460777,Ipsum PC,Technology & Professional Services,660,660,1058,750
30372130473,Semper Egestas LLP,"Arts, Media & Entertainment",633,636,1111,751
79377496749,Non Cursus LLP,"Arts, Media & Entertainment",746,748,887,752
44594244784,Dapibus Id Incorporated,"Fashion, Jewelry & Personal Goods",845,845,696,753
69666829657,Sem Ut Institute,"Lifestyle, Health & Recreation",765,767,854,754
81246943924,Sit Amet Diam Institute,"Home, Garden & Living",604,603,1180,755
32493270774,Libero LLP,"Fashion, Jewelry & Personal Goods",776,778,835,756
34695415993,Ultrices Vivamus Rhoncus Associates,"Arts, Media & Entertainment",653,653,1085,757
38488456221,In Cursus Consulting,"Fashion, Jewelry & Personal Goods",644,644,1107,758
58139231665,Dolor Nonummy Limited,Technology & Professional Services,944,945,507,759
71350572766,Dictum Placerat Augue Foundation,"Arts, Media & Entertainment",931,933,532,760
17208085375,Volutpat Ornare Facilisis Associates,"Arts, Media & Entertainment",788,788,821,761
55559667703,Quis Incorporated,"Lifestyle, Health & Recreation",666,666,1066,762
39010056512,Cursus Et Eros Industries,Technology & Professional Services,700,700,1001,763
11437621158,Nam Foundation,"Lifestyle, Health & Recreation",702,701,1004,764
85978665515,Euismod LLC,"Lifestyle, Health & Recreation",623,621,1164,765
13565102775,Malesuada LLP,"Fashion, Jewelry & Personal Goods",873,875,662,766
94072762560,Natoque Consulting,"Lifestyle, Health & Recreation",739,744,927,767
44440245427,In Felis Inc.,Technology & Professional Services,807,806,800,768
71357650211,Euismod Ac Fermentum Ltd,"Arts, Media & Entertainment",844,843,727,769
38337815814,Eget Venenatis Limited,"Lifestyle, Health & Recreation",594,592,1228,770
21820852598,Et Tristique Consulting,Technology & Professional Services,712,709,996,771
41170595493,Et Ultrices Company,"Fashion, Jewelry & Personal Goods",829,830,759,772
51659779274,Luctus Lobortis Industries,"Home, Garden & Living",892,893,634,773
16096277862,Arcu Vivamus Incorporated,"Arts, Media & Entertainment",767,766,888,774
73463200282,Proin Vel LLC,"Arts, Media & Entertainment",738,738,946,775
32844138686,At Augue Id Associates,Technology & Professional Services,916,914,593,776
29286506036,Metus Aenean Sed Associates,"Arts, Media & Entertainment",904,906,619,777
75238031489,Tincidunt Foundation,"Arts, Media & Entertainment",872,871,694,778
25078409316,Vel LLP,"Home, Garden & Living",663,662,1118,779
67920961191,Ut Pharetra Company,Technology & Professional Services,978,978,488,780
30415756696,Nec Mollis PC,"Arts, Media & Entertainment",957,956,533,781
90599617648,Mollis Integer Company,"Arts, Media & Entertainment",827,828,794,782
33651513345,Amet Lorem Ltd,"Home, Garden & Living",662,663,1127,783
68874243493,Nullam Suscipit Consulting,Technology & Professional Services,864,866,724,784
90348927972,Sed Auctor Industries,"Home, Garden & Living",673,671,1110,785
41881349154,Adipiscing Enim LLP,"Arts, Media & Entertainment",876,876,705,786
73980410353,Suspendisse Sed Dolor Institute,"Arts, Media & Entertainment",880,880,698,787
70052129860,Donec Tempus Lorem Company,"Arts, Media & Entertainment",843,844,772,788
96513857365,Tellus Aenean Consulting,"Arts, Media & Entertainment",680,680,1099,789
95896852636,Rhoncus Associates,Technology & Professional Services,823,823,820,790
27086915609,At Velit Pellentesque Limited,"Lifestyle, Health & Recreation",754,749,967,791
78850452637,Nullam Lobortis PC,"Arts, Media & Entertainment",668,667,1136,792
37351213839,Lacus Quisque Purus Institute,Technology & Professional Services,678,678,1121,793
93096883450,Donec Dignissim Incorporated,"Arts, Media & Entertainment",981,984,515,794
74155418313,Egestas Ligula Corp.,"Lifestyle, Health & Recreation",786,786,909,795
60836029312,Montes Nascetur Institute,"Lifestyle, Health & Recreation",598,602,1281,796
59248738261,Ullamcorper Ltd,Technology & Professional Services,862,861,760,797
76323008415,At Augue Limited,"Arts, Media & Entertainment",758,757,968,798
56559128138,Nec Tempus Mauris LLC,"Lifestyle, Health & Recreation",717,717,1049,799
64974914166,Consectetuer Adipiscing Elit LLC,"Arts, Media & Entertainment",870,872,746,800
22155114860,Suscipit Nonummy Fusce PC,Technology & Professional Services,778,780,936,801
16165222459,Vehicula Pellentesque LLP,Technology & Professional Services,742,739,1013,802
97661757443,Nulla Cras Eu Corp.,"Arts, Media & Entertainment",727,727,1040,803
87340243269,Sapien Cursus Industries,"Arts, Media & Entertainment",875,873,748,804
54923508125,Ullamcorper Duis Corporation,"Home, Garden & Living",671,674,1153,805
92284330384,Id Risus Quis Consulting,"Home, Garden & Living",676,677,1146,806
57405729081,Augue Corporation,"Fashion, Jewelry & Personal Goods",902,901,699,807
89022505272,Luctus LLC,"Fashion, Jewelry & Personal Goods",752,753,997,808
56530958295,Pede Et LLC,Technology & Professional Services,621,618,1265,809
21807339153,Praesent Eu LLP,"Arts, Media & Entertainment",898,898,709,810
45466221547,Eu LLC,Technology & Professional Services,836,838,831,811
29216160692,Class Aptent LLC,"Home, Garden & Living",731,733,1041,812
80166805919,Eu Dui Foundation,"Arts, Media & Entertainment",996,997,513,813
92696023351,Odio Aliquam Vulputate Limited,Technology & Professional Services,696,694,1116,814
54327105512,Suscipit Nonummy Fusce Inc.,"Lifestyle, Health & Recreation",636,634,1251,815
41944909975,Et Nunc Consulting,"Arts, Media & Entertainment",1108,1109,307,816
67019805160,Pharetra Nibh Aliquam Consulting,"Lifestyle, Health & Recreation",871,870,783,817
46898641989,Netus Et LLP,"Fashion, Jewelry & Personal Goods",953,953,620,818
88230622213,Eu Tellus Ltd,Technology & Professional Services,613,613,1303,819
61634218640,Nam Interdum Enim Corporation,"Home, Garden & Living",903,902,726,820
73792600690,Odio Semper Associates,"Arts, Media & Entertainment",896,895,740,821
40215552134,Ultrices Iaculis Odio Corp.,"Arts, Media & Entertainment",695,696,1145,822
17758483290,Orci PC,Technology & Professional Services,835,833,872,823
82426950076,Ipsum Non Arcu Incorporated,"Arts, Media & Entertainment",927,927,695,824
54278310951,Nullam Institute,"Arts, Media & Entertainment",1052,1051,454,825
71787414647,Aliquam Arcu Industries,"Home, Garden & Living",711,713,1133,826
77149983383,Egestas Aliquam Nec Ltd,"Home, Garden & Living",716,714,1128,827
77924688488,Elit Curabitur Sed PC,"Arts, Media & Entertainment",1036,1037,486,828
19933438190,Dui Nec Corporation,"Home, Garden & Living",887,885,801,829
32329455050,Massa Lobortis Consulting,"Lifestyle, Health & Recreation",819,818,941,830
67713855705,Nulla Industries,Technology & Professional Services,774,772,1033,831
69320682085,Consequat Dolor Foundation,Technology & Professional Services,691,691,1197,832
57867831267,Mi Lorem Inc.,"Fashion, Jewelry & Personal Goods",863,864,855,833
22658353530,Libero Corporation,"Arts, Media & Entertainment",1018,1017,548,834
77929547081,Elementum At Egestas Ltd,"Fashion, Jewelry & Personal Goods",854,853,877,835
67915848101,Aliquet Molestie Company,"Lifestyle, Health & Recreation",938,937,711,836
35040817462,Dolor Vitae Limited,Technology & Professional Services,783,782,1025,837
81877438808,Tempor Arcu Vestibulum Limited,"Arts, Media & Entertainment",779,779,1035,838
25083358415,Interdum Libero Dui Foundation,Technology & Professional Services,919,917,758,839
71961434094,Amet Diam Corporation,"Home, Garden & Living",790,790,1014,840
98722839745,Interdum Ligula Eu Corp.,"Arts, Media & Entertainment",735,735,1129,841
25467145329,Hendrerit Consectetuer LLP,"Arts, Media & Entertainment",809,809,982,842
33138327540,Fermentum Convallis Ltd,"Fashion, Jewelry & Personal Goods",751,751,1098,843
54197321846,Parturient Montes Corporation,Technology & Professional Services,950,947,704,844
42752230305,Ut Molestie Foundation,"Home, Garden & Living",785,781,1037,845
74337408103,Donec At Inc.,Technology & Professional Services,708,711,1189,846
25176526221,Nec Cursus Corporation,"Lifestyle, Health & Recreation",699,699,1212,847
59039508122,Augue Ut Lacus Foundation,"Fashion, Jewelry & Personal Goods",792,799,1020,848
19633197919,Molestie Sodales Mauris Industries,Technology & Professional Services,930,930,752,849
29202486033,Vel Foundation,Technology & Professional Services,865,863,884,850
44915049915,Nulla Foundation,Technology & Professional Services,982,981,654,851
74019238521,Ac Limited,"Lifestyle, Health & Recreation",806,807,1007,852
20435488659,Diam Lorem Industries,"Lifestyle, Health & Recreation",748,746,1126,853
50321300271,Augue Industries,"Lifestyle, Health & Recreation",826,826,970,854
92064565896,Justo Praesent Luctus PC,Technology & Professional Services,677,676,1269,855
19237425345,A Scelerisque Associates,"Arts, Media & Entertainment",910,909,804,856
49285644021,Dolor Sit Industries,"Arts, Media & Entertainment",831,827,966,857
52034043972,Non Dapibus Rutrum Limited,Technology & Professional Services,1098,1095,432,858
92895607850,Risus PC,Technology & Professional Services,766,765,1095,859
64573039027,Magna Sed Eu Associates,Technology & Professional Services,686,685,1257,860
92616389691,Maecenas Iaculis Aliquet Limited,Technology & Professional Services,899,900,830,861
56945094143,Rutrum Justo Foundation,"Arts, Media & Entertainment",732,730,1167,862
76910557723,Leo LLP,Technology & Professional Services,713,712,1206,863
48290289285,Sed Dolor Corporation,Technology & Professional Services,923,922,788,864
77343745836,Nunc Ullamcorper Velit LLC,"Lifestyle, Health & Recreation",934,935,766,865
57961198956,Cursus Institute,"Fashion, Jewelry & Personal Goods",764,762,1113,866
75104340635,Nisl Elementum Ltd,"Lifestyle, Health & Recreation",955,955,730,867
46600268436,Accumsan Inc.,"Lifestyle, Health & Recreation",730,729,1181,868
49758515423,Ac Turpis Egestas PC,"Fashion, Jewelry & Personal Goods",724,725,1193,869
70969465360,Purus Maecenas PC,"Lifestyle, Health & Recreation",848,847,948,870
14492521225,Praesent Eu Associates,"Home, Garden & Living",881,881,883,871
41957730940,Arcu Et Inc.,"Arts, Media & Entertainment",988,987,673,872
24094430920,Ac Fermentum LLP,Technology & Professional Services,737,736,1175,873
34726792617,Purus Mauris Associates,"Fashion, Jewelry & Personal Goods",747,747,1155,874
55294337974,Tristique Senectus Et Ltd,"Home, Garden & Living",972,972,706,875
43801715289,Mollis Duis Sit Foundation,"Arts, Media & Entertainment",842,837,972,876
62135501337,Pede Corp.,"Lifestyle, Health & Recreation",726,724,1201,877
27504885147,Enim Ltd,"Fashion, Jewelry & Personal Goods",718,720,1213,878
87076215407,Lacus Limited,"Arts, Media & Entertainment",933,932,792,879
67794222692,Nunc Ut Inc.,"Arts, Media & Entertainment",1039,1040,579,880
57554365043,Et Consulting,"Arts, Media & Entertainment",868,867,925,881
83935353706,Curabitur Egestas Nunc Corp.,"Lifestyle, Health & Recreation",794,793,1087,882
46116141083,Nisi LLP,"Home, Garden & Living",824,825,1028,883
85139489422,Ut Institute,"Arts, Media & Entertainment",818,819,1042,884
29023134283,Mollis Lectus Industries,"Home, Garden & Living",828,829,1031,885
18525353549,Pede Ultrices Corp.,Technology & Professional Services,821,820,1070,886
80989415297,Pede Foundation,"Arts, Media & Entertainment",917,918,879,887
40307304965,Interdum Ltd,"Fashion, Jewelry & Personal Goods",734,734,1256,888
54705111450,Eleifend Non Inc.,"Fashion, Jewelry & Personal Goods",857,860,1008,889
26063968667,Dictum Eu Institute,"Home, Garden & Living",814,811,1100,890
39896913161,Accumsan Convallis Company,"Arts, Media & Entertainment",820,821,1089,891
82123916158,Egestas A Corp.,"Fashion, Jewelry & Personal Goods",1028,1028,684,892
49925232405,Aliquam Tincidunt Nunc PC,"Home, Garden & Living",969,969,802,893
48294164165,Mauris Sit Amet Corp.,"Arts, Media & Entertainment",797,796,1157,894
35664226523,Erat Eget PC,"Home, Garden & Living",769,768,1217,895
28208763477,Ut Molestie Ltd,"Fashion, Jewelry & Personal Goods",974,975,809,896
91157839617,Blandit Nam Limited,Technology & Professional Services,940,940,882,897
99514198047,Ultricies Dignissim Lacus Corp.,Technology & Professional Services,1073,1073,622,898
68828285855,Mi Pede Nonummy Limited,Technology & Professional Services,833,835,1101,899
27047988248,Purus Accumsan LLP,"Fashion, Jewelry & Personal Goods",816,816,1138,900
22953464223,Est Mauris Rhoncus Corporation,"Arts, Media & Entertainment",793,795,1182,901
17945458645,Curae Industries,"Fashion, Jewelry & Personal Goods",852,851,1068,902
44631836704,Auctor Incorporated,"Home, Garden & Living",847,846,1082,903
26603390734,Phasellus In LLP,"Arts, Media & Entertainment",825,824,1130,904
22470136913,Adipiscing Elit Incorporated,"Lifestyle, Health & Recreation",837,840,1106,905
70038202360,Varius Orci Institute,"Home, Garden & Living",830,831,1122,906
47086412084,Eros Limited,"Arts, Media & Entertainment",1021,1023,742,907
78522984877,Viverra Maecenas Iaculis Associates,"Home, Garden & Living",813,815,1162,908
90672655190,Nullam Vitae Foundation,"Home, Garden & Living",889,890,1012,909
42483854662,Magna Sed Corp.,"Lifestyle, Health & Recreation",905,903,987,910
71355732473,Dictum Mi Incorporated,"Home, Garden & Living",949,949,905,911
28622174594,Parturient Montes Foundation,Technology & Professional Services,846,848,1109,912
33495932835,Vel Arcu Foundation,"Home, Garden & Living",901,904,1002,913
59450324455,Phasellus Dapibus Corporation,"Lifestyle, Health & Recreation",855,854,1102,914
78213188724,Sem Industries,"Home, Garden & Living",782,785,1253,915
86010199872,Orci In Foundation,Technology & Professional Services,1040,1041,741,916
24351356445,At Pede Cras Corp.,Technology & Professional Services,787,783,1252,917
85276983280,Lacus Varius Corp.,"Home, Garden & Living",882,882,1065,918
68189578822,Euismod Ac Associates,"Lifestyle, Health & Recreation",815,814,1202,919
17678252870,Faucibus Morbi Foundation,"Fashion, Jewelry & Personal Goods",1009,1009,815,920
65426342453,Nisl Nulla Eu LLC,"Home, Garden & Living",907,907,1026,921
99938978285,Elit Dictum Eu Ltd,"Lifestyle, Health & Recreation",812,813,1216,922
80995075637,Facilisis Suspendisse Inc.,"Fashion, Jewelry & Personal Goods",961,960,924,923
71946255432,Diam Institute,"Lifestyle, Health & Recreation",1014,1015,817,924
22487474791,Non Arcu Vivamus Foundation,"Arts, Media & Entertainment",1059,1057,732,925
67690172512,Purus Accumsan Associates,"Arts, Media & Entertainment",803,804,1244,926
40099570304,Nulla LLC,"Lifestyle, Health & Recreation",906,905,1043,927
26569358936,Dictum Limited,"Arts, Media & Entertainment",761,763,1330,928
46887242827,Sollicitudin PC,Technology & Professional Services,975,971,929,929
20594162542,Litora Torquent Per LLP,Technology & Professional Services,1013,1013,851,930
66370248931,Morbi Non PC,"Arts, Media & Entertainment",977,977,933,931
27099208477,Cras Dictum Ltd,"Lifestyle, Health & Recreation",861,859,1179,932
65168284301,Dui LLC,"Fashion, Jewelry & Personal Goods",1450,1454,1,933
34398628767,Ut Pharetra Sed Inc.,"Home, Garden & Living",921,921,1063,934
97802179094,Ut Molestie In Ltd,Technology & Professional Services,851,849,1209,935
99241925348,Posuere At Velit PC,"Fashion, Jewelry & Personal Goods",869,868,1173,936
80779713037,Felis Consulting,"Arts, Media & Entertainment",1004,1005,911,937
10342410215,Facilisis Facilisis Corp.,Technology & Professional Services,970,970,981,938
91960562098,Amet Faucibus Corporation,Technology & Professional Services,1057,1054,811,939
10206519221,Fusce Company,"Fashion, Jewelry & Personal Goods",839,842,1245,940
12034469787,Pede Suspendisse Corp.,"Fashion, Jewelry & Personal Goods",817,817,1293,941
96906278264,Ipsum Cursus Vestibulum LLC,"Arts, Media & Entertainment",935,934,1060,942
39618687681,Lorem Industries,"Lifestyle, Health & Recreation",929,929,1071,943
19836429553,Ac Feugiat LLP,"Arts, Media & Entertainment",989,989,953,944
54056521797,Aenean Egestas Hendrerit Ltd,"Lifestyle, Health & Recreation",822,822,1288,945
19618998054,Morbi Accumsan Industries,"Home, Garden & Living",1139,1140,657,946
21881994118,Varius Ultrices LLP,Technology & Professional Services,834,834,1270,947
69108448846,Laoreet Industries,"Lifestyle, Health & Recreation",808,808,1323,948
64143552561,Fusce Feugiat Associates,"Fashion, Jewelry & Personal Goods",1470,1471,2,949
31736633670,Vel Pede Blandit Corporation,"Arts, Media & Entertainment",853,852,1241,950
48390524826,Nec Ante Associates,"Home, Garden & Living",850,850,1250,951
83953428830,Fringilla Est Ltd,"Lifestyle, Health & Recreation",1042,1039,870,952
20527255332,Erat Volutpat Nulla PC,"Arts, Media & Entertainment",773,775,1406,953
82044452251,Malesuada Integer Id Company,Technology & Professional Services,1070,1063,823,954
16919425848,Aliquam LLP,"Arts, Media & Entertainment",810,810,1336,955
96781066746,Ante Vivamus Non Corporation,"Lifestyle, Health & Recreation",800,802,1359,956
81249812970,Sapien Foundation,"Fashion, Jewelry & Personal Goods",945,948,1075,957
15253672771,Nascetur Ridiculus LLC,"Fashion, Jewelry & Personal Goods",956,957,1064,958
12042198256,Donec Nibh LLP,Technology & Professional Services,840,839,1306,959
25856363362,Cubilia Curae Phasellus Corporation,"Arts, Media & Entertainment",1054,1055,878,960
31969420866,Sed Leo Cras Incorporated,Technology & Professional Services,1005,1006,978,961
12483082042,Sed PC,"Lifestyle, Health & Recreation",962,961,1067,962
65189626072,Sollicitudin Orci Incorporated,"Home, Garden & Living",908,910,1174,963
70805280228,Odio Auctor Foundation,Technology & Professional Services,878,878,1240,964
53620352987,Scelerisque Mollis Phasellus PC,Technology & Professional Services,997,996,1006,965
19465180165,Euismod Urna Corp.,"Fashion, Jewelry & Personal Goods",918,919,1163,966
90984790127,Lorem PC,"Arts, Media & Entertainment",856,855,1292,967
55430629945,Metus Facilisis Associates,"Fashion, Jewelry & Personal Goods",867,869,1268,968
46079095809,Vivamus Euismod LLP,"Arts, Media & Entertainment",947,943,1120,969
51321276923,Aenean Eget Limited,"Fashion, Jewelry & Personal Goods",912,911,1187,970
97088280855,Odio Vel Est Associates,Technology & Professional Services,1027,1027,957,971
86525942285,Neque Sed Dictum LLP,"Fashion, Jewelry & Personal Goods",932,931,1151,972
93498928547,Natoque Penatibus Ltd,"Home, Garden & Living",811,812,1392,973
36628336616,Sagittis Augue Incorporated,"Arts, Media & Entertainment",968,968,1084,974
80508375382,Pharetra Nibh Institute,"Arts, Media & Entertainment",925,924,1172,975
19111577631,Dictum Industries,"Lifestyle, Health & Recreation",743,745,1533,976
72553304202,Rhoncus Proin Nisl Limited,"Arts, Media & Entertainment",894,894,1236,977
21783961149,Eu Corporation,"Arts, Media & Entertainment",942,942,1142,978
39368471973,In Lorem Industries,Technology & Professional Services,1138,1139,755,979
63032122101,Luctus Aliquet Corporation,"Fashion, Jewelry & Personal Goods",895,896,1246,980
45030176527,Non Enim Incorporated,"Arts, Media & Entertainment",802,800,1435,981
17034043771,Imperdiet Ullamcorper Inc.,"Fashion, Jewelry & Personal Goods",963,962,1114,982
35391497890,Donec Corporation,"Lifestyle, Health & Recreation",954,954,1132,983
80682333501,Orci Corp.,"Home, Garden & Living",890,892,1259,984
92019681129,Blandit Industries,"Lifestyle, Health & Recreation",1037,1035,974,985
27440079026,Risus Varius Orci Associates,"Arts, Media & Entertainment",1020,1019,1011,986
36961482719,In Cursus Corp.,Technology & Professional Services,966,966,1123,987
26556866679,Vel Est Tempor Associates,"Home, Garden & Living",951,951,1156,988
77090965820,A Arcu Industries,"Home, Garden & Living",984,983,1092,989
43660707274,Nulla Integer Vulputate Ltd,"Arts, Media & Entertainment",1112,1113,839,990
88124569339,Non Vestibulum Corp.,"Arts, Media & Entertainment",1051,1049,964,991
79283124876,Pellentesque Massa Associates,"Home, Garden & Living",884,884,1301,992
80982848464,Tempor Augue Limited,"Home, Garden & Living",1233,1233,604,993
74753274268,Duis A Mi LLP,"Arts, Media & Entertainment",1086,1092,899,994
14639241847,Aliquet Molestie Tellus Company,Technology & Professional Services,1081,1078,919,995
28230498046,Nisi Foundation,"Arts, Media & Entertainment",858,856,1364,996
25365595519,Quis Associates,"Lifestyle, Health & Recreation",928,928,1223,997
73895811023,Libero Mauris Aliquam Associates,Technology & Professional Services,939,939,1205,998
96566672398,Odio Tristique Pharetra Incorporated,"Lifestyle, Health & Recreation",1093,1094,903,999
34822634769,Dolor Egestas Rhoncus PC,"Arts, Media & Entertainment",1341,1341,409,1000
22248828825,Taciti PC,"Arts, Media & Entertainment",1007,1007,1086,1001
85556646149,Proin Nisl Inc.,Technology & Professional Services,1006,1001,1097,1002
45783766755,Purus Duis Corp.,"Lifestyle, Health & Recreation",913,913,1280,1003
36555094223,Nunc Quis LLC,"Home, Garden & Living",911,912,1285,1004
37718833659,Est LLC,Technology & Professional Services,990,990,1131,1005
22549192713,Tincidunt Congue Associates,"Arts, Media & Entertainment",900,899,1326,1006
30779952495,Nam Consequat Institute,Technology & Professional Services,1187,1187,754,1007
26643842396,Risus Foundation,"Arts, Media & Entertainment",1065,1067,998,1008
46145508777,Fringilla Est Industries,"Arts, Media & Entertainment",893,891,1346,1009
68950900599,Augue Company,"Fashion, Jewelry & Personal Goods",1143,1143,846,1010
57021295485,Enim Etiam Imperdiet Limited,"Arts, Media & Entertainment",993,992,1154,1011
74780446526,Ad Litora Institute,"Home, Garden & Living",958,958,1226,1012
86101203168,Viverra Donec LLC,"Lifestyle, Health & Recreation",866,865,1411,1013
63907965541,Massa Mauris Corporation,"Arts, Media & Entertainment",1216,1216,712,1014
32423905315,Hendrerit Consulting,Technology & Professional Services,1151,1151,843,1015
78637548196,Luctus Et Institute,"Arts, Media & Entertainment",1141,1138,868,1016
32173481131,Non PC,Technology & Professional Services,860,857,1432,1017
12959550150,Nunc Risus Company,"Arts, Media & Entertainment",1024,1024,1103,1018
45907060380,Nec Euismod LLC,"Arts, Media & Entertainment",976,976,1204,1019
92368600426,Mattis Company,"Lifestyle, Health & Recreation",915,916,1325,1020
42757999502,In Lobortis Tellus Foundation,"Arts, Media & Entertainment",1144,1144,875,1021
28827474922,Libero Limited,"Lifestyle, Health & Recreation",936,936,1296,1022
51808433866,Arcu Vel Institute,"Home, Garden & Living",1017,1018,1134,1023
35809331583,Euismod In LLC,"Home, Garden & Living",874,874,1427,1024
87457891433,Magna Sed Incorporated,"Arts, Media & Entertainment",941,941,1294,1025
46083747689,Nam Interdum Enim Institute,Technology & Professional Services,1060,1064,1059,1026
96244711717,Cras Sed Leo Corp.,"Fashion, Jewelry & Personal Goods",952,952,1283,1027
25228131129,Quisque Nonummy Ltd,Technology & Professional Services,920,920,1348,1028
51279178333,Neque LLC,"Arts, Media & Entertainment",1131,1133,926,1029
44126901587,Tempus Non Associates,"Fashion, Jewelry & Personal Goods",946,946,1308,1030
14314268730,Nec Ltd,"Arts, Media & Entertainment",1155,1154,892,1031
35367341543,Rhoncus Id Company,"Fashion, Jewelry & Personal Goods",948,950,1312,1032
83323591742,Eget Dictum Limited,"Home, Garden & Living",924,926,1360,1033
70713877189,Praesent Eu Incorporated,Technology & Professional Services,1185,1185,852,1034
95682671933,Arcu Vestibulum Ut Inc.,Technology & Professional Services,943,944,1341,1035
42665580539,Vitae Mauris Sit Corporation,"Arts, Media & Entertainment",1002,1002,1227,1036
86591172660,Pretium Neque Morbi Ltd,"Fashion, Jewelry & Personal Goods",1078,1079,1077,1037
27397535742,Porttitor Limited,"Arts, Media & Entertainment",1142,1142,952,1038
96965554802,Semper Et Lacinia Institute,"Fashion, Jewelry & Personal Goods",1030,1030,1177,1039
71476669593,Non Luctus Sit Industries,"Fashion, Jewelry & Personal Goods",1000,1000,1243,1040
79928754880,Habitant Morbi Company,"Home, Garden & Living",1008,1008,1232,1041
45151159881,Ac Urna PC,"Arts, Media & Entertainment",1194,1194,862,1042
50667745027,Et Malesuada Fames Ltd,"Fashion, Jewelry & Personal Goods",1026,1026,1200,1043
62170730910,Volutpat Nunc Sit Institute,"Fashion, Jewelry & Personal Goods",1038,1038,1186,1044
45480771376,Facilisis Eget Limited,"Home, Garden & Living",983,982,1302,1045
43838212570,Ullamcorper Magna Sed Incorporated,"Fashion, Jewelry & Personal Goods",1198,1199,880,1046
10264435225,Ipsum Primis Ltd,"Fashion, Jewelry & Personal Goods",1115,1110,1054,1047
73731446835,Dictum Eu Incorporated,"Home, Garden & Living",1064,1068,1147,1048
29351616009,Urna Industries,Technology & Professional Services,1132,1132,1016,1049
48086705406,Nullam Lobortis Corporation,"Home, Garden & Living",998,998,1289,1050
62981771325,Eu Neque Pellentesque Ltd,"Lifestyle, Health & Recreation",1047,1046,1199,1051
75646866762,Facilisis Limited,"Home, Garden & Living",999,999,1297,1052
69059526358,Eleifend Egestas Sed Corporation,Technology & Professional Services,991,991,1314,1053
40776514177,Sit Amet Dapibus LLC,"Lifestyle, Health & Recreation",973,973,1352,1054
65134002757,Elit Etiam Laoreet Foundation,Technology & Professional Services,1401,1398,502,1055
97129028344,Pede Ultrices A Inc.,Technology & Professional Services,1022,1020,1266,1056
88435572170,Et LLP,"Fashion, Jewelry & Personal Goods",1140,1141,1032,1057
51357574333,Varius Nam Porttitor Consulting,"Fashion, Jewelry & Personal Goods",1082,1083,1150,1058
11017796471,Sodales Mauris Consulting,"Lifestyle, Health & Recreation",1092,1093,1141,1059
67288548470,Ligula Elit LLC,"Home, Garden & Living",1033,1034,1262,1060
58019702129,Sapien Cras Institute,"Arts, Media & Entertainment",1079,1082,1170,1061
14804580099,Sem Consequat Consulting,"Arts, Media & Entertainment",1055,1056,1235,1062
83412691377,Suspendisse Sagittis Nullam Associates,"Fashion, Jewelry & Personal Goods",1048,1048,1254,1063
16587082018,Laoreet Ipsum Ltd,"Arts, Media & Entertainment",1029,1029,1299,1064
39135845322,Quis Pede Praesent Inc.,"Fashion, Jewelry & Personal Goods",1025,1025,1309,1065
31337247877,Lorem Ac Risus Company,"Arts, Media & Entertainment",1019,1022,1320,1066
90684382197,In Sodales Limited,"Lifestyle, Health & Recreation",1001,1004,1358,1067
33268824520,Arcu Nunc Incorporated,Technology & Professional Services,1077,1077,1211,1068
16143938351,Enim Institute,Technology & Professional Services,1089,1089,1188,1069
86131077097,Eu Nulla At Inc.,"Arts, Media & Entertainment",1090,1087,1190,1070
55828706874,Eget Venenatis A Incorporated,"Arts, Media & Entertainment",995,995,1377,1071
25846871943,Feugiat Placerat Corporation,"Fashion, Jewelry & Personal Goods",1176,1175,1018,1072
72870379863,Et Eros Corp.,"Fashion, Jewelry & Personal Goods",1162,1159,1053,1073
10530696903,Ut Semper Industries,"Arts, Media & Entertainment",960,959,1460,1074
79479365013,Facilisis Non Inc.,"Home, Garden & Living",1010,1010,1363,1075
17009186054,Et Ltd,Technology & Professional Services,1118,1115,1152,1076
18582096775,Quis Tristique Ltd,"Arts, Media & Entertainment",1023,1021,1349,1077
20606594082,Nunc Nulla Vulputate LLC,"Fashion, Jewelry & Personal Goods",1126,1127,1148,1078
19892730735,Nunc Sit Incorporated,"Lifestyle, Health & Recreation",1111,1111,1183,1079
31630375469,Ante Bibendum Corporation,"Lifestyle, Health & Recreation",1396,1396,628,1080
16394504716,Enim Nec Tempus Corporation,"Arts, Media & Entertainment",1074,1074,1278,1081
67165527084,Lacinia Vitae Sodales Inc.,"Home, Garden & Living",1119,1117,1191,1082
80785565526,Tristique Senectus Ltd,"Arts, Media & Entertainment",1056,1058,1334,1083
37762125537,Pharetra Incorporated,"Fashion, Jewelry & Personal Goods",1068,1066,1316,1084
65202518558,Purus Nullam Incorporated,"Fashion, Jewelry & Personal Goods",1034,1033,1388,1085
23787788327,Ad Corporation,"Lifestyle, Health & Recreation",1179,1180,1104,1086
24674067743,Augue Ltd,"Fashion, Jewelry & Personal Goods",1353,1355,756,1087
77990903737,Semper Et Lacinia LLP,"Lifestyle, Health & Recreation",1248,1248,969,1088
65276790047,Bibendum Fermentum LLP,"Fashion, Jewelry & Personal Goods",1215,1217,1036,1089
32873803804,Sed Pharetra Ltd,"Arts, Media & Entertainment",1156,1155,1169,1090
34190774918,Eget Ipsum Corp.,"Lifestyle, Health & Recreation",1041,1042,1402,1091
26510188921,Et Nunc Institute,"Home, Garden & Living",1107,1105,1275,1092
24015576448,Mi Eleifend Associates,"Lifestyle, Health & Recreation",1032,1032,1424,1093
49412216510,Nec Quam Curabitur Incorporated,Technology & Professional Services,979,979,1531,1094
36800720158,A Felis Ullamcorper Corporation,"Home, Garden & Living",1016,1016,1458,1095
20692490685,Aliquet Molestie Limited,Technology & Professional Services,1362,1361,776,1096
13830448327,Neque Sed PC,"Arts, Media & Entertainment",1076,1075,1355,1097
66118124566,Interdum LLC,"Arts, Media & Entertainment",1015,1014,1477,1098
27610959380,Nibh Phasellus Ltd,"Arts, Media & Entertainment",1170,1173,1166,1099
40507108040,Lacinia At Institute,"Home, Garden & Living",1035,1036,1440,1100
55955609006,Nec Enim Nunc LLP,"Arts, Media & Entertainment",1120,1120,1272,1101
64953561005,Orci Phasellus Dapibus Inc.,"Arts, Media & Entertainment",1125,1124,1267,1102
12014115545,In Lobortis Company,"Fashion, Jewelry & Personal Goods",1050,1053,1415,1103
11134994590,Quis Massa Mauris Ltd,"Fashion, Jewelry & Personal Goods",1206,1211,1105,1104
68645891034,Fusce Industries,"Home, Garden & Living",986,986,1550,1105
10165489824,Nunc Sed Company,"Fashion, Jewelry & Personal Goods",1762,1763,3,1106
75881121130,In Hendrerit Ltd,"Arts, Media & Entertainment",987,988,1556,1107
50185854379,Adipiscing Lacus Limited,Technology & Professional Services,1282,1280,973,1108
49640494725,Magna Praesent Interdum Ltd,"Lifestyle, Health & Recreation",1157,1156,1222,1109
34082818630,Egestas Sed Inc.,"Arts, Media & Entertainment",971,974,1595,1110
64127544910,Nulla In Associates,"Arts, Media & Entertainment",1201,1201,1140,1111
65527917790,Nulla Cras Corporation,"Lifestyle, Health & Recreation",926,925,1691,1112
35769589414,Arcu Et Pede Limited,Technology & Professional Services,1238,1235,1072,1113
52569909432,Dis Parturient Montes LLC,"Fashion, Jewelry & Personal Goods",1099,1103,1343,1114
75131910841,Taciti Associates,"Fashion, Jewelry & Personal Goods",1003,1003,1545,1115
10881038707,Sed Facilisis Vitae Incorporated,"Fashion, Jewelry & Personal Goods",1774,1774,4,1116
43719937438,Class Aptent Taciti Industries,"Arts, Media & Entertainment",1045,1044,1464,1117
45322831450,Non Sapien Molestie Corporation,"Lifestyle, Health & Recreation",1130,1129,1295,1118
80116239104,Ut Semper Limited,Technology & Professional Services,1165,1166,1224,1119
62100554322,Tempor Limited,"Arts, Media & Entertainment",1067,1069,1419,1120
25824799381,Elit Institute,"Lifestyle, Health & Recreation",1117,1118,1321,1121
24123600795,Et Eros Inc.,Technology & Professional Services,1235,1237,1093,1122
84131378699,Hendrerit Corp.,"Lifestyle, Health & Recreation",1031,1031,1503,1123
22614311069,Vivamus Limited,Technology & Professional Services,1146,1146,1276,1124
25707254891,Dui Associates,"Fashion, Jewelry & Personal Goods",1301,1305,963,1125
92428831060,Dapibus Gravida Ltd,"Arts, Media & Entertainment",1083,1081,1408,1126
15531408565,Aliquam Eu LLP,"Fashion, Jewelry & Personal Goods",1063,1062,1451,1127
67283489810,Hendrerit Consectetuer Institute,"Arts, Media & Entertainment",1385,1384,810,1128
91633005350,Vel LLC,"Home, Garden & Living",992,994,1593,1129
28159278322,Ullamcorper Nisl Corporation,"Arts, Media & Entertainment",1066,1060,1454,1130
89430765327,Sodales Mauris Corporation,"Arts, Media & Entertainment",1104,1102,1375,1131
81561729667,Gravida Molestie Associates,Technology & Professional Services,1122,1121,1340,1132
98400051901,Vitae LLC,Technology & Professional Services,1252,1254,1088,1133
77037096829,Nam Consulting,"Lifestyle, Health & Recreation",1190,1189,1215,1134
71094934182,Nonummy Ipsum Non LLC,"Home, Garden & Living",1298,1299,999,1135
36105696102,Velit Eget Institute,"Fashion, Jewelry & Personal Goods",1372,1381,844,1136
65337745105,Nunc LLP,"Home, Garden & Living",1210,1209,1178,1137
66257020651,Sit Amet Foundation,"Arts, Media & Entertainment",1105,1107,1391,1138
68699353442,Ac Consulting,"Arts, Media & Entertainment",1236,1236,1135,1139
48646476949,Quam Vel Sapien LLC,"Arts, Media & Entertainment",1314,1317,977,1140
20349182689,Nunc Interdum Feugiat Limited,"Arts, Media & Entertainment",1097,1099,1412,1141
69913521743,Purus Gravida Inc.,"Arts, Media & Entertainment",994,993,1622,1142
26267439458,Aliquam Fringilla Foundation,"Home, Garden & Living",1110,1114,1386,1143
36688095621,Aliquam Nisl Nulla Corporation,"Home, Garden & Living",1116,1119,1378,1144
38243146530,Suspendisse Aliquet Incorporated,"Lifestyle, Health & Recreation",1043,1043,1530,1145
41315101616,Malesuada Fames Foundation,"Fashion, Jewelry & Personal Goods",1147,1147,1324,1146
66066213362,Nunc Sed LLP,Technology & Professional Services,1058,1059,1502,1147
18716225872,Amet Ante Vivamus Associates,"Arts, Media & Entertainment",1062,1065,1498,1148
29633331621,Augue Sed Inc.,"Arts, Media & Entertainment",1310,1314,1003,1149
36461610866,Phasellus Fermentum Corporation,Technology & Professional Services,1223,1223,1184,1150
21263722044,Lacus Quisque Industries,"Fashion, Jewelry & Personal Goods",1309,1312,1010,1151
36125151647,Sed Nec Corp.,"Arts, Media & Entertainment",1281,1281,1069,1152
13447011295,Magna Nec Institute,"Home, Garden & Living",1136,1135,1373,1153
91803984881,Purus LLC,"Arts, Media & Entertainment",1121,1122,1409,1154
76819856970,Egestas Blandit Ltd,"Home, Garden & Living",1234,1234,1185,1155
72611840049,Lobortis Tellus Limited,"Home, Garden & Living",1091,1091,1474,1156
15367144876,Id Nunc Corporation,"Lifestyle, Health & Recreation",1071,1072,1513,1157
32623092639,Penatibus Et Industries,"Fashion, Jewelry & Personal Goods",1085,1088,1484,1158
89536028092,Mauris Rhoncus LLC,Technology & Professional Services,1075,1076,1507,1159
39917000142,Justo Sit LLC,"Lifestyle, Health & Recreation",1355,1352,954,1160
60470122582,Consequat Purus Industries,Technology & Professional Services,1158,1158,1345,1161
73761689784,Odio Sagittis Incorporated,"Lifestyle, Health & Recreation",1053,1050,1558,1162
73227776133,A Odio Semper Incorporated,"Lifestyle, Health & Recreation",1113,1108,1441,1163
52323926070,Lorem Ac Risus Institute,Technology & Professional Services,1654,1654,361,1164
72064213561,Turpis Egestas Aliquam Corporation,"Arts, Media & Entertainment",1161,1165,1344,1165
42032686423,At Consulting,"Arts, Media & Entertainment",1012,1012,1646,1166
25176815949,Eu Enim Consulting,"Arts, Media & Entertainment",1630,1627,419,1167
17476208631,Sit Institute,"Arts, Media & Entertainment",1347,1347,986,1168
27574779991,Pede Malesuada Company,"Lifestyle, Health & Recreation",1303,1301,1076,1169
20569508100,Euismod Est Corp.,"Lifestyle, Health & Recreation",1159,1161,1365,1170
83575543026,Ipsum Nunc Id LLC,Technology & Professional Services,1441,1440,816,1171
83421619944,Dui LLP,"Lifestyle, Health & Recreation",1049,1052,1601,1172
68289707002,Ac Metus Industries,"Fashion, Jewelry & Personal Goods",1326,1326,1051,1173
20717777781,Convallis Dolor Quisque Associates,"Arts, Media & Entertainment",1152,1152,1401,1174
60240099150,Adipiscing Industries,"Fashion, Jewelry & Personal Goods",1094,1086,1525,1175
25627894706,Ut Company,Technology & Professional Services,1084,1084,1538,1176
10714068705,Sollicitudin Commodo Ipsum Industries,"Home, Garden & Living",1240,1240,1230,1177
90320801414,Venenatis A Ltd,"Arts, Media & Entertainment",1129,1130,1452,1178
92308095254,Non Lorem LLC,"Fashion, Jewelry & Personal Goods",1134,1134,1445,1179
63419471661,Eget Magna Corp.,Technology & Professional Services,1209,1207,1298,1180
56139017231,Nec Mollis Vitae PC,"Arts, Media & Entertainment",1072,1071,1571,1181
15686458582,Sed Orci Lobortis Corp.,"Lifestyle, Health & Recreation",1175,1174,1366,1182
73546158413,Nec Ante Corp.,"Home, Garden & Living",1432,1434,853,1183
62074083335,Aliquet Libero Corporation,Technology & Professional Services,1096,1100,1527,1184
89133730546,Adipiscing Fringilla Porttitor Ltd,"Arts, Media & Entertainment",1861,1859,5,1185
28464012306,Amet Corporation,Technology & Professional Services,1102,1101,1522,1186
32446633720,Dolor Nonummy Corporation,Technology & Professional Services,1266,1270,1192,1187
90025866810,Donec Feugiat Metus LLC,Technology & Professional Services,1128,1128,1473,1188
87915290368,Purus Mauris LLC,"Arts, Media & Entertainment",1346,1346,1046,1189
31472801314,Urna Justo Industries,"Arts, Media & Entertainment",1095,1096,1547,1190
86791380020,Integer Urna Institute,"Fashion, Jewelry & Personal Goods",1868,1867,6,1191
67213521157,Gravida Nunc LLP,"Fashion, Jewelry & Personal Goods",1867,1868,7,1192
96442520325,Nullam Lobortis Quam Company,Technology & Professional Services,1219,1219,1310,1193
85502310765,Magnis Dis Parturient Industries,Technology & Professional Services,1555,1555,643,1194
71612636096,Lorem Luctus Associates,"Arts, Media & Entertainment",1167,1167,1429,1195
51094717964,Tempor Diam Dictum Corporation,"Arts, Media & Entertainment",1088,1090,1589,1196
58459771721,Vestibulum Mauris Corp.,"Fashion, Jewelry & Personal Goods",1354,1353,1078,1197
69696627033,Erat Semper Limited,"Lifestyle, Health & Recreation",1114,1112,1559,1198
56429066925,Porta LLP,"Home, Garden & Living",1123,1123,1540,1199
44210076869,Volutpat Nulla Facilisis LLP,"Home, Garden & Living",1258,1258,1273,1200
67609108741,Metus Sit Amet Incorporated,"Arts, Media & Entertainment",1767,1768,261,1201
86744504251,Suspendisse Dui LLC,"Fashion, Jewelry & Personal Goods",1200,1200,1398,1202
38325541616,Vivamus Non Corporation,"Arts, Media & Entertainment",1268,1269,1263,1203
11173270682,Feugiat Tellus LLP,Technology & Professional Services,1409,1407,988,1204
49535617047,Rhoncus Ltd,"Arts, Media & Entertainment",1212,1210,1385,1205
91847992723,Sed Molestie Foundation,"Fashion, Jewelry & Personal Goods",1306,1304,1198,1206
66626020312,In Magna Incorporated,"Home, Garden & Living",1336,1335,1139,1207
93894215354,At Velit Cras Associates,"Lifestyle, Health & Recreation",1300,1300,1210,1208
34973148717,Montes Nascetur Ridiculus Ltd,"Lifestyle, Health & Recreation",1237,1239,1337,1209
78820544491,Tincidunt Aliquam LLP,"Fashion, Jewelry & Personal Goods",1103,1106,1604,1210
21073645356,Egestas A Consulting,"Fashion, Jewelry & Personal Goods",1297,1297,1220,1211
63300242141,Lacus Varius Et Consulting,"Arts, Media & Entertainment",1457,1458,901,1212
33337260688,Suspendisse Ac Company,"Arts, Media & Entertainment",1145,1145,1528,1213
17186910612,Semper Tellus LLP,"Home, Garden & Living",1220,1222,1379,1214
76968105359,Nec Limited,"Lifestyle, Health & Recreation",1193,1192,1437,1215
69123307057,Quisque Associates,"Arts, Media & Entertainment",1149,1149,1526,1216
53339073841,Facilisis Vitae Corporation,Technology & Professional Services,1101,1097,1626,1217
77595119441,Donec Tempor PC,"Fashion, Jewelry & Personal Goods",1461,1462,902,1218
66069111675,Elementum At Ltd,"Arts, Media & Entertainment",1329,1330,1168,1219
10385250025,Id Ltd,Technology & Professional Services,1106,1104,1620,1220
23540388582,Sociis Natoque Company,"Home, Garden & Living",1061,1061,1708,1221
82027679475,Dolor Associates,"Home, Garden & Living",1127,1126,1582,1222
38591231051,Lectus Sit Inc.,"Arts, Media & Entertainment",1180,1181,1479,1223
73204383732,Et Ultrices Inc.,"Fashion, Jewelry & Personal Goods",1229,1228,1387,1224
75265429612,Consectetuer PC,"Fashion, Jewelry & Personal Goods",1263,1265,1318,1225
58895707108,Lobortis Risus LLP,"Lifestyle, Health & Recreation",1221,1220,1407,1226
88215945141,Semper Nam Tempor LLC,"Home, Garden & Living",1124,1125,1599,1227
92075595936,Lacus Mauris Corp.,"Arts, Media & Entertainment",1137,1137,1579,1228
21232022824,Quis Massa Mauris Corporation,Technology & Professional Services,1208,1208,1439,1229
55279811979,Natoque Penatibus Et Corporation,"Arts, Media & Entertainment",1244,1243,1370,1230
81464461997,Suspendisse Eleifend Cras PC,"Arts, Media & Entertainment",1232,1230,1395,1231
95488505807,Mauris Sit Amet Consulting,"Arts, Media & Entertainment",1171,1169,1517,1232
23026499747,Metus Aenean Inc.,"Fashion, Jewelry & Personal Goods",1150,1150,1560,1233
56829863713,Nascetur Ridiculus Corp.,Technology & Professional Services,1166,1164,1537,1234
10255988167,Aliquam Enim Incorporated,Technology & Professional Services,1196,1196,1478,1235
60616659469,Tortor At Ltd,"Arts, Media & Entertainment",1191,1190,1493,1236
24179472533,Est Congue Institute,"Lifestyle, Health & Recreation",1213,1212,1453,1237
29693559566,Sed Diam Associates,"Lifestyle, Health & Recreation",1359,1359,1165,1238
96491286698,Commodo Auctor Velit Foundation,"Home, Garden & Living",1211,1213,1472,1239
94206932226,Interdum Feugiat Ltd,Technology & Professional Services,1286,1284,1327,1240
14278929774,Etiam LLP,"Arts, Media & Entertainment",1100,1098,1699,1241
43006743995,Vestibulum Mauris Magna Institute,"Home, Garden & Living",1243,1244,1414,1242
41481009028,Laoreet Libero Inc.,Technology & Professional Services,1203,1203,1495,1243
59589609053,Adipiscing Non LLP,"Fashion, Jewelry & Personal Goods",1327,1327,1249,1244
76020856062,Nunc Pulvinar Arcu Corporation,"Lifestyle, Health & Recreation",1293,1293,1317,1245
84445217729,Eu Tellus Foundation,"Lifestyle, Health & Recreation",1046,1047,1812,1246
74916784885,Cursus Purus Associates,"Home, Garden & Living",1181,1177,1549,1247
20939962818,Semper Cursus Institute,"Lifestyle, Health & Recreation",1259,1257,1399,1248
57253456204,A Malesuada Associates,"Lifestyle, Health & Recreation",1069,1070,1777,1249
65907027247,Fringilla Porttitor Limited,"Fashion, Jewelry & Personal Goods",1087,1085,1749,1250
48302663667,Eget Tincidunt LLP,"Home, Garden & Living",1269,1271,1383,1251
61213731974,Dis Parturient Montes Corporation,"Lifestyle, Health & Recreation",1218,1214,1492,1252
27109170541,Leo Vivamus Associates,"Lifestyle, Health & Recreation",1214,1215,1499,1253
38672941140,Consequat Nec Mollis Institute,"Home, Garden & Living",1207,1204,1519,1254
89518629617,Vulputate Velit Eu Limited,"Home, Garden & Living",1369,1369,1196,1255
55407818029,Imperdiet LLP,Technology & Professional Services,1278,1278,1381,1256
84048044848,Molestie Arcu Sed Corporation,"Home, Garden & Living",1109,1116,1712,1257
29550468444,Ligula PC,"Arts, Media & Entertainment",1183,1182,1575,1258
67874735704,Ultricies Adipiscing Enim Industries,"Home, Garden & Living",1433,1432,1083,1259
29936037423,Sodales Incorporated,"Arts, Media & Entertainment",1331,1332,1291,1260
93439438419,Parturient Montes Inc.,"Fashion, Jewelry & Personal Goods",1242,1242,1471,1261
88630093420,Sem Ut Dolor Inc.,"Fashion, Jewelry & Personal Goods",1177,1176,1605,1262
64278053738,Magna Malesuada Foundation,"Arts, Media & Entertainment",1197,1197,1565,1263
22474703869,Consectetuer Inc.,"Home, Garden & Living",1459,1460,1044,1264
65022194603,Ultricies Ltd,"Home, Garden & Living",1135,1136,1693,1265
56762458844,In Inc.,"Lifestyle, Health & Recreation",1133,1131,1700,1266
85626017907,Commodo At Libero PC,"Fashion, Jewelry & Personal Goods",1426,1428,1115,1267
95274025676,Ipsum Cursus Vestibulum PC,"Arts, Media & Entertainment",1245,1245,1480,1268
93110588804,Aenean Sed Pede Company,"Fashion, Jewelry & Personal Goods",1305,1306,1361,1269
27639240514,Placerat Eget LLP,"Arts, Media & Entertainment",1337,1337,1300,1270
12771097467,At Pretium Corp.,"Lifestyle, Health & Recreation",1222,1224,1529,1271
59128133246,Ut Tincidunt Foundation,"Lifestyle, Health & Recreation",1169,1170,1636,1272
48421784228,Rutrum Foundation,Technology & Professional Services,1044,1045,1886,1273
83000061755,Eros Industries,Technology & Professional Services,1729,1727,523,1274
72758063852,Vestibulum Ante Ipsum Corporation,Technology & Professional Services,1154,1153,1673,1275
51479541036,Leo Cras Vehicula LLC,Technology & Professional Services,1322,1321,1339,1276
72760991600,Libero Incorporated,"Fashion, Jewelry & Personal Goods",1319,1319,1347,1277
50450845980,Malesuada Vel Limited,Technology & Professional Services,1174,1171,1641,1278
19197006880,Libero At LLC,"Fashion, Jewelry & Personal Goods",1164,1163,1659,1279
28339332365,Libero Mauris Limited,"Arts, Media & Entertainment",1204,1202,1586,1280
30288006732,Sem Pellentesque Ut Incorporated,"Arts, Media & Entertainment",1241,1238,1520,1281
86621434137,Praesent Luctus LLC,"Fashion, Jewelry & Personal Goods",1998,1996,8,1282
41331227038,Consectetuer Adipiscing Institute,"Fashion, Jewelry & Personal Goods",1464,1465,1073,1283
66464469789,Mauris Erat Associates,Technology & Professional Services,1262,1260,1481,1284
92382466112,A Neque Nullam Corp.,"Lifestyle, Health & Recreation",1351,1350,1304,1285
58596147982,Rutrum Lorem Inc.,Technology & Professional Services,1274,1277,1455,1286
38194917037,Vel Nisl LLP,Technology & Professional Services,1363,1363,1282,1287
90188095187,Egestas Inc.,"Fashion, Jewelry & Personal Goods",1374,1376,1260,1288
39869100896,Vivamus Nisi Mauris Corp.,"Arts, Media & Entertainment",1260,1264,1490,1289
64431686132,Aliquam Enim Ltd,"Lifestyle, Health & Recreation",1283,1283,1450,1290
61991570212,A Ltd,"Home, Garden & Living",1231,1232,1553,1291
78949485914,Fermentum Metus Ltd,"Fashion, Jewelry & Personal Goods",1430,1429,1160,1292
48248269920,Etiam Bibendum Fermentum Institute,"Arts, Media & Entertainment",1172,1178,1675,1293
24683655751,Ipsum Suspendisse Foundation,"Lifestyle, Health & Recreation",1160,1162,1705,1294
11961681734,Dui Cras Pellentesque Company,"Lifestyle, Health & Recreation",1178,1179,1674,1295
11093673306,Ac Mi Corp.,"Fashion, Jewelry & Personal Goods",1217,1218,1598,1296
99786288465,Non Enim Commodo Industries,"Fashion, Jewelry & Personal Goods",1173,1172,1689,1297
79198689842,Donec Luctus Industries,"Lifestyle, Health & Recreation",1572,1571,894,1298
21615741041,Nulla Facilisi Sed LLP,"Fashion, Jewelry & Personal Goods",1168,1168,1703,1299
76745031694,Tristique LLP,"Lifestyle, Health & Recreation",1189,1191,1664,1300
66835892718,Iaculis Nec Industries,Technology & Professional Services,1182,1183,1679,1301
60123474601,Non Massa Non Institute,"Arts, Media & Entertainment",1384,1383,1286,1302
15115332331,In Consectetuer Ltd,"Home, Garden & Living",1378,1374,1305,1303
27406636146,Feugiat Sed Inc.,"Arts, Media & Entertainment",1514,1515,1029,1304
41827752591,Fusce Aliquam Consulting,"Fashion, Jewelry & Personal Goods",1315,1316,1433,1305
83329078822,Rutrum Incorporated,"Lifestyle, Health & Recreation",1253,1251,1561,1306
58688453868,Pharetra Sed LLC,"Arts, Media & Entertainment",1320,1318,1430,1307
55562579755,Enim Curabitur Massa Foundation,"Home, Garden & Living",1184,1186,1704,1308
59067200778,Dolor Nulla Ltd,"Arts, Media & Entertainment",1188,1188,1701,1309
90976587185,Risus Donec Corp.,"Arts, Media & Entertainment",1479,1481,1125,1310
47484801038,Risus A Corporation,"Arts, Media & Entertainment",1273,1268,1546,1311
93378757859,Sit Foundation,"Fashion, Jewelry & Personal Goods",1429,1430,1231,1312
44653528319,Turpis Vitae Industries,"Arts, Media & Entertainment",1153,1157,1783,1313
11802512399,At Egestas A Corp.,"Lifestyle, Health & Recreation",1261,1259,1574,1314
99672926179,Molestie Ltd,Technology & Professional Services,1468,1469,1159,1315
60150317439,In Institute,"Fashion, Jewelry & Personal Goods",1163,1160,1773,1316
33032934489,Adipiscing Elit Etiam Incorporated,"Home, Garden & Living",1393,1392,1315,1317
48534842833,Dictum Eu Inc.,"Fashion, Jewelry & Personal Goods",1279,1279,1544,1318
47879799074,Proin Incorporated,Technology & Professional Services,1324,1320,1461,1319
87630626808,Eget Industries,"Fashion, Jewelry & Personal Goods",1437,1437,1234,1320
20269486864,Mi Eleifend Egestas Corp.,"Lifestyle, Health & Recreation",1415,1415,1279,1321
70879262618,Donec Egestas Institute,"Arts, Media & Entertainment",1247,1247,1615,1322
53132768930,Id Magna Industries,"Arts, Media & Entertainment",1323,1324,1466,1323
56806164521,Tempor Augue Ac Foundation,"Fashion, Jewelry & Personal Goods",1370,1375,1369,1324
27915232337,Orci Ut Sagittis PC,"Arts, Media & Entertainment",1277,1276,1564,1325
78508476745,Sapien LLP,"Lifestyle, Health & Recreation",1368,1367,1384,1326
77334889816,Massa Ltd,"Fashion, Jewelry & Personal Goods",1575,1577,975,1327
26599529197,Neque Company,"Arts, Media & Entertainment",1358,1358,1413,1328
42368556376,At Iaculis Corp.,"Home, Garden & Living",1436,1436,1261,1329
59659309503,Lacus Vestibulum Associates,Technology & Professional Services,1339,1338,1456,1330
55325186693,Aliquam Nisl Corporation,"Fashion, Jewelry & Personal Goods",1334,1334,1468,1331
52544138714,Pede Sagittis LLP,"Lifestyle, Health & Recreation",1284,1288,1568,1332
18305506006,Mollis Lectus Consulting,"Fashion, Jewelry & Personal Goods",1228,1227,1685,1333
10553813474,Commodo Hendrerit Donec Corporation,"Arts, Media & Entertainment",1275,1272,1594,1334
55348614885,Tortor Nunc LLC,"Arts, Media & Entertainment",1361,1362,1420,1335
57223200264,Massa Suspendisse Corp.,"Arts, Media & Entertainment",1738,1735,671,1336
76275088055,Vitae Risus Industries,"Lifestyle, Health & Recreation",1226,1229,1692,1337
36307655284,Integer Id Incorporated,"Arts, Media & Entertainment",1308,1307,1534,1338
50476338980,Vitae Odio Sagittis Associates,"Arts, Media & Entertainment",1202,1206,1742,1339
91772719127,Dictum Cursus Incorporated,"Arts, Media & Entertainment",1267,1267,1618,1340
14809247463,Id Mollis PC,"Arts, Media & Entertainment",1403,1404,1354,1341
55123279982,Luctus Lobortis Class Institute,Technology & Professional Services,1080,1080,2010,1342
91212040913,Libero Est Ltd,"Arts, Media & Entertainment",1388,1391,1393,1343
35318110910,Tellus Lorem Incorporated,"Arts, Media & Entertainment",1290,1291,1592,1344
67465447214,Adipiscing Mauris Molestie LLC,"Lifestyle, Health & Recreation",1264,1262,1648,1345
32749065279,Auctor LLC,"Arts, Media & Entertainment",1186,1184,1806,1346
39112692726,Mus Proin LLC,"Lifestyle, Health & Recreation",1205,1205,1767,1347
65959377833,Lobortis Augue Ltd,"Fashion, Jewelry & Personal Goods",2085,2085,9,1348
54429225092,Ridiculus Mus Aenean LLP,"Fashion, Jewelry & Personal Goods",1192,1193,1794,1349
10279061213,Pede Ultrices Industries,Technology & Professional Services,1340,1340,1501,1350
52129026374,Non Feugiat Nec Industries,"Fashion, Jewelry & Personal Goods",1254,1252,1678,1351
17559476022,Id Incorporated,Technology & Professional Services,1249,1249,1686,1352
37304535258,Tempus Non Institute,"Fashion, Jewelry & Personal Goods",1431,1424,1332,1353
18883136194,Velit Pellentesque Ultricies Foundation,"Home, Garden & Living",1246,1246,1695,1354
44659323510,Aliquam Ornare Institute,"Home, Garden & Living",1250,1250,1688,1355
41302588137,Magnis Dis Limited,"Arts, Media & Entertainment",1276,1275,1638,1356
16980639748,Sodales Elit Erat LLC,Technology & Professional Services,1481,1478,1233,1357
30801495844,Nunc Ullamcorper Company,"Lifestyle, Health & Recreation",1285,1286,1624,1358
47148752699,Nunc Ut Erat Limited,Technology & Professional Services,1400,1399,1400,1359
78403451584,Duis A Institute,Technology & Professional Services,1399,1397,1405,1360
51043338345,A Malesuada Corporation,"Arts, Media & Entertainment",1446,1446,1313,1361
62483383956,Nec PC,"Lifestyle, Health & Recreation",1227,1226,1753,1362
28748147493,Neque Institute,"Fashion, Jewelry & Personal Goods",1527,1528,1161,1363
93077671049,Erat In Industries,"Lifestyle, Health & Recreation",1291,1289,1639,1364
21645141747,Ipsum Ltd,"Lifestyle, Health & Recreation",1257,1261,1710,1365
88389375042,Dapibus Inc.,Technology & Professional Services,1822,1822,587,1366
20734004951,Enim Consequat Inc.,"Arts, Media & Entertainment",1148,1148,1943,1367
32709729094,Odio Auctor Corp.,"Home, Garden & Living",1270,1274,1697,1368
70920423684,Erat Neque Inc.,"Arts, Media & Entertainment",1230,1231,1789,1369
55193751157,Rhoncus Proin PC,Technology & Professional Services,1367,1366,1536,1370
40590483301,Donec Tempus Corporation,"Arts, Media & Entertainment",1507,1508,1258,1371
80837517456,Sed Pede Institute,"Fashion, Jewelry & Personal Goods",1452,1450,1380,1372
60539272146,Ipsum Cursus LLP,"Fashion, Jewelry & Personal Goods",1680,1682,923,1373
53003062892,At Pretium PC,"Home, Garden & Living",1387,1389,1514,1374
16174402479,Neque Sed Dictum Company,"Arts, Media & Entertainment",1239,1241,1814,1375
26539386750,Senectus Et Corp.,"Arts, Media & Entertainment",1256,1256,1788,1376
35144409275,Dictum Mi LLC,"Lifestyle, Health & Recreation",1418,1418,1476,1377
80953929257,Nunc Risus Consulting,"Home, Garden & Living",1511,1512,1290,1378
61675439608,Nulla At Sem Corp.,"Arts, Media & Entertainment",1620,1620,1074,1379
11563852275,Proin Vel Incorporated,"Home, Garden & Living",1467,1466,1390,1380
20740910820,Ultrices Posuere Cubilia Incorporated,"Home, Garden & Living",1601,1602,1124,1381
96505481738,Neque Et Ltd,"Arts, Media & Entertainment",1287,1287,1756,1382
34095207240,Mauris Morbi Associates,"Fashion, Jewelry & Personal Goods",1394,1395,1542,1383
36300724008,Ligula Aenean Associates,Technology & Professional Services,1419,1419,1497,1384
37829861545,Cursus Vestibulum Mauris Foundation,"Lifestyle, Health & Recreation",1451,1452,1436,1385
22578135006,A Aliquet Ltd,"Home, Garden & Living",1356,1356,1628,1386
53415858879,Proin Foundation,Technology & Professional Services,1395,1394,1563,1387
39434518372,Tempus Limited,"Lifestyle, Health & Recreation",1307,1308,1737,1388
60602272553,Sagittis Duis Gravida Incorporated,"Lifestyle, Health & Recreation",1280,1282,1791,1389
45567605014,Vel Arcu Industries,"Lifestyle, Health & Recreation",1435,1435,1486,1390
46372571372,Aliquet Vel Company,Technology & Professional Services,1224,1221,1913,1391
10192359162,Enim Condimentum PC,"Arts, Media & Entertainment",1296,1296,1770,1392
49839448838,Enim Gravida Sit Incorporated,"Arts, Media & Entertainment",1602,1603,1158,1393
91455531890,Pede Nunc Sed Industries,"Fashion, Jewelry & Personal Goods",1364,1364,1635,1394
50894040234,Auctor Nunc Nulla Industries,"Fashion, Jewelry & Personal Goods",1255,1255,1853,1395
62735494616,Cras Lorem Lorem Limited,"Lifestyle, Health & Recreation",1195,1195,1974,1396
79143633916,Tellus Phasellus Elit Associates,"Fashion, Jewelry & Personal Goods",1573,1575,1219,1397
11149063370,Et Arcu Limited,"Arts, Media & Entertainment",1518,1518,1331,1398
89048727914,At Augue Corporation,"Lifestyle, Health & Recreation",1292,1292,1787,1399
84357911995,Nullam Vitae Inc.,"Fashion, Jewelry & Personal Goods",1316,1313,1744,1400
55555661470,Nullam Scelerisque LLC,"Fashion, Jewelry & Personal Goods",2182,2183,10,1401
53560474586,Erat Inc.,"Arts, Media & Entertainment",1434,1433,1510,1402
95733974200,Montes Ltd,Technology & Professional Services,1199,1198,1983,1403
18416401655,Pellentesque Incorporated,Technology & Professional Services,1225,1225,1932,1404
72136613350,Rhoncus Proin Nisl Associates,Technology & Professional Services,1391,1386,1607,1405
43696313879,Imperdiet Ullamcorper Corp.,"Arts, Media & Entertainment",1493,1491,1403,1406
18313275661,Lectus Ante Incorporated,"Arts, Media & Entertainment",1251,1253,1883,1407
72366568659,Ullamcorper Velit In Industries,"Home, Garden & Living",1406,1406,1578,1408
74350755562,Nulla Facilisis Inc.,"Arts, Media & Entertainment",1448,1448,1496,1409
29505435279,Sed Dictum Ltd,"Fashion, Jewelry & Personal Goods",1636,1640,1117,1410
66206584458,Eros Proin Ultrices Ltd,"Lifestyle, Health & Recreation",1335,1336,1722,1411
48196513465,Sagittis Augue Corporation,"Fashion, Jewelry & Personal Goods",1325,1325,1743,1412
11791943985,Nulla Magna Incorporated,"Fashion, Jewelry & Personal Goods",1338,1339,1717,1413
15135045968,Eu Dui Ltd,"Home, Garden & Living",1272,1273,1851,1414
69934752604,Fermentum Arcu Vestibulum Corp.,"Fashion, Jewelry & Personal Goods",1288,1290,1820,1415
38807802363,Ac Mattis Ltd,"Arts, Media & Entertainment",1589,1589,1225,1416
36235884040,Curabitur Massa PC,Technology & Professional Services,1313,1310,1784,1417
79941801716,Malesuada Ltd,"Arts, Media & Entertainment",1471,1473,1465,1418
41237771126,Euismod Est Arcu PC,"Fashion, Jewelry & Personal Goods",1402,1402,1608,1419
81950463278,Vulputate Posuere Foundation,"Arts, Media & Entertainment",1348,1354,1711,1420
74719827885,Cubilia Curae Corp.,"Arts, Media & Entertainment",1377,1371,1671,1421
96554417129,Odio A Industries,"Home, Garden & Living",1349,1349,1723,1422
80621802588,Nonummy Consulting,Technology & Professional Services,1343,1342,1739,1423
26358864089,Leo Elementum Sem LLC,Technology & Professional Services,1445,1447,1535,1424
85148942307,Scelerisque Incorporated,"Home, Garden & Living",1350,1348,1730,1425
49167531725,Felis Institute,"Arts, Media & Entertainment",1294,1295,1839,1426
30385986557,Nulla Eu Neque Limited,"Arts, Media & Entertainment",1605,1606,1218,1427
55778594682,Auctor Nunc Consulting,"Arts, Media & Entertainment",1425,1427,1577,1428
85490345732,Mauris Blandit Consulting,"Arts, Media & Entertainment",1352,1351,1726,1429
81276848014,Malesuada Fames Consulting,"Home, Garden & Living",1295,1294,1840,1430
19585107705,Amet Consectetuer Adipiscing Associates,"Lifestyle, Health & Recreation",1613,1615,1208,1431
10955677986,Arcu Iaculis Corporation,"Fashion, Jewelry & Personal Goods",1311,1309,1818,1432
54900312378,Non Ante Bibendum PC,Technology & Professional Services,1427,1426,1588,1433
82912636758,Eu Dolor Egestas LLC,"Lifestyle, Health & Recreation",1516,1513,1416,1434
56709391097,Aliquam Enim Foundation,"Arts, Media & Entertainment",1490,1486,1469,1435
23710434768,Adipiscing Institute,"Arts, Media & Entertainment",1540,1533,1376,1436
22811128657,Viverra Inc.,Technology & Professional Services,1515,1516,1421,1437
37176176705,Eu Industries,"Arts, Media & Entertainment",1330,1329,1803,1438
21587176464,Dictum Eu LLP,"Lifestyle, Health & Recreation",1489,1487,1488,1439
76149814641,Id Sapien Ltd,Technology & Professional Services,1455,1455,1554,1440
89297547843,Ut Aliquam Limited,"Lifestyle, Health & Recreation",1380,1380,1714,1441
52689558435,Eget Nisi Dictum Consulting,"Home, Garden & Living",1333,1333,1809,1442
48723861274,Metus Eu LLP,Technology & Professional Services,1554,1548,1374,1443
34558201737,Suspendisse Non LLC,"Arts, Media & Entertainment",1508,1509,1459,1444
46352584904,Vitae Aliquet Associates,"Arts, Media & Entertainment",1607,1607,1264,1445
97785987616,Sodales Nisi Ltd,Technology & Professional Services,1561,1561,1356,1446
39685893174,Nec Eleifend Non Limited,"Arts, Media & Entertainment",1810,1806,864,1447
40646162173,Mauris Inc.,"Arts, Media & Entertainment",1528,1530,1422,1448
29730124424,Egestas A LLP,"Lifestyle, Health & Recreation",1318,1315,1849,1449
11422053652,Aptent Taciti Consulting,"Fashion, Jewelry & Personal Goods",1366,1365,1752,1450
14040735315,Morbi Tristique Senectus Limited,"Arts, Media & Entertainment",1645,1644,1195,1451
35813492759,Orci Institute,"Lifestyle, Health & Recreation",1304,1303,1878,1452
74061266589,Dolor Donec Corporation,Technology & Professional Services,1672,1670,1144,1453
73508037595,Felis Ullamcorper Associates,"Lifestyle, Health & Recreation",1606,1611,1274,1454
78119440529,Pede Praesent Limited,Technology & Professional Services,1312,1311,1870,1455
28341499489,Malesuada Vel Ltd,"Arts, Media & Entertainment",1456,1457,1581,1456
33607911449,Nulla Semper LLC,"Home, Garden & Living",1535,1534,1426,1457
29156207537,Nunc Interdum Corporation,"Arts, Media & Entertainment",1491,1493,1515,1458
20445424481,Amet Industries,"Arts, Media & Entertainment",1360,1360,1780,1459
82179892802,Lacus Mauris Limited,"Lifestyle, Health & Recreation",1299,1298,1903,1460
90571530554,Lacus Ut Ltd,"Home, Garden & Living",1365,1372,1768,1461
40938677569,Elit Pretium Et Foundation,"Fashion, Jewelry & Personal Goods",1344,1345,1816,1462
55132869928,Curae Institute,"Arts, Media & Entertainment",1501,1501,1504,1463
33344911835,Aliquam Arcu Ltd,"Home, Garden & Living",1381,1382,1747,1464
74321541375,Id Institute,"Arts, Media & Entertainment",1416,1416,1682,1465
71982729179,Erat Eget LLC,"Fashion, Jewelry & Personal Goods",1328,1328,1863,1466
65150917863,Aliquam Iaculis Lacus LLC,"Lifestyle, Health & Recreation",1625,1625,1271,1467
70580157002,Aliquet Libero Foundation,"Arts, Media & Entertainment",1596,1596,1329,1468
37621714049,Ut Sem Company,"Arts, Media & Entertainment",1289,1285,1949,1469
16178821827,Odio Tristique Institute,Technology & Professional Services,1423,1425,1676,1470
70309831462,Proin Nisl Sem Company,"Lifestyle, Health & Recreation",1453,1451,1621,1471
92437353435,Elit Fermentum Risus Incorporated,"Arts, Media & Entertainment",1460,1456,1611,1472
54024111976,Elit Elit Associates,"Arts, Media & Entertainment",1624,1624,1284,1473
37327984417,Purus Duis Consulting,"Arts, Media & Entertainment",1321,1323,1890,1474
57540672941,Ante Vivamus Industries,"Lifestyle, Health & Recreation",1357,1357,1821,1475
89153112408,Sagittis Limited,Technology & Professional Services,1265,1263,2009,1476
21532935983,Eleifend Nec Incorporated,"Arts, Media & Entertainment",1386,1387,1765,1477
34059083860,Tempor LLC,"Arts, Media & Entertainment",1376,1377,1785,1478
50138044308,Nullam Feugiat Placerat Industries,"Home, Garden & Living",1408,1409,1732,1479
52827561456,Nec Urna Limited,"Arts, Media & Entertainment",1373,1368,1810,1480
12899341959,Consectetuer Euismod Inc.,"Lifestyle, Health & Recreation",1462,1461,1631,1481
74220937512,Sodales Nisi Magna Institute,"Arts, Media & Entertainment",1525,1525,1508,1482
43725628716,Proin Velit Sed Limited,"Arts, Media & Entertainment",1345,1344,1879,1483
75047095190,Condimentum Eget Limited,"Arts, Media & Entertainment",1552,1554,1463,1484
99473039626,Sed Diam Industries,"Fashion, Jewelry & Personal Goods",1492,1494,1585,1485
57093429717,Ac Turpis Associates,"Arts, Media & Entertainment",1472,1472,1632,1486
46007761675,Est Nunc Ullamcorper Institute,Technology & Professional Services,1382,1379,1815,1487
76158785234,Et Eros LLC,"Arts, Media & Entertainment",1422,1421,1736,1488
89933762267,Eget Venenatis Incorporated,"Fashion, Jewelry & Personal Goods",1407,1408,1764,1489
47721432444,Ultrices Posuere Cubilia Foundation,"Fashion, Jewelry & Personal Goods",1389,1393,1799,1490
55094723224,Nulla Facilisi Associates,Technology & Professional Services,1611,1609,1362,1491
60573599765,Arcu Limited,"Home, Garden & Living",1271,1266,2048,1492
76519958668,Ut Incorporated,"Fashion, Jewelry & Personal Goods",1547,1550,1489,1493
75419006735,Mollis LLC,"Arts, Media & Entertainment",1440,1439,1707,1494
75919025716,Rutrum Eu Ultrices Corp.,Technology & Professional Services,1317,1322,1947,1495
67244956961,Vehicula Industries,"Lifestyle, Health & Recreation",1497,1499,1597,1496
87853468402,Taciti Sociosqu Ad Limited,"Home, Garden & Living",1414,1414,1771,1497
24769745549,Ac Metus Corporation,"Fashion, Jewelry & Personal Goods",1371,1373,1859,1498
24264927934,Non Inc.,Technology & Professional Services,1480,1477,1647,1499
18949610555,Metus In LLP,"Fashion, Jewelry & Personal Goods",1302,1302,2004,1500
41216931608,Nec Enim Institute,"Arts, Media & Entertainment",1520,1519,1572,1501
61242800720,Turpis Inc.,"Arts, Media & Entertainment",1534,1536,1543,1502
69786030824,Non Quam Associates,"Arts, Media & Entertainment",1509,1507,1603,1503
62403837535,Morbi Limited,"Arts, Media & Entertainment",1398,1400,1828,1504
77397924030,Lacinia Mattis Corporation,"Lifestyle, Health & Recreation",1342,1343,1942,1505
62422038748,Tempus Scelerisque Lorem PC,Technology & Professional Services,1638,1639,1353,1506
15795298692,Sollicitudin LLC,"Arts, Media & Entertainment",1657,1655,1319,1507
43061683632,A Facilisis PC,"Fashion, Jewelry & Personal Goods",1576,1573,1482,1508
69576401798,Arcu Curabitur Institute,Technology & Professional Services,1791,1789,1052,1509
27110349542,Felis Nulla Tempor Institute,Technology & Professional Services,1523,1524,1587,1510
88642718732,Primis Corporation,"Arts, Media & Entertainment",1580,1581,1475,1511
23942094477,Vivamus Industries,"Arts, Media & Entertainment",1691,1691,1255,1512
23956501449,Eu Arcu Morbi Corporation,"Arts, Media & Entertainment",1585,1587,1470,1513
15896837295,Quam Quis Foundation,"Arts, Media & Entertainment",1603,1601,1443,1514
34744764368,Odio Corporation,"Arts, Media & Entertainment",1410,1413,1825,1515
34920839316,Nunc Est LLP,"Fashion, Jewelry & Personal Goods",2104,2104,446,1516
44771894352,Ante Vivamus Inc.,Technology & Professional Services,1542,1543,1570,1517
59417171491,Ac Mi Eleifend Limited,Technology & Professional Services,1569,1567,1521,1518
32566134208,Dapibus Rutrum Foundation,"Arts, Media & Entertainment",1715,1714,1229,1519
85071946566,Est Mauris Associates,"Arts, Media & Entertainment",1610,1610,1442,1520
58729395250,Aliquam LLC,"Arts, Media & Entertainment",1383,1385,1898,1521
44488833452,Aliquet Diam Inc.,"Lifestyle, Health & Recreation",1484,1485,1698,1522
63685007785,Augue Eu Tempor Associates,"Arts, Media & Entertainment",1999,1999,670,1523
70814127470,Id Ante Nunc Ltd,Technology & Professional Services,1939,1940,790,1524
97089682451,Mus Aenean Eget LLC,Technology & Professional Services,1332,1331,2006,1525
95279812400,Eu Dui Cum Ltd,"Home, Garden & Living",1650,1650,1372,1526
21614701484,Et Netus Et Corp.,"Arts, Media & Entertainment",1615,1613,1444,1527
12888399565,In Molestie Limited,"Lifestyle, Health & Recreation",1587,1585,1500,1528
98028977660,Aliquet Vel PC,Technology & Professional Services,1473,1470,1729,1529
17308640834,Et Rutrum Limited,"Fashion, Jewelry & Personal Goods",1469,1468,1735,1530
47874406074,Et Malesuada Fames PC,"Lifestyle, Health & Recreation",1635,1634,1404,1531
56341925306,Dolor Sit Company,"Arts, Media & Entertainment",1379,1378,1924,1532
59335427001,Suspendisse Tristique Associates,"Lifestyle, Health & Recreation",1444,1443,1795,1533
32530636640,Hendrerit Foundation,"Home, Garden & Living",1390,1388,1904,1534
64941032224,Tincidunt Aliquam Industries,Technology & Professional Services,1404,1403,1876,1535
89973342551,In Faucibus Corp.,"Lifestyle, Health & Recreation",1530,1529,1625,1536
40996886558,Ut Pharetra Sed Limited,"Arts, Media & Entertainment",1539,1535,1612,1537
90625095939,Eu Eleifend LLC,Technology & Professional Services,1411,1410,1866,1538
15625166573,Velit Quisque Industries,"Arts, Media & Entertainment",1424,1423,1843,1539
25971755977,Dui Cras Pellentesque Incorporated,"Arts, Media & Entertainment",1597,1597,1505,1540
56626211479,Dignissim Maecenas Ornare Associates,"Arts, Media & Entertainment",1494,1495,1716,1541
38638753805,Volutpat Ltd,"Home, Garden & Living",1519,1517,1670,1542
72434058183,Ipsum Primis Corporation,"Arts, Media & Entertainment",1549,1551,1617,1543
27801334668,Eu Neque Foundation,"Arts, Media & Entertainment",1526,1523,1668,1544
65925117805,Semper Erat In PC,"Home, Garden & Living",1477,1479,1761,1545
97434297484,A Enim Institute,"Lifestyle, Health & Recreation",1417,1417,1884,1546
53546629749,Integer Industries,Technology & Professional Services,1751,1749,1221,1547
84923186920,Penatibus Et LLC,Technology & Professional Services,1482,1480,1760,1548
49069349536,Sapien Nunc Inc.,Technology & Professional Services,1568,1565,1591,1549
81548651453,Mauris Blandit Limited,"Fashion, Jewelry & Personal Goods",2058,2059,610,1550
97453536197,Aliquet Molestie Institute,"Arts, Media & Entertainment",1763,1762,1203,1551
32413511882,Morbi Vehicula Limited,"Lifestyle, Health & Recreation",1591,1588,1551,1552
22926973508,Ipsum Non Industries,Technology & Professional Services,1537,1540,1662,1553
17228439250,Erat Foundation,Technology & Professional Services,2365,2365,11,1554
65027706740,Sed Orci Lobortis Company,Technology & Professional Services,1777,1777,1194,1555
35286003506,Velit Foundation,Technology & Professional Services,1652,1651,1447,1556
59288709135,Pede Suspendisse Institute,"Lifestyle, Health & Recreation",1571,1574,1606,1557
46537010521,Tempor Augue Ac Company,"Fashion, Jewelry & Personal Goods",2371,2370,12,1558
74959624448,Ornare Facilisis Corporation,"Fashion, Jewelry & Personal Goods",1752,1754,1248,1559
26080015717,Auctor Odio Incorporated,Technology & Professional Services,1633,1632,1491,1560
75244502629,Egestas Company,"Home, Garden & Living",1443,1442,1871,1561
56489374516,Aliquam Tincidunt Institute,"Lifestyle, Health & Recreation",1533,1532,1694,1562
16388802220,Iaculis Aliquet Institute,"Fashion, Jewelry & Personal Goods",1505,1506,1748,1563
10901349044,Per Inceptos Company,"Fashion, Jewelry & Personal Goods",1447,1445,1877,1564
13120157976,Sem Egestas Blandit Limited,"Fashion, Jewelry & Personal Goods",1421,1422,1926,1565
46308102995,Dictum Eleifend PC,"Lifestyle, Health & Recreation",1521,1522,1727,1566
48220830699,Nec Diam Duis Corporation,"Arts, Media & Entertainment",1782,1783,1207,1567
22840936261,Eu Nulla Inc.,"Arts, Media & Entertainment",1486,1489,1798,1568
64423487782,A LLC,"Home, Garden & Living",1478,1482,1813,1569
96435855846,Id PC,Technology & Professional Services,1688,1689,1397,1570
30429611528,Proin Sed Foundation,Technology & Professional Services,1578,1576,1623,1571
55597122840,Cursus Nunc Mauris Ltd,"Home, Garden & Living",1843,1841,1094,1572
79248381674,Tellus Non LLC,"Home, Garden & Living",1548,1549,1681,1573
35679080538,Odio Etiam Limited,"Fashion, Jewelry & Personal Goods",1557,1556,1669,1574
67425187185,Nullam Limited,"Fashion, Jewelry & Personal Goods",1392,1390,2002,1575
49318926537,Ut Nisi Associates,"Lifestyle, Health & Recreation",1709,1709,1371,1576
24164521701,Libero Industries,"Arts, Media & Entertainment",1375,1370,2044,1577
45663905997,Lacus Mauris Associates,"Fashion, Jewelry & Personal Goods",1930,1929,931,1578
24627889739,Et Euismod Et Limited,Technology & Professional Services,1593,1591,1610,1579
19127906616,Metus Corp.,"Arts, Media & Entertainment",1405,1405,1991,1580
81333423763,Molestie Dapibus Ligula Company,"Home, Garden & Living",1719,1719,1367,1581
42598866237,Ultrices Posuere LLC,"Arts, Media & Entertainment",1438,1438,1937,1582
79789227737,Ligula Elit Pretium Limited,"Lifestyle, Health & Recreation",1442,1444,1936,1583
44313899037,Sem Pellentesque Industries,"Home, Garden & Living",1586,1590,1649,1584
28490495118,Mauris Eu Elit Associates,"Arts, Media & Entertainment",1579,1579,1667,1585
43162178066,Nascetur Ridiculus LLP,"Arts, Media & Entertainment",1466,1467,1893,1586
67853562563,Non Nisi Foundation,Technology & Professional Services,1705,1706,1418,1587
24598653065,Et Rutrum Foundation,"Arts, Media & Entertainment",1702,1702,1428,1588
70754621933,Sociis Natoque Ltd,Technology & Professional Services,1794,1795,1247,1589
47422313909,Morbi Quis Urna LLP,"Arts, Media & Entertainment",1562,1562,1713,1590
36866208934,Tellus Corp.,Technology & Professional Services,1524,1527,1790,1591
86143428477,Donec Consectetuer Mauris Foundation,Technology & Professional Services,1663,1662,1518,1592
35661290048,Eget Institute,"Arts, Media & Entertainment",1550,1552,1741,1593
12380299397,Neque Morbi Foundation,"Arts, Media & Entertainment",1683,1684,1483,1594
56723208962,Risus Donec Associates,"Fashion, Jewelry & Personal Goods",1750,1750,1351,1595
50028551673,Vel Faucibus Institute,"Fashion, Jewelry & Personal Goods",1529,1526,1796,1596
85528480784,Convallis Institute,"Fashion, Jewelry & Personal Goods",1698,1698,1467,1597
76899079409,Nec Diam PC,Technology & Professional Services,1644,1643,1576,1598
83051195337,Porttitor Eros Institute,"Arts, Media & Entertainment",1612,1608,1645,1599
72724420494,Nunc Ullamcorper Corp.,"Arts, Media & Entertainment",1637,1637,1596,1600
58881822825,Orci Luctus Et Industries,Technology & Professional Services,1487,1488,1897,1601
43188424684,Est Mollis Non Inc.,"Fashion, Jewelry & Personal Goods",1692,1694,1487,1602
73843758222,Sed Malesuada Augue LLC,"Lifestyle, Health & Recreation",1500,1500,1873,1603
80067991455,Magna Duis Inc.,"Arts, Media & Entertainment",1725,1724,1425,1604
93726438981,Justo Praesent Luctus Inc.,"Fashion, Jewelry & Personal Goods",1504,1505,1868,1605
96812798687,Nisl Nulla LLP,"Fashion, Jewelry & Personal Goods",1674,1673,1532,1606
20833247272,Tincidunt Pede Institute,Technology & Professional Services,1474,1474,1931,1607
38734016504,Nisi Magna Consulting,"Arts, Media & Entertainment",1517,1520,1844,1608
67216839360,Sodales Elit Incorporated,Technology & Professional Services,1413,1411,2058,1609
30166624802,Feugiat Institute,"Fashion, Jewelry & Personal Goods",1541,1542,1800,1610
90612658132,Suspendisse Eleifend Cras Foundation,"Fashion, Jewelry & Personal Goods",1488,1490,1905,1611
29027010572,Ut Mi Associates,"Fashion, Jewelry & Personal Goods",1945,1947,995,1612
96178360210,Mauris Ut Quam LLC,Technology & Professional Services,1506,1502,1881,1613
44828910341,Ac Orci Ut Corporation,"Arts, Media & Entertainment",1465,1464,1966,1614
11895748930,Gravida Inc.,"Home, Garden & Living",1626,1626,1650,1615
72397853535,Convallis Ante Lectus Ltd,"Fashion, Jewelry & Personal Goods",1439,1441,2022,1616
56236492160,Arcu Ac Industries,Technology & Professional Services,1594,1594,1715,1617
33784872304,Augue Malesuada Corporation,Technology & Professional Services,1566,1569,1779,1618
77032515735,Congue Turpis Consulting,"Home, Garden & Living",1560,1558,1797,1619
73310644622,Vestibulum Ante Consulting,"Arts, Media & Entertainment",1458,1459,1999,1620
72286618594,Risus In LLP,Technology & Professional Services,1775,1775,1368,1621
90179131356,Lacus Mauris LLC,"Lifestyle, Health & Recreation",1485,1483,1952,1622
77679081913,Nascetur Ridiculus Foundation,"Arts, Media & Entertainment",1558,1559,1811,1623
29524720064,Urna Justo Associates,Technology & Professional Services,1649,1648,1634,1624
66678363248,Nulla Cras Eu Inc.,"Lifestyle, Health & Recreation",1551,1547,1835,1625
47218919992,Nonummy Ac Industries,"Fashion, Jewelry & Personal Goods",1454,1453,2027,1626
69078612783,Gravida Mauris LLP,"Lifestyle, Health & Recreation",1495,1492,1950,1627
71668072331,Sapien Gravida Foundation,"Lifestyle, Health & Recreation",1397,1401,2139,1628
78042516048,Est Ac Institute,"Fashion, Jewelry & Personal Goods",1830,1834,1277,1629
34020997841,Molestie Tellus Foundation,"Fashion, Jewelry & Personal Goods",1543,1541,1862,1630
80753862231,Praesent LLC,"Lifestyle, Health & Recreation",1499,1498,1962,1631
63789206880,Mauris Molestie Industries,"Lifestyle, Health & Recreation",1483,1484,1992,1632
83077046675,Fusce Aliquam LLP,"Arts, Media & Entertainment",1503,1504,1958,1633
22288600259,Ipsum Suspendisse LLP,"Arts, Media & Entertainment",1420,1420,2128,1634
19734745008,Etiam Imperdiet Corporation,"Fashion, Jewelry & Personal Goods",1815,1816,1338,1635
95938358124,Donec Dignissim Magna Foundation,Technology & Professional Services,1866,1865,1239,1636
23490868997,Odio Auctor LLC,"Lifestyle, Health & Recreation",1955,1955,1061,1637
28510201393,Quam Curabitur Corporation,"Lifestyle, Health & Recreation",1703,1703,1567,1638
61639583117,Tincidunt Nunc Institute,"Lifestyle, Health & Recreation",2480,2482,13,1639
58870269317,Vel Turpis Company,Technology & Professional Services,1747,1746,1485,1640
68550848674,Egestas Incorporated,Technology & Professional Services,1685,1683,1613,1641
80191930269,Dolor Quisque Tincidunt Foundation,Technology & Professional Services,1673,1675,1633,1642
25644665418,Cras Interdum LLC,"Arts, Media & Entertainment",1617,1616,1754,1643
54687916328,Ligula Nullam PC,"Lifestyle, Health & Recreation",1711,1712,1566,1644
42500153308,Vestibulum Accumsan Corp.,"Arts, Media & Entertainment",1980,1980,1030,1645
46969224554,Accumsan Interdum Foundation,Technology & Professional Services,1614,1612,1766,1646
12513701055,Et Lacinia Industries,"Arts, Media & Entertainment",1463,1463,2071,1647
36747959917,Sed Facilisis Inc.,"Lifestyle, Health & Recreation",1839,1836,1333,1648
83271526845,Adipiscing Ligula Corp.,"Lifestyle, Health & Recreation",1590,1592,1826,1649
55307299248,Praesent Luctus Curabitur Industries,Technology & Professional Services,1706,1704,1600,1650
73096931114,Nulla Ante Iaculis Ltd,"Lifestyle, Health & Recreation",1619,1619,1772,1651
82307164889,Mi Pede LLP,"Arts, Media & Entertainment",1513,1511,1987,1652
86130660254,Nam Interdum Enim Ltd,"Home, Garden & Living",1664,1664,1687,1653
26062881399,Amet Risus Associates,"Home, Garden & Living",1588,1586,1841,1654
15612785317,Congue Corporation,"Home, Garden & Living",1428,1431,2156,1655
19340071232,Magna Sed Associates,"Fashion, Jewelry & Personal Goods",2505,2505,14,1656
97738870301,Pellentesque LLC,"Fashion, Jewelry & Personal Goods",1783,1780,1462,1657
53300696557,Velit Cras Lorem Industries,"Arts, Media & Entertainment",1732,1732,1569,1658
64384611134,Eget Dictum Placerat Ltd,"Arts, Media & Entertainment",1665,1666,1702,1659
95499028329,Nonummy Ultricies Ltd,"Fashion, Jewelry & Personal Goods",1475,1475,2083,1660
80121625734,Nunc Company,"Arts, Media & Entertainment",1621,1623,1793,1661
93168879476,Nunc Id Ltd,"Arts, Media & Entertainment",1556,1557,1925,1662
31456306765,Phasellus Ltd,"Lifestyle, Health & Recreation",1476,1476,2087,1663
88717811993,Donec Tempus Foundation,"Fashion, Jewelry & Personal Goods",1628,1631,1781,1664
47630053533,Risus Odio Auctor Inc.,"Arts, Media & Entertainment",1618,1618,1804,1665
16676754730,Risus Donec Limited,"Arts, Media & Entertainment",1546,1546,1948,1666
29102388616,Sed Consequat Auctor Associates,"Home, Garden & Living",1531,1531,1995,1667
13902377680,Mollis Nec Cursus LLP,Technology & Professional Services,1449,1449,2160,1668
61481587663,Egestas Rhoncus Proin Inc.,"Home, Garden & Living",1629,1629,1801,1669
68112267199,Vel Convallis Corporation,"Home, Garden & Living",1498,1496,2065,1670
48214071373,Ridiculus LLC,"Lifestyle, Health & Recreation",1599,1600,1865,1671
40561597210,Sed Nec Foundation,"Arts, Media & Entertainment",1598,1595,1874,1672
68514534266,Semper Egestas Ltd,"Arts, Media & Entertainment",1536,1539,1993,1673
31330885977,Dis Parturient Ltd,Technology & Professional Services,1608,1604,1858,1674
85449177396,In Lorem Corp.,Technology & Professional Services,1538,1538,1996,1675
28935822912,Conubia Nostra Limited,"Fashion, Jewelry & Personal Goods",1717,1716,1640,1676
90290879666,Vulputate Dui Nec Company,"Home, Garden & Living",1667,1668,1740,1677
93712553837,Odio Tristique Pharetra Associates,"Fashion, Jewelry & Personal Goods",1496,1497,2084,1678
97716113207,Quisque Ac Foundation,"Fashion, Jewelry & Personal Goods",1842,1842,1396,1679
71467727041,Arcu Et Pede Industries,"Home, Garden & Living",1668,1667,1746,1680
49482116099,Dignissim Ltd,"Lifestyle, Health & Recreation",1412,1412,2264,1681
85726387922,Vivamus Sit Associates,"Lifestyle, Health & Recreation",1545,1545,2000,1682
74024744735,Eu LLP,"Home, Garden & Living",1660,1660,1775,1683
82081024598,Placerat Orci Associates,"Arts, Media & Entertainment",1755,1758,1583,1684
70885562894,Erat Etiam Vestibulum Foundation,Technology & Professional Services,1661,1661,1776,1685
23754348523,Vel Faucibus Id Company,"Home, Garden & Living",1894,1895,1311,1686
56191979620,Non Sollicitudin PC,Technology & Professional Services,1564,1563,1973,1687
48734393022,Dis Parturient Institute,"Home, Garden & Living",1834,1833,1434,1688
45648966421,Morbi Tristique Senectus Foundation,"Fashion, Jewelry & Personal Goods",1512,1514,2077,1689
50463196502,Lorem Ipsum Dolor Consulting,"Arts, Media & Entertainment",1522,1521,2064,1690
38049816588,Commodo Tincidunt Limited,"Fashion, Jewelry & Personal Goods",1727,1728,1656,1691
35071907475,A Auctor Non Institute,"Lifestyle, Health & Recreation",1700,1700,1720,1692
60646270419,Hendrerit Donec Porttitor Inc.,"Home, Garden & Living",2553,2553,15,1693
32934378210,Nibh Consulting,Technology & Professional Services,1583,1584,1957,1694
66186109508,Sagittis Placerat LLP,"Arts, Media & Entertainment",1559,1560,2007,1695
98545158925,Dictum Eleifend Industries,"Arts, Media & Entertainment",1850,1851,1431,1696
69983142241,Tempus Scelerisque LLC,"Fashion, Jewelry & Personal Goods",1805,1805,1523,1697
37097551567,Quis Pede Associates,"Lifestyle, Health & Recreation",1872,1869,1394,1698
50967757909,Eu Dui Cum Incorporated,"Arts, Media & Entertainment",1821,1821,1494,1699
30900210196,Sem Magna Nec Industries,"Fashion, Jewelry & Personal Goods",1897,1898,1342,1700
70338831249,Semper Industries,"Fashion, Jewelry & Personal Goods",1532,1537,2073,1701
73500416211,Posuere Vulputate Lacus Industries,Technology & Professional Services,1623,1621,1900,1702
97418230683,Consectetuer LLC,"Arts, Media & Entertainment",1768,1767,1616,1703
96420684134,Litora Torquent Associates,"Fashion, Jewelry & Personal Goods",1656,1659,1838,1704
39260384047,Quis Pede Corporation,Technology & Professional Services,1639,1636,1885,1705
44527459864,Felis Nulla Tempor Industries,"Arts, Media & Entertainment",1662,1663,1836,1706
97069390689,Etiam Bibendum Fermentum PC,"Lifestyle, Health & Recreation",1510,1510,2147,1707
68699143999,Tincidunt Neque Vitae Corporation,"Lifestyle, Health & Recreation",1721,1720,1738,1708
24302923489,Ipsum Corporation,"Arts, Media & Entertainment",1502,1503,2177,1709
57984259689,Enim Non Inc.,Technology & Professional Services,1925,1923,1335,1710
88052624284,Lobortis Mauris Suspendisse Associates,"Lifestyle, Health & Recreation",1838,1839,1512,1711
15549624934,Commodo Associates,"Lifestyle, Health & Recreation",1733,1734,1724,1712
80932809713,Non Leo Vivamus Incorporated,Technology & Professional Services,1570,1568,2056,1713
16242364669,In Nec Limited,"Lifestyle, Health & Recreation",1695,1693,1807,1714
24378910810,Curabitur Ut Industries,"Lifestyle, Health & Recreation",1669,1669,1860,1715
87811059143,Rhoncus Id PC,"Fashion, Jewelry & Personal Goods",1677,1678,1846,1716
50600353536,Aenean Eget Incorporated,"Home, Garden & Living",1701,1701,1802,1717
63734543365,Odio Etiam Company,"Arts, Media & Entertainment",1728,1730,1750,1718
19575005485,Nulla Integer Vulputate Institute,"Lifestyle, Health & Recreation",1723,1726,1759,1719
26077736972,Fermentum Convallis Incorporated,Technology & Professional Services,1646,1646,1917,1720
42226247639,Elit Fermentum Inc.,"Lifestyle, Health & Recreation",1622,1622,1967,1721
32812230887,Id Nunc Interdum Corporation,"Lifestyle, Health & Recreation",1634,1635,1944,1722
74309678848,Integer Vitae Nibh LLP,Technology & Professional Services,1582,1582,2054,1723
83891433615,Lacus Etiam Ltd,"Arts, Media & Entertainment",1553,1553,2115,1724
40908151498,Diam Dictum Company,"Lifestyle, Health & Recreation",1833,1838,1552,1725
58977869394,Diam Dictum Consulting,Technology & Professional Services,1647,1647,1929,1726
14316652139,Sed Dolor Inc.,Technology & Professional Services,1641,1642,1940,1727
10848766800,Ut Dolor Dapibus LLP,"Lifestyle, Health & Recreation",1817,1817,1590,1728
40305723628,Quis Turpis Industries,Technology & Professional Services,1577,1578,2072,1729
13041890826,Sit Amet Ltd,"Arts, Media & Entertainment",1696,1699,1833,1730
15937271532,Diam Proin Dolor Limited,Technology & Professional Services,1655,1657,1916,1731
73225085327,Gravida Sit Industries,"Arts, Media & Entertainment",1595,1598,2035,1732
26942003693,Mauris Institute,"Arts, Media & Entertainment",1682,1681,1867,1733
20642885273,Eu Limited,"Home, Garden & Living",1563,1566,2101,1734
82642449321,Ante Maecenas Corporation,Technology & Professional Services,1788,1786,1657,1735
66983698186,Tristique Aliquet Phasellus Incorporated,"Arts, Media & Entertainment",1895,1893,1446,1736
37815517789,Odio PC,"Fashion, Jewelry & Personal Goods",1737,1738,1762,1737
46054596841,Dolor Sit PC,Technology & Professional Services,2615,2613,16,1738
20443361465,Semper Dui Foundation,"Home, Garden & Living",1676,1676,1895,1739
35260204943,Sed Dolor Limited,"Arts, Media & Entertainment",1951,1951,1350,1740
41108543298,Et Foundation,"Home, Garden & Living",1670,1671,1915,1741
57824995706,Nulla LLP,"Home, Garden & Living",1687,1687,1894,1742
63461436707,Felis Ullamcorper Viverra LLP,"Fashion, Jewelry & Personal Goods",1648,1649,1972,1743
17291470169,Nullam Lobortis Limited,Technology & Professional Services,1816,1815,1642,1744
17611272180,Id Magna Limited,"Arts, Media & Entertainment",1785,1784,1706,1745
23765687737,A Neque Incorporated,"Arts, Media & Entertainment",1886,1884,1506,1746
22084888224,Parturient Montes LLC,Technology & Professional Services,1631,1633,2013,1747
72399160347,Dui Cum Sociis LLP,Technology & Professional Services,1584,1583,2110,1748
81861692234,Fringilla Industries,"Fashion, Jewelry & Personal Goods",1544,1544,2193,1749
35388105918,Orci Lobortis Limited,"Arts, Media & Entertainment",1693,1695,1896,1750
49549583265,Luctus Et Incorporated,"Home, Garden & Living",1632,1630,2030,1751
24848244496,Odio Phasellus Industries,"Home, Garden & Living",1592,1593,2107,1752
73376110977,Fusce LLC,Technology & Professional Services,1735,1736,1824,1753
90011689258,Nisi Institute,Technology & Professional Services,1574,1572,2149,1754
85765359302,Vestibulum Lorem Sit Limited,"Arts, Media & Entertainment",1658,1658,1981,1755
84937597269,Enim Non LLC,Technology & Professional Services,1681,1679,1941,1756
55092047467,Lectus Justo Incorporated,"Fashion, Jewelry & Personal Goods",1942,1943,1417,1757
83045786081,Ac Turpis Egestas Associates,Technology & Professional Services,1965,1962,1382,1758
24526454463,Penatibus Limited,"Fashion, Jewelry & Personal Goods",2650,2649,17,1759
97862445979,Pretium Neque Corporation,"Arts, Media & Entertainment",1643,1645,2028,1760
40038882257,Elit Pellentesque Ltd,"Home, Garden & Living",1881,1881,1555,1761
98202651678,Enim Commodo Associates,"Fashion, Jewelry & Personal Goods",2044,2045,1238,1762
31420388495,Nonummy Associates,"Home, Garden & Living",1790,1790,1751,1763
69233153226,A Purus LLC,Technology & Professional Services,1604,1605,2124,1764
90404167929,Enim Suspendisse Aliquet Corp.,"Fashion, Jewelry & Personal Goods",1995,1998,1357,1765
48298955262,A Arcu Sed Company,"Lifestyle, Health & Recreation",1808,1811,1734,1766
66482985683,Nonummy Ac Foundation,Technology & Professional Services,1716,1717,1927,1767
57011992135,Nam Ac Ltd,Technology & Professional Services,1567,1570,2223,1768
95080143009,Tincidunt Tempus Risus Incorporated,Technology & Professional Services,1690,1690,1982,1769
49152510995,Sit Ltd,"Lifestyle, Health & Recreation",1659,1656,2049,1770
28647642474,Convallis In Corporation,"Lifestyle, Health & Recreation",1848,1847,1677,1771
21158149109,Mauris Ipsum Porta LLC,"Fashion, Jewelry & Personal Goods",2117,2121,1137,1772
19839532017,Pellentesque Habitant LLC,"Arts, Media & Entertainment",1686,1685,2005,1773
23915266871,Pellentesque PC,"Lifestyle, Health & Recreation",1712,1713,1959,1774
63549963476,Proin Velit LLP,"Home, Garden & Living",1684,1686,2017,1775
50913027463,Quis Corporation,"Home, Garden & Living",1779,1779,1831,1776
42515892480,Quisque Purus LLC,"Lifestyle, Health & Recreation",1714,1718,1961,1777
20544804614,Malesuada Malesuada Corporation,"Home, Garden & Living",1745,1745,1906,1778
88878493736,At Fringilla Company,"Lifestyle, Health & Recreation",1756,1756,1891,1779
70651441723,Convallis In Consulting,"Lifestyle, Health & Recreation",1653,1653,2098,1780
42191818419,Sit PC,"Lifestyle, Health & Recreation",1616,1617,2173,1781
18709053174,Massa Rutrum Industries,"Home, Garden & Living",1797,1796,1822,1782
57426521062,Nascetur Ridiculus Institute,"Lifestyle, Health & Recreation",1793,1793,1829,1783
21793603759,In Tincidunt Congue PC,"Arts, Media & Entertainment",1878,1879,1660,1784
34922750917,Magna Lorem Ipsum Inc.,"Lifestyle, Health & Recreation",1896,1896,1629,1785
66672864977,Tempus Inc.,Technology & Professional Services,1642,1641,2138,1786
76094539803,Rutrum Justo Corporation,"Arts, Media & Entertainment",2702,2703,18,1787
86305947527,Cursus Integer Corporation,"Home, Garden & Living",1748,1747,1930,1788
70217388552,Quis Diam Company,"Fashion, Jewelry & Personal Goods",1730,1729,1970,1789
17614133590,Nec Enim LLP,"Arts, Media & Entertainment",1876,1876,1684,1790
94827960324,Et Magna Praesent Ltd,"Lifestyle, Health & Recreation",1869,1871,1696,1791
74084069481,Aenean LLP,"Arts, Media & Entertainment",1600,1599,2237,1792
27581734019,Magna Et Institute,"Home, Garden & Living",1800,1800,1837,1793
43753915542,Integer Aliquam Associates,"Arts, Media & Entertainment",1581,1580,2280,1794
33437657911,Dui Foundation,"Fashion, Jewelry & Personal Goods",1889,1892,1661,1795
10945019164,Nam Associates,"Arts, Media & Entertainment",1565,1564,2317,1796
76385491690,Sed Dui Fusce Inc.,"Home, Garden & Living",1609,1614,2226,1797
10142254217,Arcu Ac Orci Corporation,"Arts, Media & Entertainment",1759,1759,1934,1798
73055550807,Nunc Interdum Incorporated,Technology & Professional Services,1811,1808,1834,1799
85444000471,Phasellus Fermentum Limited,Technology & Professional Services,2254,2255,950,1800
42876620841,Non Ltd,"Fashion, Jewelry & Personal Goods",1863,1863,1733,1801
83878213821,Convallis Convallis Dolor Limited,Technology & Professional Services,1874,1874,1721,1802
67200153151,Tempus Mauris Erat Foundation,"Home, Garden & Living",1742,1743,1984,1803
92693781303,Sed Eu Institute,Technology & Professional Services,1766,1766,1938,1804
23335369654,Rhoncus Proin Foundation,Technology & Professional Services,1758,1757,1956,1805
51458444343,Aenean Eget Inc.,"Fashion, Jewelry & Personal Goods",1651,1652,2185,1806
45362042297,Cursus Integer Foundation,"Fashion, Jewelry & Personal Goods",1694,1696,2100,1807
95834237054,Porttitor Tellus PC,"Home, Garden & Living",1928,1927,1637,1808
26793253394,In Ltd,"Fashion, Jewelry & Personal Goods",1780,1781,1935,1809
30169909013,Congue A Incorporated,"Arts, Media & Entertainment",1757,1755,1985,1810
33087124172,Sapien Aenean Inc.,"Lifestyle, Health & Recreation",1937,1939,1627,1811
15582356843,Consectetuer Cursus Company,"Arts, Media & Entertainment",1666,1665,2179,1812
42878473215,Lobortis Inc.,"Fashion, Jewelry & Personal Goods",1640,1638,2232,1813
96146457679,Sodales Corporation,"Arts, Media & Entertainment",1812,1812,1889,1814
76369909295,Eget Metus Industries,"Lifestyle, Health & Recreation",1899,1897,1718,1815
47407563525,Aliquet Lobortis Nisi Corp.,Technology & Professional Services,1710,1710,2099,1816
60922283533,Feugiat Non PC,"Lifestyle, Health & Recreation",1627,1628,2269,1817
33296649772,Nullam Lobortis Ltd,"Fashion, Jewelry & Personal Goods",1935,1936,1654,1818
34940973001,Sem Molestie Sodales Corporation,"Home, Garden & Living",1832,1832,1861,1819
62015733331,Arcu Vivamus Ltd,"Home, Garden & Living",1743,1742,2040,1820
55646417663,Nisi Cum LLC,"Arts, Media & Entertainment",1836,1827,1864,1821
64960464534,Nibh Sit Amet Institute,"Arts, Media & Entertainment",1769,1770,1997,1822
21350600012,Nullam Suscipit Est PC,"Fashion, Jewelry & Personal Goods",1977,1977,1584,1823
66522814831,Congue Turpis Limited,"Arts, Media & Entertainment",1879,1877,1782,1824
26045642664,In Scelerisque Corp.,"Arts, Media & Entertainment",1689,1688,2162,1825
23931302979,Suscipit Incorporated,"Fashion, Jewelry & Personal Goods",1764,1765,2011,1826
52388886012,Consectetuer Euismod Est PC,Technology & Professional Services,1938,1937,1666,1827
24701944105,Nulla Integer Vulputate PC,Technology & Professional Services,1802,1802,1939,1828
41485392864,Donec Luctus Corp.,"Home, Garden & Living",1761,1760,2023,1829
76183421494,Orci Sem Incorporated,"Arts, Media & Entertainment",1827,1831,1888,1830
50423424106,Aliquam Adipiscing Institute,"Lifestyle, Health & Recreation",2062,2063,1423,1831
17663034743,Semper Incorporated,"Arts, Media & Entertainment",1873,1873,1805,1832
23046605325,Adipiscing Ligula Foundation,"Arts, Media & Entertainment",1678,1674,2201,1833
79070278461,Dapibus Id Inc.,"Fashion, Jewelry & Personal Goods",1918,1918,1719,1834
14081759429,Velit Pellentesque Associates,"Arts, Media & Entertainment",1707,1707,2143,1835
41657963012,Lacus Quisque LLC,Technology & Professional Services,1992,1993,1580,1836
66465228073,Ut Nisi Ltd,"Arts, Media & Entertainment",1765,1764,2037,1837
46017523620,Lorem Donec Elementum Corporation,"Lifestyle, Health & Recreation",1875,1875,1817,1838
67842910518,Tincidunt Corporation,Technology & Professional Services,1771,1772,2025,1839
63433167613,Penatibus Industries,"Arts, Media & Entertainment",1947,1945,1680,1840
33068332703,Suspendisse Dui Fusce LLC,"Fashion, Jewelry & Personal Goods",2136,2136,1307,1841
45827935127,Lorem Auctor Quis Foundation,Technology & Professional Services,1739,1740,2103,1842
50378976033,Tellus Industries,"Fashion, Jewelry & Personal Goods",1734,1733,2119,1843
78734418649,Nulla In Tincidunt LLP,Technology & Professional Services,1858,1858,1872,1844
45339304653,Phasellus Libero Institute,"Arts, Media & Entertainment",1671,1672,2248,1845
63549078265,Tempus Institute,"Arts, Media & Entertainment",1704,1705,2186,1846
25737175575,Congue Elit LLC,"Arts, Media & Entertainment",2074,2073,1449,1847
74764807084,Amet Ornare Limited,"Fashion, Jewelry & Personal Goods",1772,1773,2051,1848
12240378188,Ut Ipsum Corp.,"Fashion, Jewelry & Personal Goods",1819,1820,1960,1849
65735508037,Vestibulum Ante Ipsum LLP,"Home, Garden & Living",1798,1798,2015,1850
86201937910,Libero Et LLC,"Fashion, Jewelry & Personal Goods",2797,2797,19,1851
14145464079,Arcu Sed Inc.,"Arts, Media & Entertainment",1826,1823,1964,1852
70385277162,Varius Orci In LLC,"Arts, Media & Entertainment",1697,1692,2224,1853
49837617638,Adipiscing Elit Inc.,Technology & Professional Services,1749,1751,2114,1854
47276015798,Donec Nibh Enim Foundation,"Fashion, Jewelry & Personal Goods",1718,1715,2181,1855
10545955006,Lacus Vestibulum Inc.,"Home, Garden & Living",1679,1680,2261,1856
77313075219,Sed Sem Limited,"Arts, Media & Entertainment",1776,1778,2067,1857
36413911362,Suspendisse Sed Institute,"Lifestyle, Health & Recreation",1720,1722,2189,1858
58835628923,Torquent Per Ltd,"Arts, Media & Entertainment",1927,1928,1778,1859
73841664453,Lacinia At LLP,"Arts, Media & Entertainment",1801,1799,2039,1860
22147354496,Augue Ut LLP,"Arts, Media & Entertainment",1722,1721,2198,1861
66416089484,Lacinia Mattis Integer Associates,"Fashion, Jewelry & Personal Goods",1943,1942,1757,1862
67692278478,Nullam LLP,"Home, Garden & Living",1814,1814,2018,1863
68483735536,At Velit Cras Foundation,"Arts, Media & Entertainment",1754,1752,2142,1864
37568109751,Mollis Incorporated,Technology & Professional Services,1840,1840,1971,1865
82428360644,Erat Institute,"Fashion, Jewelry & Personal Goods",1753,1753,2148,1866
75900778714,Laoreet Posuere Foundation,"Home, Garden & Living",1831,1830,1998,1867
62464569593,Est Ac LLC,"Arts, Media & Entertainment",2169,2169,1322,1868
87984437233,At Fringilla Associates,"Home, Garden & Living",1770,1769,2122,1869
54966031548,Donec Nibh Corporation,"Lifestyle, Health & Recreation",1908,1907,1847,1870
73674297591,Euismod Mauris Company,"Arts, Media & Entertainment",1847,1848,1968,1871
73499119023,Nisi Dictum Company,"Fashion, Jewelry & Personal Goods",1773,1771,2120,1872
67275686106,Eu Institute,"Lifestyle, Health & Recreation",1744,1744,2178,1873
34516414355,Laoreet Institute,"Home, Garden & Living",1913,1912,1842,1874
76117653301,Porttitor Vulputate Posuere Consulting,Technology & Professional Services,1906,1905,1856,1875
67988680834,Dolor Vitae Foundation,Technology & Professional Services,1806,1809,2053,1876
59331766724,Semper Auctor Mauris Corp.,"Arts, Media & Entertainment",1792,1792,2089,1877
36679017165,Iaculis Institute,"Arts, Media & Entertainment",1746,1748,2183,1878
11800043583,Morbi Vehicula Inc.,"Fashion, Jewelry & Personal Goods",1917,1917,1845,1879
73114530701,Vestibulum LLP,"Fashion, Jewelry & Personal Goods",2039,2040,1602,1880
28451419105,Rutrum Fusce LLC,"Arts, Media & Entertainment",1675,1677,2329,1881
63740885149,Nullam Lobortis Quam PC,"Arts, Media & Entertainment",2121,2122,1457,1882
26001500989,Massa Suspendisse Inc.,"Arts, Media & Entertainment",1741,1741,2219,1883
34455283435,Ac Fermentum Company,"Fashion, Jewelry & Personal Goods",2843,2843,20,1884
83058563505,Mauris A Inc.,Technology & Professional Services,1807,1810,2090,1885
85590755551,Cras Industries,"Fashion, Jewelry & Personal Goods",1708,1708,2293,1886
16423528990,Litora Torquent Corporation,"Lifestyle, Health & Recreation",2847,2848,21,1887
36291259608,Ac LLC,Technology & Professional Services,1871,1870,1976,1888
28829519760,In Faucibus Orci LLC,"Fashion, Jewelry & Personal Goods",1736,1737,2244,1889
52529569808,Aliquam Erat Corp.,"Lifestyle, Health & Recreation",2032,2032,1658,1890
59468928008,Eu Corp.,"Arts, Media & Entertainment",1823,1825,2075,1891
80104662510,Mus Aenean Eget Limited,"Home, Garden & Living",1726,1725,2272,1892
90909466474,Lacus Etiam LLC,"Fashion, Jewelry & Personal Goods",1784,1787,2157,1893
42590000698,Est Tempor Institute,Technology & Professional Services,1892,1891,1946,1894
51304261149,Donec Est Mauris Corp.,"Fashion, Jewelry & Personal Goods",1724,1723,2294,1895
31562649946,Est Arcu Ac Incorporated,Technology & Professional Services,1778,1776,2191,1896
16058191622,Parturient Incorporated,"Home, Garden & Living",1796,1797,2163,1897
49514806178,Hendrerit Id Ante Corp.,"Fashion, Jewelry & Personal Goods",2273,2276,1214,1898
25407570137,Quam Curabitur Consulting,"Lifestyle, Health & Recreation",1699,1697,2372,1899
26341565445,Ultrices Duis PC,"Lifestyle, Health & Recreation",1929,1930,1918,1900
72652670028,At Augue PC,"Arts, Media & Entertainment",1799,1803,2175,1901
11422618712,Praesent Luctus Inc.,Technology & Professional Services,2002,2002,1774,1902
46630037650,Nam Interdum Ltd,"Home, Garden & Living",1740,1739,2300,1903
28068880408,Felis Orci Company,"Fashion, Jewelry & Personal Goods",1795,1794,2192,1904
35787272183,Blandit LLC,"Arts, Media & Entertainment",1960,1960,1869,1905
71363265090,In Tincidunt Congue Company,Technology & Professional Services,1849,1849,2105,1906
14315147591,Vitae Orci Institute,Technology & Professional Services,1829,1828,2151,1907
83930795096,Elit Pede Industries,"Lifestyle, Health & Recreation",1820,1819,2171,1908
62009586337,Aliquet Magna A Ltd,"Arts, Media & Entertainment",1787,1788,2236,1909
39841504967,Felis Adipiscing Fringilla Limited,"Lifestyle, Health & Recreation",1952,1952,1908,1910
24131662787,Libero Est LLP,"Arts, Media & Entertainment",1902,1901,2014,1911
88492245451,At Arcu LLC,"Lifestyle, Health & Recreation",1857,1856,2104,1912
26763947687,Congue In Corp.,Technology & Professional Services,1950,1950,1919,1913
35344855546,Quis Tristique Ac Inc.,"Fashion, Jewelry & Personal Goods",1914,1914,1994,1914
21702179125,At Auctor Ullamcorper Incorporated,"Fashion, Jewelry & Personal Goods",1959,1958,1907,1915
73416415122,Habitant Morbi Ltd,"Home, Garden & Living",1941,1938,1945,1916
84228395458,Interdum Enim LLP,"Arts, Media & Entertainment",2050,2050,1731,1917
63214122543,Arcu Ac Orci Ltd,"Arts, Media & Entertainment",1789,1791,2252,1918
36502394145,Et Ultrices Posuere Corp.,"Fashion, Jewelry & Personal Goods",2018,2023,1792,1919
84674182559,Molestie Orci LLC,"Home, Garden & Living",2040,2036,1758,1920
53655334735,Magna LLC,"Home, Garden & Living",1841,1843,2158,1921
94801884806,Turpis Aliquam Associates,Technology & Professional Services,1835,1835,2172,1922
60876328805,Consequat Dolor PC,"Lifestyle, Health & Recreation",2091,2088,1665,1923
71825376355,Donec Porttitor Incorporated,"Arts, Media & Entertainment",1713,1711,2423,1924
80136098531,At Auctor LLC,"Fashion, Jewelry & Personal Goods",1760,1761,2327,1925
75289356942,Risus Odio LLP,Technology & Professional Services,2913,2915,22,1926
12983555508,Nibh Lacinia Foundation,"Fashion, Jewelry & Personal Goods",1846,1846,2159,1927
55586008544,Eleifend Egestas Ltd,Technology & Professional Services,2016,2015,1823,1928
51390118767,Ut Tincidunt Corporation,"Arts, Media & Entertainment",2921,2922,23,1929
39700611505,Sollicitudin Inc.,"Fashion, Jewelry & Personal Goods",2108,2108,1653,1930
15613631617,Ante Industries,"Lifestyle, Health & Recreation",2460,2450,960,1931
16254418652,Urna LLP,"Fashion, Jewelry & Personal Goods",1825,1824,2233,1932
83577754480,Donec Porttitor Foundation,Technology & Professional Services,1991,1991,1901,1933
37358528402,Enim Mauris Inc.,Technology & Professional Services,1845,1845,2196,1934
43828324372,Eu Nulla Corporation,Technology & Professional Services,1989,1989,1909,1935
70106809650,Sollicitudin Industries,"Fashion, Jewelry & Personal Goods",1880,1887,2126,1936
41197194464,Lacus Ut Associates,"Lifestyle, Health & Recreation",1940,1941,2024,1937
80287080694,Vulputate Risus Ltd,"Lifestyle, Health & Recreation",1911,1910,2088,1938
64498959678,Nunc Sed PC,"Arts, Media & Entertainment",2083,2074,1755,1939
68319415555,Aliquam Incorporated,"Arts, Media & Entertainment",1915,1915,2082,1940
58741105428,Non Lobortis Corporation,Technology & Professional Services,2491,2489,935,1941
38598071783,Etiam Imperdiet Dictum LLC,"Arts, Media & Entertainment",1932,1931,2060,1942
79139132553,Nec Diam Limited,"Arts, Media & Entertainment",1781,1782,2362,1943
59079680636,Velit Aliquam Foundation,"Arts, Media & Entertainment",2752,2751,431,1944
16765088338,Duis Elementum Corp.,"Arts, Media & Entertainment",1844,1844,2246,1945
16993524298,Posuere Cubilia Curae LLP,"Lifestyle, Health & Recreation",2105,2105,1725,1946
58825694998,Mauris Id Ltd,"Home, Garden & Living",1828,1829,2278,1947
66601385949,Faucibus Leo In PC,"Arts, Media & Entertainment",2013,2017,1910,1948
16377211887,Gravida Mauris PC,"Fashion, Jewelry & Personal Goods",2502,2503,939,1949
37505212069,Convallis In Cursus Limited,"Arts, Media & Entertainment",1996,1994,1954,1950
40996724992,Ut Cursus Foundation,Technology & Professional Services,2012,2013,1921,1951
52956509597,Molestie Consulting,"Arts, Media & Entertainment",2962,2961,24,1952
69392492576,Nulla Dignissim Limited,Technology & Professional Services,1970,1967,2021,1953
41643701801,Nostra Per LLP,Technology & Professional Services,1877,1880,2203,1954
21804816746,Nullam Ut Inc.,Technology & Professional Services,2070,2070,1827,1955
13942467372,Amet Massa Corporation,"Home, Garden & Living",1865,1864,2238,1956
42735118354,Imperdiet LLC,Technology & Professional Services,1910,1908,2155,1957
39198539067,Suspendisse Aliquet Associates,Technology & Professional Services,2100,2099,1786,1958
93561083066,Sed Eu Foundation,Technology & Professional Services,1966,1968,2055,1959
97638827169,Rutrum PC,Technology & Professional Services,2190,2191,1609,1960
90415024734,Neque Tellus Imperdiet LLC,"Arts, Media & Entertainment",1931,1932,2130,1961
62363832078,Euismod Ac Corp.,"Home, Garden & Living",1813,1813,2373,1962
97283139514,Vitae Aliquam Eros Ltd,Technology & Professional Services,1972,1972,2059,1963
11788487195,Id Magna LLP,"Arts, Media & Entertainment",1920,1919,2164,1964
47830349274,Enim Corp.,"Home, Garden & Living",2014,2014,1977,1965
25939878512,Elit Etiam Corp.,"Fashion, Jewelry & Personal Goods",1900,1900,2209,1966
47313663897,Ante Ipsum Primis Inc.,"Fashion, Jewelry & Personal Goods",1854,1854,2302,1967
46292420800,Aliquam Consulting,"Home, Garden & Living",1907,1909,2197,1968
68233865253,Dis Parturient Montes Industries,"Arts, Media & Entertainment",1923,1925,2167,1969
71274812967,Lectus Company,"Arts, Media & Entertainment",2026,2028,1963,1970
96946925998,Nisi Cum Corporation,"Arts, Media & Entertainment",1864,1866,2288,1971
48640772679,Dictum Cursus Consulting,Technology & Professional Services,1901,1902,2216,1972
65452312369,Mi Fringilla LLC,"Lifestyle, Health & Recreation",2023,2019,1979,1973
43065012749,Nibh Donec Est Inc.,"Arts, Media & Entertainment",2045,2044,1933,1974
73528552702,Nec Urna Et Corp.,Technology & Professional Services,1944,1944,2136,1975
52922961938,Pharetra Nam Ac Inc.,"Lifestyle, Health & Recreation",1786,1785,2453,1976
97598804219,Dolor Egestas Rhoncus Foundation,"Arts, Media & Entertainment",2209,2209,1614,1977
40559163709,Maecenas Iaculis Inc.,Technology & Professional Services,2200,2199,1643,1978
93932766844,Mauris Eu Institute,Technology & Professional Services,2009,2007,2031,1979
74444459322,Tincidunt Adipiscing Inc.,Technology & Professional Services,1985,1984,2078,1980
25902222415,Eu Odio Inc.,"Arts, Media & Entertainment",1891,1890,2266,1981
64297965205,Quisque Ac Libero LLP,"Arts, Media & Entertainment",1837,1837,2375,1982
22606727520,Laoreet Ipsum Industries,"Arts, Media & Entertainment",1898,1899,2253,1983
50420515690,Curabitur Limited,"Home, Garden & Living",1731,1731,2588,1984
35578320747,Morbi PC,Technology & Professional Services,2020,2018,2016,1985
70329431753,Ornare Elit Elit Consulting,"Home, Garden & Living",1859,1861,2335,1986
67979471799,Laoreet Ipsum Corp.,"Arts, Media & Entertainment",2313,2313,1438,1987
36800144612,Imperdiet Non Limited,"Arts, Media & Entertainment",1853,1853,2358,1988
71868219093,Arcu Sed Et Inc.,Technology & Professional Services,1933,1933,2199,1989
37243721612,Convallis Inc.,"Fashion, Jewelry & Personal Goods",1884,1882,2299,1990
73804469952,Egestas Duis LLP,"Arts, Media & Entertainment",2248,2247,1573,1991
54790190524,Ac Ltd,Technology & Professional Services,1893,1894,2284,1992
55101569426,Suspendisse Ltd,Technology & Professional Services,1860,1855,2366,1993
35079621278,Imperdiet Ullamcorper Industries,Technology & Professional Services,1969,1970,2144,1994
67212086728,Venenatis Lacus Etiam Corporation,"Arts, Media & Entertainment",1882,1883,2318,1995
56879961531,Per LLP,"Arts, Media & Entertainment",1912,1913,2263,1996
99776743787,Non Luctus Sit Limited,"Arts, Media & Entertainment",3032,3032,25,1997
18146314043,Vel Consulting,"Lifestyle, Health & Recreation",1919,1920,2250,1998
90459292204,Adipiscing Ligula Limited,"Home, Garden & Living",2141,2142,1808,1999
40242962373,Vel Incorporated,"Lifestyle, Health & Recreation",1803,1804,2486,2000
78963299452,Egestas Foundation,"Fashion, Jewelry & Personal Goods",1971,1971,2154,2001
83887431107,Tristique Associates,"Lifestyle, Health & Recreation",1921,1921,2256,2002
84213521057,Semper Nam Corp.,"Arts, Media & Entertainment",1949,1949,2202,2003
42142667769,Laoreet Posuere Enim Inc.,Technology & Professional Services,1946,1948,2215,2004
82539239304,Vitae Ltd,"Lifestyle, Health & Recreation",2239,2241,1630,2005
13093581573,Dis Parturient Corporation,"Fashion, Jewelry & Personal Goods",2545,2544,1023,2006
96806981644,In Corporation,Technology & Professional Services,1967,1969,2180,2007
86406618443,Tincidunt Pede Ac Associates,"Arts, Media & Entertainment",1885,1886,2345,2008
60090918663,Blandit Congue Ltd,"Fashion, Jewelry & Personal Goods",1986,1983,2153,2009
31607615186,Fusce Mollis Duis Corp.,"Fashion, Jewelry & Personal Goods",1934,1934,2254,2010
49460691968,Nisl Sem Associates,"Arts, Media & Entertainment",2107,2106,1914,2011
74690260858,Malesuada Ut Incorporated,"Fashion, Jewelry & Personal Goods",2235,2240,1655,2012
37069107801,Pellentesque Tincidunt Ltd,"Lifestyle, Health & Recreation",1948,1946,2240,2013
40490618895,Nulla Vulputate Inc.,"Fashion, Jewelry & Personal Goods",1862,1862,2410,2014
35620324777,Porttitor Inc.,"Home, Garden & Living",2198,2198,1745,2015
29680923658,Suscipit Nonummy Institute,"Fashion, Jewelry & Personal Goods",1856,1860,2425,2016
86885252971,Adipiscing Elit Associates,"Home, Garden & Living",2229,2231,1683,2017
61050921768,Mauris Rhoncus LLP,"Lifestyle, Health & Recreation",1809,1807,2527,2018
24102148742,Amet Metus Aliquam Industries,Technology & Professional Services,3060,3060,26,2019
31245723081,Enim Commodo Inc.,"Fashion, Jewelry & Personal Goods",1904,1904,2339,2020
13447019122,Amet Risus Foundation,Technology & Professional Services,2030,2027,2093,2021
67178153348,Lacus Etiam LLP,"Arts, Media & Entertainment",2250,2252,1651,2022
80499846916,Tempus Ltd,"Arts, Media & Entertainment",1922,1922,2312,2023
66941458060,Elementum Sem Vitae Corporation,"Arts, Media & Entertainment",1974,1975,2210,2024
70033549200,Mus Proin LLP,"Home, Garden & Living",1852,1852,2457,2025
74798553636,Scelerisque Industries,"Lifestyle, Health & Recreation",1979,1978,2205,2026
22335198868,Elementum Sem Limited,"Fashion, Jewelry & Personal Goods",2089,2090,1986,2027
45875784130,Ultrices Posuere Cubilia Company,Technology & Professional Services,1887,1885,2393,2028
62464051354,Rhoncus Id Institute,"Lifestyle, Health & Recreation",1818,1818,2529,2029
94833823558,Tempor Augue Industries,"Home, Garden & Living",1953,1953,2267,2030
88047242149,Quam Vel LLC,Technology & Professional Services,2068,2068,2047,2031
20510478676,Curabitur Sed LLC,"Fashion, Jewelry & Personal Goods",2054,2051,2085,2032
19844927419,Natoque Penatibus Et LLC,"Fashion, Jewelry & Personal Goods",1883,1878,2429,2033
23144747020,Nam Ac Corp.,"Lifestyle, Health & Recreation",1978,1979,2239,2034
78187460332,Molestie Sed Limited,"Home, Garden & Living",1956,1956,2286,2035
99987905597,Commodo Hendrerit LLC,"Lifestyle, Health & Recreation",1804,1801,2594,2036
93167982218,Arcu Et Pede PC,"Arts, Media & Entertainment",2342,2339,1524,2037
75874457161,Aliquet Libero Industries,"Arts, Media & Entertainment",1961,1961,2295,2038
82786382916,Eu Tempor Ltd,"Arts, Media & Entertainment",2167,2164,1899,2039
25714080598,Mi Aliquam Incorporated,"Home, Garden & Living",1924,1926,2384,2040
28517327395,Pede Blandit LLP,"Arts, Media & Entertainment",2500,2497,1242,2041
76482197253,Enim Nisl Elementum Corp.,"Arts, Media & Entertainment",2280,2279,1690,2042
18306927906,Sed Tortor Limited,Technology & Professional Services,2015,2012,2222,2043
59329605791,Donec Fringilla Associates,"Fashion, Jewelry & Personal Goods",1983,1987,2281,2044
69893361647,Egestas A Dui Corp.,"Fashion, Jewelry & Personal Goods",2547,2549,1171,2045
76070803743,Massa Corp.,"Fashion, Jewelry & Personal Goods",1888,1888,2494,2046
21755625204,Phasellus Corporation,"Arts, Media & Entertainment",3125,3125,27,2047
69911676985,Vestibulum Ut Incorporated,"Lifestyle, Health & Recreation",2129,2129,2026,2048
97382279968,Sed Pharetra Associates,"Arts, Media & Entertainment",2124,2123,2041,2049
84391677958,Tortor Nunc Foundation,"Arts, Media & Entertainment",2082,2083,2123,2050
76697587331,Interdum Enim Non Ltd,Technology & Professional Services,2038,2034,2220,2051
87122475882,Lectus Sit Incorporated,Technology & Professional Services,1964,1964,2365,2052
24993385051,Ac Foundation,"Arts, Media & Entertainment",2172,2171,1965,2053
53496117655,Amet Consectetuer Company,Technology & Professional Services,2088,2089,2134,2054
72167534195,Quisque Libero Corporation,"Lifestyle, Health & Recreation",1981,1982,2348,2055
13663374533,Ac Mattis Limited,"Fashion, Jewelry & Personal Goods",1905,1903,2510,2056
33357097824,Sem Ut Incorporated,"Arts, Media & Entertainment",2171,2173,1975,2057
17266923036,Volutpat Inc.,Technology & Professional Services,2056,2054,2212,2058
34984654037,A Ultricies Foundation,"Arts, Media & Entertainment",2099,2100,2127,2059
32842076466,Pellentesque Inc.,"Home, Garden & Living",1936,1935,2460,2060
18814588565,Dolor Inc.,Technology & Professional Services,2110,2110,2112,2061
82388404800,Nec Leo LLP,"Lifestyle, Health & Recreation",1963,1965,2404,2062
83421534972,Enim Mauris Quis Incorporated,Technology & Professional Services,2305,2315,1728,2063
22705725824,Dignissim Lacus Incorporated,"Arts, Media & Entertainment",1975,1974,2399,2064
98057649908,Phasellus Libero Mauris Foundation,Technology & Professional Services,2130,2130,2092,2065
94378706737,Eget Lacus Limited,"Fashion, Jewelry & Personal Goods",2049,2048,2255,2066
73440621827,Vehicula Pellentesque Inc.,Technology & Professional Services,2053,2053,2249,2067
95508089614,Euismod Est Incorporated,"Arts, Media & Entertainment",2345,2345,1672,2068
31754766736,Hendrerit Id Ante LLC,"Arts, Media & Entertainment",2222,2220,1922,2069
93631003539,In Company,"Fashion, Jewelry & Personal Goods",2160,2160,2045,2070
33581972361,Ipsum Dolor PC,Technology & Professional Services,2069,2069,2231,2071
83373791025,Venenatis Foundation,"Lifestyle, Health & Recreation",2017,2016,2338,2072
12161076724,Eu Ultrices Ltd,Technology & Professional Services,2150,2149,2074,2073
12426913844,Diam Proin Industries,"Arts, Media & Entertainment",2101,2102,2174,2074
23661853559,Ipsum Dolor Corp.,"Lifestyle, Health & Recreation",1890,1889,2601,2075
55179323922,Aliquet Phasellus Fermentum Associates,"Fashion, Jewelry & Personal Goods",2075,2076,2247,2076
78663389603,Nullam Scelerisque Neque Industries,"Lifestyle, Health & Recreation",2348,2346,1709,2077
79178157512,Mollis Duis Institute,"Fashion, Jewelry & Personal Goods",1987,1986,2430,2078
32772607667,Nunc Sed Institute,"Arts, Media & Entertainment",2144,2141,2121,2079
89023030428,Ac Eleifend Inc.,Technology & Professional Services,2102,2103,2208,2080
52989681376,Tempor Bibendum PC,"Arts, Media & Entertainment",2293,2294,1830,2081
38675657098,Amet LLP,"Fashion, Jewelry & Personal Goods",2271,2268,1880,2082
36874828466,Ut Quam Vel LLP,"Arts, Media & Entertainment",2103,2101,2217,2083
46961494605,Gravida Associates,"Fashion, Jewelry & Personal Goods",2055,2055,2316,2084
13917288638,Leo Vivamus Nibh Associates,"Arts, Media & Entertainment",2135,2131,2161,2085
33412969398,Mi LLC,"Lifestyle, Health & Recreation",1903,1906,2622,2086
69058858940,Blandit PC,"Arts, Media & Entertainment",2072,2072,2290,2087
83679168109,Quis Lectus Ltd,"Fashion, Jewelry & Personal Goods",1994,1992,2449,2088
50467745297,Eleifend Nec Consulting,"Home, Garden & Living",2008,2009,2419,2089
59853422669,Tempus PC,"Fashion, Jewelry & Personal Goods",2043,2043,2357,2090
40210282064,Est Inc.,"Lifestyle, Health & Recreation",1909,1911,2627,2091
63453073175,Cras Vehicula Aliquet Consulting,"Fashion, Jewelry & Personal Goods",1990,1990,2476,2092
96834893748,Quam A Felis Incorporated,Technology & Professional Services,2244,2244,1969,2093
93429143824,Fames Ac Associates,"Home, Garden & Living",2191,2190,2079,2094
88587718979,Arcu Vestibulum Institute,"Lifestyle, Health & Recreation",2275,2274,1912,2095
14666015798,Elementum Dui Associates,"Arts, Media & Entertainment",2019,2024,2420,2096
68092012436,Ante Associates,"Fashion, Jewelry & Personal Goods",2000,2000,2466,2097
20334248803,Facilisis Lorem Foundation,"Lifestyle, Health & Recreation",2212,2212,2046,2098
75720304166,Mauris Aliquam Eu Ltd,"Arts, Media & Entertainment",2066,2067,2337,2099
16002602393,Suscipit Est Ac Corporation,Technology & Professional Services,2290,2290,1892,2100
76618399784,At Lacus LLP,Technology & Professional Services,2106,2107,2270,2101
51294980477,Vitae Aliquet Nec Corporation,Technology & Professional Services,2266,2267,1953,2102
54273147353,Fames Ac Limited,"Arts, Media & Entertainment",2077,2079,2334,2103
59366832940,Est Ac Ltd,Technology & Professional Services,2006,2006,2479,2104
84709480584,Erat Vivamus Inc.,"Arts, Media & Entertainment",2029,2030,2435,2105
99410502449,Dignissim LLP,Technology & Professional Services,1958,1959,2579,2106
35225211178,Placerat Cras Foundation,"Home, Garden & Living",2048,2046,2406,2107
88141903797,Nec Cursus A Corporation,"Arts, Media & Entertainment",2332,2328,1848,2108
25762836422,Quis Pede Institute,"Arts, Media & Entertainment",1926,1924,2658,2109
75178170066,Sit Amet Diam Corporation,Technology & Professional Services,2475,2473,1562,2110
54988683231,Nibh Donec Ltd,"Fashion, Jewelry & Personal Goods",1968,1966,2578,2111
29778062495,Scelerisque Neque Associates,"Fashion, Jewelry & Personal Goods",2093,2094,2326,2112
10023283211,Felis Limited,"Home, Garden & Living",2815,2814,885,2113
45432243315,Fringilla Euismod PC,"Lifestyle, Health & Recreation",2052,2056,2413,2114
41489552788,Nonummy Ultricies LLC,"Home, Garden & Living",1962,1963,2602,2115
13086571368,Enim Diam Vel Industries,Technology & Professional Services,2240,2239,2050,2116
75242363611,Posuere Cubilia Incorporated,"Fashion, Jewelry & Personal Goods",2061,2060,2412,2117
65629452396,Interdum Curabitur LLP,"Fashion, Jewelry & Personal Goods",2199,2195,2141,2118
45940422862,Interdum Curabitur Institute,"Lifestyle, Health & Recreation",2112,2116,2325,2119
42392117775,Ultrices Iaculis Odio Incorporated,"Arts, Media & Entertainment",2354,2354,1850,2120
89596715410,Neque PC,"Arts, Media & Entertainment",2471,2469,1619,2121
56140067651,Nullam Ut Limited,"Arts, Media & Entertainment",2743,2739,1079,2122
70070001855,Nunc Sed Ltd,"Arts, Media & Entertainment",2127,2124,2311,2123
82079072750,Diam Eu Dolor Foundation,"Lifestyle, Health & Recreation",2059,2058,2450,2124
66741987958,Aliquam Gravida Incorporated,Technology & Professional Services,2284,2285,2001,2125
41686800806,Mus Aenean Consulting,"Arts, Media & Entertainment",2295,2297,1980,2126
68028409124,Tellus Nunc Lectus Associates,"Home, Garden & Living",2202,2203,2169,2127
32803063236,Non Justo Proin Limited,"Arts, Media & Entertainment",2274,2272,2029,2128
91426391836,Varius Limited,Technology & Professional Services,1976,1976,2626,2129
82852293268,Nullam Inc.,"Arts, Media & Entertainment",2232,2232,2116,2130
29748559436,Nunc Ullamcorper Velit Limited,"Fashion, Jewelry & Personal Goods",2147,2144,2291,2131
34568005237,Non Bibendum Foundation,"Home, Garden & Living",2179,2179,2225,2132
81021509523,Mauris Industries,"Arts, Media & Entertainment",2355,2355,1875,2133
62368259299,Et Rutrum Associates,"Lifestyle, Health & Recreation",2011,2010,2564,2134
91154394323,Quis Corp.,Technology & Professional Services,2226,2226,2135,2135
63408991537,Duis Cursus Inc.,Technology & Professional Services,2025,2020,2548,2136
33846458525,Quisque Industries,"Home, Garden & Living",2060,2061,2473,2137
13823979247,Egestas Limited,"Arts, Media & Entertainment",2119,2119,2361,2138
39288194590,Tempor Bibendum Donec Corp.,Technology & Professional Services,2021,2022,2556,2139
23290056758,Sed Incorporated,Technology & Professional Services,1954,1954,2710,2140
20797699905,Tincidunt Nunc Ac Ltd,"Lifestyle, Health & Recreation",2166,2166,2287,2141
70555899232,Nulla Dignissim Associates,Technology & Professional Services,2292,2292,2036,2142
27518736748,Enim LLP,"Arts, Media & Entertainment",3298,3296,28,2143
63071746690,Mollis Vitae LLC,"Lifestyle, Health & Recreation",1851,1850,2921,2144
97206517936,Ac Urna Limited,Technology & Professional Services,2146,2147,2330,2145
70268417986,Risus Donec Institute,"Home, Garden & Living",2097,2098,2432,2146
86451920285,Libero Integer In Inc.,Technology & Professional Services,1993,1995,2639,2147
51080350356,Magna Phasellus Dolor Institute,"Fashion, Jewelry & Personal Goods",2143,2143,2343,2148
19249968599,Nunc Pulvinar Industries,Technology & Professional Services,2317,2312,2003,2149
39218053314,Quam Company,"Home, Garden & Living",1870,1872,2891,2150
52034783403,Pede Praesent Corporation,"Arts, Media & Entertainment",2115,2114,2407,2151
41563576600,Ut Quam Vel Corporation,"Arts, Media & Entertainment",1984,1985,2667,2152
77292581216,Vitae Sodales LLP,Technology & Professional Services,2176,2176,2285,2153
73004400052,Erat Volutpat Institute,"Arts, Media & Entertainment",2170,2170,2297,2154
94631077822,Eu Augue Company,"Arts, Media & Entertainment",2255,2254,2131,2155
95692868757,Placerat Cras Ltd,Technology & Professional Services,2196,2192,2257,2156
46087176984,Aliquet Proin LLP,Technology & Professional Services,2279,2278,2097,2157
56439821700,Ipsum Curabitur LLP,Technology & Professional Services,2407,2399,1852,2158
71865847877,Ut Nec Urna LLP,"Home, Garden & Living",1997,1997,2672,2159
61060163427,Aliquam Nec Enim PC,"Home, Garden & Living",2064,2066,2537,2160
18904790666,Nunc Risus Corporation,"Home, Garden & Living",2298,2301,2070,2161
87817449611,Vestibulum Associates,"Lifestyle, Health & Recreation",2381,2380,1911,2162
58776930712,Semper Limited,"Fashion, Jewelry & Personal Goods",2037,2039,2597,2163
29782968433,Lectus Justo Eu Incorporated,"Lifestyle, Health & Recreation",2148,2148,2380,2164
46471185478,Nunc Quis Limited,Technology & Professional Services,2264,2263,2150,2165
15446964877,Pede Industries,"Fashion, Jewelry & Personal Goods",2120,2120,2442,2166
37442271968,Magna Tellus Faucibus LLP,"Fashion, Jewelry & Personal Goods",2087,2086,2512,2167
59140301134,Risus Donec Egestas Corporation,"Home, Garden & Living",2149,2152,2386,2168
24746574507,Commodo Auctor PC,"Arts, Media & Entertainment",2109,2109,2469,2169
97259357542,Feugiat Tellus Lorem Corporation,"Fashion, Jewelry & Personal Goods",2005,2005,2680,2170
36002228596,Orci Consectetuer Corporation,"Arts, Media & Entertainment",2281,2282,2132,2171
86187992452,Amet Ltd,Technology & Professional Services,2007,2008,2686,2172
72064300998,Fringilla Ornare Corporation,Technology & Professional Services,2423,2424,1855,2173
73252278568,Vivamus Non Lorem LLP,"Fashion, Jewelry & Personal Goods",2046,2049,2611,2174
78864123417,A Sollicitudin Orci Foundation,Technology & Professional Services,2738,2734,1237,2175
50644203172,Ut LLC,"Arts, Media & Entertainment",2022,2025,2662,2176
75775044618,Mauris Sit Amet Ltd,"Fashion, Jewelry & Personal Goods",2065,2064,2587,2177
15971734188,Magna Nec Quam LLP,"Home, Garden & Living",2080,2077,2561,2178
10739268011,Libero Proin Mi Incorporated,"Arts, Media & Entertainment",2291,2291,2137,2179
39656540901,Magna A Neque Limited,"Lifestyle, Health & Recreation",2316,2317,2094,2180
95037235405,Suspendisse Non Institute,Technology & Professional Services,2304,2305,2118,2181
95005191321,Augue Ac Ipsum Institute,"Arts, Media & Entertainment",2223,2222,2282,2182
21162389643,Sit Amet Associates,"Arts, Media & Entertainment",1973,1973,2783,2183
28771494032,Non Lacinia Associates,"Lifestyle, Health & Recreation",2174,2175,2381,2184
69883578383,Diam PC,Technology & Professional Services,2152,2151,2428,2185
11243046390,Ornare Placerat Foundation,"Arts, Media & Entertainment",2333,2334,2069,2186
50050487900,Nec Urna Corporation,"Home, Garden & Living",2004,2004,2729,2187
32262357239,Nam Porttitor Scelerisque Corporation,"Lifestyle, Health & Recreation",2215,2218,2305,2188
65415777658,Nulla Interdum Curabitur Institute,"Arts, Media & Entertainment",3355,3356,29,2189
94547309480,Lorem Ac Institute,"Lifestyle, Health & Recreation",2270,2269,2206,2190
93765834526,Aliquet Metus LLC,"Arts, Media & Entertainment",2027,2026,2699,2191
31334588839,Lacus Aliquam Corporation,"Fashion, Jewelry & Personal Goods",2096,2096,2565,2192
17684250719,Ac Risus Associates,"Lifestyle, Health & Recreation",2031,2031,2698,2193
41991231044,A Corporation,Technology & Professional Services,2094,2093,2575,2194
90920473693,Aliquet Metus PC,"Arts, Media & Entertainment",2441,2442,1882,2195
82798125443,Donec Non Incorporated,"Lifestyle, Health & Recreation",1957,1957,2855,2196
53829845678,Ac Eleifend Vitae LLP,"Fashion, Jewelry & Personal Goods",2662,2661,1448,2197
62981190818,Quis LLC,Technology & Professional Services,2214,2213,2351,2198
92731708815,Nunc Sed Consulting,"Lifestyle, Health & Recreation",2137,2138,2506,2199
96190048310,Penatibus Et Inc.,Technology & Professional Services,3377,3376,30,2200
55749740446,Sagittis Semper Nam Consulting,Technology & Professional Services,2225,2227,2333,2201
31969118588,Auctor Foundation,"Arts, Media & Entertainment",2162,2162,2461,2202
80089686333,Tincidunt Nibh LLP,"Home, Garden & Living",2241,2243,2303,2203
15870230869,Ullamcorper Eu Euismod Corp.,"Arts, Media & Entertainment",2216,2217,2355,2204
78893833111,Mollis Non Corporation,"Home, Garden & Living",2302,2302,2187,2205
93292821052,Purus Sapien Gravida Associates,"Home, Garden & Living",2402,2403,1988,2206
10430380319,Sit Amet Nulla Corp.,"Lifestyle, Health & Recreation",2153,2153,2489,2207
79301733106,Non Egestas Incorporated,"Arts, Media & Entertainment",2217,2221,2374,2208
30822803386,Ut Inc.,"Arts, Media & Entertainment",2140,2140,2532,2209
74882079282,Mattis Ornare LLP,"Arts, Media & Entertainment",2336,2337,2140,2210
77071952077,Ac Industries,"Arts, Media & Entertainment",2193,2197,2431,2211
76290947803,Facilisis Non LLP,Technology & Professional Services,2194,2193,2434,2212
86844861009,Luctus Sit Ltd,"Lifestyle, Health & Recreation",2090,2092,2644,2213
94269319521,Donec Nibh PC,"Home, Garden & Living",3398,3398,31,2214
10463252268,Id Mollis Corporation,"Arts, Media & Entertainment",2208,2206,2416,2215
43454001249,Quisque Purus Associates,Technology & Professional Services,2151,2150,2530,2216
87622758183,Imperdiet Dictum Magna Limited,"Home, Garden & Living",2028,2029,2774,2217
42676690865,Luctus Lobortis Inc.,"Fashion, Jewelry & Personal Goods",2173,2172,2488,2218
54907027470,Euismod Corp.,Technology & Professional Services,2024,2021,2788,2219
94446707800,Cursus Corporation,Technology & Professional Services,2092,2091,2652,2220
64638198267,Lectus Sit Corp.,Technology & Professional Services,1982,1981,2877,2221
93121740143,Sed Libero Proin PC,"Arts, Media & Entertainment",2204,2202,2436,2222
38367446372,Erat Vivamus Limited,"Arts, Media & Entertainment",2195,2194,2459,2223
67520251416,At PC,Technology & Professional Services,2231,2230,2392,2224
78535319267,Et Inc.,"Fashion, Jewelry & Personal Goods",2057,2057,2739,2225
29613837166,Id Risus Ltd,"Arts, Media & Entertainment",2123,2128,2604,2226
76351454594,Et Eros Proin Consulting,"Arts, Media & Entertainment",2318,2311,2228,2227
51430012025,Aliquet Nec Inc.,"Home, Garden & Living",2125,2125,2609,2228
29737773005,Tellus Imperdiet Industries,"Lifestyle, Health & Recreation",2035,2038,2786,2229
73555246475,Lobortis PC,"Arts, Media & Entertainment",2310,2310,2241,2230
48625977738,Sit LLP,"Fashion, Jewelry & Personal Goods",2175,2174,2517,2231
61376261291,Fusce Diam Limited,"Home, Garden & Living",2042,2041,2784,2232
92482981458,Rutrum Non Hendrerit Consulting,Technology & Professional Services,2481,2485,1902,2233
10930486968,Metus Vitae Velit LLP,"Fashion, Jewelry & Personal Goods",2132,2135,2605,2234
39542524740,Urna Ut Tincidunt Inc.,"Arts, Media & Entertainment",2213,2214,2446,2235
84160298882,Egestas A Scelerisque LLC,"Fashion, Jewelry & Personal Goods",2063,2062,2748,2236
16404532871,Et Malesuada Ltd,"Arts, Media & Entertainment",2159,2159,2559,2237
63830011067,Amet Lorem Consulting,"Fashion, Jewelry & Personal Goods",2370,2369,2145,2238
37351880405,Venenatis Incorporated,Technology & Professional Services,2220,2219,2447,2239
35754571357,Ante Dictum Incorporated,Technology & Professional Services,2206,2205,2475,2240
82736268897,Ligula Eu Inc.,"Fashion, Jewelry & Personal Goods",2613,2612,1663,2241
58869593769,Magna Duis Dignissim Corp.,"Home, Garden & Living",3431,3431,32,2242
99420575685,Facilisi Consulting,"Arts, Media & Entertainment",2181,2182,2539,2243
15998215727,Ut Lacus Nulla Ltd,Technology & Professional Services,2118,2118,2666,2244
27274388856,Lectus Corporation,"Home, Garden & Living",2139,2139,2625,2245
26413484487,Fusce PC,"Home, Garden & Living",2369,2372,2166,2246
27014190836,Arcu Industries,"Arts, Media & Entertainment",2576,2576,1763,2247
49068909356,Euismod Est Inc.,Technology & Professional Services,2201,2201,2514,2248
98508290651,Mauris Blandit Enim Corp.,"Fashion, Jewelry & Personal Goods",2047,2047,2822,2249
98020727651,Turpis Egestas Corporation,Technology & Professional Services,2400,2404,2113,2250
94384861814,Sed Hendrerit A Limited,"Fashion, Jewelry & Personal Goods",2034,2035,2850,2251
80421506936,Scelerisque Mollis Consulting,"Arts, Media & Entertainment",2301,2300,2319,2252
20781273791,Eu Tellus Phasellus PC,"Arts, Media & Entertainment",2431,2431,2062,2253
25125950126,Etiam Bibendum Limited,"Lifestyle, Health & Recreation",2303,2306,2315,2254
59190126409,Malesuada PC,"Home, Garden & Living",2165,2167,2593,2255
17610103622,Per Conubia Corporation,"Home, Garden & Living",3448,3446,33,2256
77259097820,Hymenaeos Mauris LLC,"Lifestyle, Health & Recreation",2033,2033,2865,2257
79657127260,Consectetuer Ipsum Industries,"Arts, Media & Entertainment",2113,2111,2708,2258
31238575689,Ipsum Leo LLP,Technology & Professional Services,2245,2245,2443,2259
56779111060,Elit Curabitur Institute,"Arts, Media & Entertainment",2051,2052,2830,2260
89590900097,Velit Eget Industries,"Lifestyle, Health & Recreation",2205,2208,2521,2261
41956465747,Pede Cras LLP,"Lifestyle, Health & Recreation",2230,2228,2477,2262
86938703369,Ante Vivamus Corporation,"Lifestyle, Health & Recreation",2455,2452,2032,2263
72164128552,Ipsum Dolor Sit Ltd,"Home, Garden & Living",3457,3455,34,2264
72296826112,Vel Lectus Corporation,"Home, Garden & Living",1988,1988,2971,2265
66818634899,In Scelerisque Inc.,"Home, Garden & Living",2003,2001,2946,2266
48431515375,Non Hendrerit Id LLP,"Fashion, Jewelry & Personal Goods",2268,2270,2415,2267
81579058108,Urna Justo Foundation,"Arts, Media & Entertainment",2207,2207,2540,2268
42309113034,Nisi Incorporated,"Home, Garden & Living",2461,2461,2033,2269
11024352823,Aliquet Metus Urna LLP,"Fashion, Jewelry & Personal Goods",2197,2204,2555,2270
58389062507,Nam Ltd,"Arts, Media & Entertainment",2374,2374,2211,2271
31263348006,Blandit Nam Nulla Associates,Technology & Professional Services,2251,2253,2455,2272
83781478969,Nisi Aenean Company,"Fashion, Jewelry & Personal Goods",2067,2071,2821,2273
58825561585,Enim PC,"Fashion, Jewelry & Personal Goods",2384,2387,2194,2274
99554974333,Magna Sed PC,"Lifestyle, Health & Recreation",2111,2112,2744,2275
91178385997,Pede Nonummy Limited,"Arts, Media & Entertainment",2010,2011,2947,2276
57937788884,In Felis Ltd,"Arts, Media & Entertainment",2458,2454,2057,2277
21616154893,Dapibus Rutrum Incorporated,"Lifestyle, Health & Recreation",3470,3470,35,2278
56463450814,Lacus Varius LLC,"Fashion, Jewelry & Personal Goods",2242,2238,2495,2279
19946380099,Enim Gravida Ltd,"Fashion, Jewelry & Personal Goods",2462,2462,2052,2280
74489671755,Lorem Ac Consulting,"Arts, Media & Entertainment",2358,2359,2259,2281
73266193202,Velit In Aliquet Inc.,"Lifestyle, Health & Recreation",2339,2341,2301,2282
13461552885,Dapibus Id Blandit Institute,Technology & Professional Services,2187,2187,2612,2283
13066244467,Ac Orci Industries,Technology & Professional Services,2253,2250,2484,2284
63818670309,Auctor Corp.,"Fashion, Jewelry & Personal Goods",2185,2185,2619,2285
26994239326,Morbi Associates,"Fashion, Jewelry & Personal Goods",2180,2181,2632,2286
77074922873,Egestas Ltd,"Fashion, Jewelry & Personal Goods",2098,2097,2799,2287
14878918457,Ultrices Limited,"Arts, Media & Entertainment",2186,2188,2621,2288
93741030320,Massa Suspendisse Foundation,"Arts, Media & Entertainment",2338,2336,2323,2289
65462135385,Vitae Velit LLC,Technology & Professional Services,2095,2095,2810,2290
10462560289,Ut Consulting,"Fashion, Jewelry & Personal Goods",2524,2526,1951,2291
39759375662,Elit Aliquam Auctor PC,"Arts, Media & Entertainment",2036,2037,2928,2292
15332026424,Metus Urna Convallis Ltd,"Lifestyle, Health & Recreation",2177,2177,2648,2293
90651237279,Dui Nec Incorporated,"Fashion, Jewelry & Personal Goods",2499,2496,2008,2294
92908611937,Euismod Et Commodo Industries,"Home, Garden & Living",2269,2271,2463,2295
15422452671,Euismod Corporation,"Arts, Media & Entertainment",2078,2075,2853,2296
72647107998,Eu Sem Associates,"Lifestyle, Health & Recreation",2323,2325,2359,2297
70529552669,Penatibus Et Limited,"Home, Garden & Living",2163,2163,2681,2298
14443753481,Purus Ac Incorporated,"Home, Garden & Living",2156,2157,2695,2299
55641364241,Duis Volutpat PC,"Arts, Media & Entertainment",2133,2132,2745,2300
20803442676,Ante Nunc Corporation,"Arts, Media & Entertainment",2299,2299,2417,2301
29623808496,Iaculis Odio Nam Foundation,"Fashion, Jewelry & Personal Goods",3490,3490,36,2302
28124275236,Vehicula Risus Institute,"Arts, Media & Entertainment",2329,2331,2356,2303
56488744658,Imperdiet Ullamcorper LLC,"Lifestyle, Health & Recreation",3493,3493,37,2304
26895812037,Sem Ut Inc.,"Arts, Media & Entertainment",2189,2189,2647,2305
15457638036,Gravida Praesent LLP,Technology & Professional Services,2437,2438,2152,2306
14626521979,Dictum Proin PC,"Arts, Media & Entertainment",3496,3496,38,2307
58408723909,Odio A Corporation,"Lifestyle, Health & Recreation",2277,2275,2478,2308
13376463476,Sed Sem Egestas Institute,"Arts, Media & Entertainment",2261,2262,2523,2309
42672975886,Placerat Augue Incorporated,"Home, Garden & Living",2073,2082,2892,2310
24952685426,Vulputate Posuere Industries,Technology & Professional Services,2331,2333,2387,2311
64208631487,Pharetra Nibh Aliquam Foundation,"Fashion, Jewelry & Personal Goods",2340,2335,2378,2312
62924351636,Sem PC,Technology & Professional Services,2389,2386,2279,2313
47100336491,Faucibus Orci Luctus Industries,"Arts, Media & Entertainment",2184,2184,2688,2314
38721857169,Dictum Magna Inc.,"Fashion, Jewelry & Personal Goods",2278,2280,2500,2315
11633090957,Cum Sociis Incorporated,"Home, Garden & Living",2410,2411,2251,2316
11981237946,Sed Molestie Sed Institute,"Arts, Media & Entertainment",2084,2084,2904,2317
29624063484,Morbi Sit Associates,"Arts, Media & Entertainment",2001,2003,3069,2318
32258116290,Id Foundation,"Home, Garden & Living",2523,2524,2034,2319
53402274399,Lorem Ltd,"Home, Garden & Living",2519,2519,2043,2320
30864611742,Nisl Sem Limited,"Fashion, Jewelry & Personal Goods",2233,2233,2615,2321
54071870652,Turpis In PC,Technology & Professional Services,2203,2200,2679,2322
20836895545,Gravida Sit Amet Corporation,Technology & Professional Services,2391,2389,2308,2323
69135584329,Sed Eu LLC,Technology & Professional Services,2584,2579,1928,2324
30403523748,Ac Feugiat LLC,Technology & Professional Services,2071,2065,2955,2325
77013874702,Pretium Neque Inc.,"Home, Garden & Living",2142,2146,2807,2326
48890662808,Facilisis Facilisis Magna Foundation,Technology & Professional Services,2259,2257,2590,2327
12395011633,Luctus Sit Corporation,"Fashion, Jewelry & Personal Goods",2289,2289,2533,2328
35480690241,Felis Purus PC,"Home, Garden & Living",2367,2366,2383,2329
19455998870,Eget Metus Eu Institute,"Fashion, Jewelry & Personal Goods",2805,2799,1516,2330
68631449246,Sem Incorporated,"Home, Garden & Living",2161,2161,2800,2331
71910092040,Convallis Erat LLC,"Fashion, Jewelry & Personal Goods",2312,2303,2509,2332
54089653894,Leo PC,"Fashion, Jewelry & Personal Goods",2405,2407,2313,2333
63360290524,Nunc Mauris LLC,"Home, Garden & Living",2079,2081,2965,2334
62029309613,Cras Sed Leo Foundation,Technology & Professional Services,2168,2168,2791,2335
76586641794,Augue Porttitor Industries,"Home, Garden & Living",2128,2127,2872,2336
88999491954,Turpis Aliquam LLC,Technology & Professional Services,2429,2428,2275,2337
60821630269,Malesuada Vel Venenatis Foundation,"Fashion, Jewelry & Personal Goods",2380,2377,2377,2338
81227400064,Et Corporation,"Home, Garden & Living",2116,2117,2911,2339
15965199256,Proin Nisl Sem Corp.,"Home, Garden & Living",2565,2562,2020,2340
71767386617,Nunc Mauris Sapien Consulting,"Fashion, Jewelry & Personal Goods",2236,2234,2677,2341
25035618251,Cursus Diam Associates,"Home, Garden & Living",2211,2211,2725,2342
25499263184,Ac Mattis Institute,"Arts, Media & Entertainment",2257,2259,2634,2343
73221370757,Sed Turpis Corporation,"Lifestyle, Health & Recreation",2134,2133,2888,2344
83261038949,Suscipit Est Ac LLP,"Lifestyle, Health & Recreation",2306,2304,2550,2345
95042115737,Tortor At LLP,"Arts, Media & Entertainment",2350,2350,2462,2346
99807059634,Justo Eu Arcu Foundation,"Arts, Media & Entertainment",2527,2528,2109,2347
78230317507,Dictum Cursus Nunc Industries,Technology & Professional Services,2377,2381,2408,2348
95613237079,At Pretium LLP,Technology & Professional Services,2479,2483,2207,2349
64652625932,Vulputate Lacus Cras Ltd,"Fashion, Jewelry & Personal Goods",2178,2178,2815,2350
33998551054,Eu Nibh Vulputate Incorporated,"Fashion, Jewelry & Personal Goods",2433,2432,2309,2351
88718271716,Nunc Foundation,"Arts, Media & Entertainment",2320,2320,2536,2352
41171731175,Consectetuer Limited,Technology & Professional Services,2243,2242,2693,2353
55023001789,Fermentum Inc.,"Lifestyle, Health & Recreation",2368,2368,2445,2354
19757865821,Orci Phasellus Dapibus PC,"Lifestyle, Health & Recreation",2157,2156,2869,2355
86379949294,Porta Elit Foundation,"Lifestyle, Health & Recreation",2632,2631,1923,2356
10702078694,Fermentum Risus Foundation,"Fashion, Jewelry & Personal Goods",2287,2286,2617,2357
46331355995,Duis Risus Corporation,"Home, Garden & Living",2155,2158,2879,2358
78822658788,Mi Aliquam Ltd,"Home, Garden & Living",2548,2547,2106,2359
66760882355,Nonummy Ac Incorporated,"Arts, Media & Entertainment",2218,2216,2771,2360
52310302169,Natoque Inc.,"Home, Garden & Living",2183,2180,2847,2361
93230533382,Sed Dictum Eleifend Ltd,Technology & Professional Services,3116,3116,979,2362
31092671220,Porttitor Eros Nec Ltd,"Arts, Media & Entertainment",2238,2236,2741,2363
88079931689,Velit Eu Sem Inc.,"Arts, Media & Entertainment",2276,2277,2665,2364
98659140422,Eget Lacus Ltd,"Home, Garden & Living",2081,2078,3059,2365
77909777861,Ac Mattis Velit LLP,Technology & Professional Services,2476,2478,2265,2366
93282747446,Sem Elit Limited,Technology & Professional Services,2126,2126,2977,2367
67868675953,Nam Ac Foundation,"Arts, Media & Entertainment",2375,2376,2481,2368
62285108846,Dignissim Lacus Corporation,"Fashion, Jewelry & Personal Goods",2951,2954,1328,2369
73823772191,At Lacus Quisque Limited,"Arts, Media & Entertainment",2256,2256,2724,2370
93263170091,Bibendum Donec Corp.,"Fashion, Jewelry & Personal Goods",2575,2575,2091,2371
33790986203,Sed Consequat Corporation,"Arts, Media & Entertainment",2409,2408,2424,2372
99378147610,A Neque Nullam PC,"Home, Garden & Living",2145,2145,2951,2373
54062916822,Lorem Eu Metus PC,"Arts, Media & Entertainment",2425,2421,2403,2374
77747303845,Curabitur Ut Odio Foundation,"Arts, Media & Entertainment",2618,2620,2012,2375
81471697088,Torquent Per Incorporated,"Fashion, Jewelry & Personal Goods",2309,2309,2635,2376
70258288982,Quam Pellentesque Incorporated,"Fashion, Jewelry & Personal Goods",2247,2248,2762,2377
77898879994,Sodales Mauris Limited,Technology & Professional Services,2703,2705,1854,2378
40385667489,Quisque Ornare Industries,Technology & Professional Services,2114,2113,3036,2379
47773139983,Enim Inc.,"Lifestyle, Health & Recreation",2328,2330,2606,2380
80389596712,Lacinia LLC,"Lifestyle, Health & Recreation",2227,2224,2814,2381
51001050159,Eleifend Egestas Corporation,"Arts, Media & Entertainment",2413,2414,2451,2382
96794593428,Nunc Id Enim Inc.,"Arts, Media & Entertainment",2272,2273,2733,2383
97296257023,Vel Turpis Limited,"Arts, Media & Entertainment",2356,2357,2566,2384
55844327847,Ipsum Ac Mi Associates,"Lifestyle, Health & Recreation",2314,2318,2650,2385
19848020292,Sed Nulla Ante Consulting,"Lifestyle, Health & Recreation",2252,2251,2787,2386
48758923477,Semper Dui LLC,"Lifestyle, Health & Recreation",2378,2379,2535,2387
84448198573,Est Tempor Bibendum Industries,Technology & Professional Services,2532,2532,2234,2388
78105320756,Aliquet Odio LLP,"Fashion, Jewelry & Personal Goods",2234,2235,2829,2389
41847933261,Mollis Duis Industries,"Fashion, Jewelry & Personal Goods",2262,2261,2785,2390
82143547560,Aenean Ltd,"Home, Garden & Living",2076,2080,3154,2391
30275989942,Arcu Vivamus Sit Limited,"Fashion, Jewelry & Personal Goods",2307,2314,2691,2392
99018524323,Orci Consectetuer Associates,"Fashion, Jewelry & Personal Goods",3068,3069,1176,2393
49784932478,A Facilisis Non Inc.,Technology & Professional Services,2493,2494,2328,2394
40575200651,Sed Institute,"Fashion, Jewelry & Personal Goods",2608,2608,2102,2395
40084144447,Arcu Nunc Industries,Technology & Professional Services,2138,2137,3046,2396
17541067926,Tristique Institute,"Arts, Media & Entertainment",2510,2509,2304,2397
98527912956,Erat Eget Ipsum Company,"Fashion, Jewelry & Personal Goods",2210,2210,2903,2398
31686734877,Etiam Laoreet LLP,"Lifestyle, Health & Recreation",2483,2491,2350,2399
23398653749,Vivamus Molestie Associates,"Lifestyle, Health & Recreation",2529,2529,2268,2400
51026003250,Sed Pharetra Felis LLP,"Fashion, Jewelry & Personal Goods",2267,2265,2794,2401
82524209016,Nisi A Incorporated,"Fashion, Jewelry & Personal Goods",2158,2155,3014,2402
24155164444,Elit LLC,"Lifestyle, Health & Recreation",2297,2296,2737,2403
31552582037,Velit Inc.,Technology & Professional Services,2406,2405,2520,2404
26974881830,Tellus Id Nunc Associates,"Arts, Media & Entertainment",2228,2229,2875,2405
98861981558,Nam LLC,"Lifestyle, Health & Recreation",3649,3648,39,2406
68100435968,Turpis In Condimentum Corporation,"Arts, Media & Entertainment",2086,2087,3163,2407
56204411255,Mauris Vel Turpis Corporation,"Lifestyle, Health & Recreation",2539,2539,2260,2408
13473158710,Tempor Lorem Eget Incorporated,"Arts, Media & Entertainment",2335,2332,2671,2409
47441593515,Tempor PC,"Fashion, Jewelry & Personal Goods",2726,2727,1887,2410
76072100561,Auctor Velit Ltd,"Lifestyle, Health & Recreation",2494,2493,2354,2411
30035541512,Gravida Aliquam Tincidunt Industries,"Arts, Media & Entertainment",2496,2500,2347,2412
21667858163,Cras Institute,"Lifestyle, Health & Recreation",2379,2375,2591,2413
38664088375,Lacinia At Foundation,"Fashion, Jewelry & Personal Goods",2122,2115,3108,2414
36139372130,Nec Mollis Vitae LLP,"Arts, Media & Entertainment",2188,2186,2975,2415
34437937876,Tellus Imperdiet LLP,"Fashion, Jewelry & Personal Goods",2343,2342,2669,2416
93580972005,Mauris Eu Elit Corporation,"Arts, Media & Entertainment",2337,2343,2675,2417
97593245639,Vestibulum Ante Foundation,"Arts, Media & Entertainment",2640,2638,2081,2418
54509096655,Ac LLP,"Arts, Media & Entertainment",2154,2154,3051,2419
38721422513,Sem Pellentesque Incorporated,"Arts, Media & Entertainment",2330,2329,2703,2420
87459862096,Porttitor LLP,Technology & Professional Services,2246,2246,2870,2421
65265226392,Et Commodo LLP,"Fashion, Jewelry & Personal Goods",2434,2437,2493,2422
13136513766,Pede Nec Incorporated,"Arts, Media & Entertainment",2473,2472,2421,2423
37759101222,Erat PC,Technology & Professional Services,2521,2522,2324,2424
23617533061,Torquent Ltd,Technology & Professional Services,2696,2695,1978,2425
61238934884,Arcu Vel PC,"Arts, Media & Entertainment",2164,2165,3042,2426
59614227972,Vitae Orci Phasellus LLP,"Home, Garden & Living",2478,2477,2418,2427
64609388293,Vitae Erat Industries,"Fashion, Jewelry & Personal Goods",2445,2443,2487,2428
73752456534,Mus Limited,Technology & Professional Services,2559,2559,2258,2429
80525145658,Mi Ac PC,"Home, Garden & Living",2514,2512,2352,2430
71757256494,Pharetra Nibh Inc.,"Arts, Media & Entertainment",2497,2498,2385,2431
87919999302,Consectetuer Rhoncus Associates,"Arts, Media & Entertainment",2373,2373,2636,2432
38086864545,Fringilla Euismod Industries,"Lifestyle, Health & Recreation",2219,2223,2942,2433
99845294286,Risus Nunc Ac Institute,"Arts, Media & Entertainment",2364,2363,2663,2434
62069676741,Nec Mauris Blandit Foundation,Technology & Professional Services,2587,2587,2218,2435
93024682653,Pellentesque Industries,"Home, Garden & Living",2503,2502,2389,2436
33388024878,Semper Institute,"Fashion, Jewelry & Personal Goods",2393,2395,2608,2437
85273542431,Vel Est Incorporated,Technology & Professional Services,2585,2585,2229,2438
69133284840,Libero Est Congue Incorporated,Technology & Professional Services,2609,2609,2184,2439
71649111610,At LLP,Technology & Professional Services,2444,2440,2518,2440
71253802438,Quam PC,"Home, Garden & Living",2522,2520,2363,2441
56030772622,Sem Vitae Corp.,Technology & Professional Services,2327,2327,2752,2442
37927728172,Eu Accumsan LLP,Technology & Professional Services,2482,2479,2448,2443
85813310401,Aliquet Nec Foundation,"Home, Garden & Living",2459,2460,2490,2444
81099631357,Ipsum Leo Limited,Technology & Professional Services,2300,2298,2811,2445
33854504524,Felis Purus Limited,"Arts, Media & Entertainment",2422,2422,2569,2446
97212769356,Tempor Foundation,"Arts, Media & Entertainment",2131,2134,3151,2447
76818455401,Ullamcorper Nisl Foundation,"Arts, Media & Entertainment",2941,2942,1539,2448
70214456178,Nullam Enim Sed Industries,"Arts, Media & Entertainment",2573,2573,2283,2449
94609427687,Nunc Est Limited,"Fashion, Jewelry & Personal Goods",2566,2568,2296,2450
43065448760,Curae Donec Foundation,Technology & Professional Services,2474,2476,2480,2451
90568944804,Diam Eu Dolor LLC,"Home, Garden & Living",2366,2364,2700,2452
31867263249,Risus Donec Industries,"Fashion, Jewelry & Personal Goods",2353,2353,2728,2453
66979924731,Quam Curabitur Foundation,"Lifestyle, Health & Recreation",2442,2447,2549,2454
25628686447,Magna Lorem Institute,"Home, Garden & Living",2258,2258,2925,2455
61958699237,Lorem Ipsum Industries,"Home, Garden & Living",2487,2488,2467,2456
15489539819,In Mi PC,"Lifestyle, Health & Recreation",3705,3705,40,2457
66340635807,Integer Mollis Integer Inc.,"Fashion, Jewelry & Personal Goods",2285,2284,2883,2458
57083783235,Dignissim Magna A LLC,"Home, Garden & Living",2286,2283,2885,2459
28836033916,Velit In Incorporated,Technology & Professional Services,2643,2642,2170,2460
21552853184,Senectus Et Netus Corporation,Technology & Professional Services,2395,2394,2668,2461
64821359458,Luctus Curabitur Ltd,"Home, Garden & Living",3711,3711,41,2462
97952361004,Nulla In Institute,"Fashion, Jewelry & Personal Goods",2311,2308,2845,2463
64295673283,Molestie Dapibus Industries,"Arts, Media & Entertainment",2686,2684,2095,2464
54400686779,Etiam Imperdiet Ltd,"Arts, Media & Entertainment",2351,2349,2767,2465
79517819732,Elit Corp.,"Arts, Media & Entertainment",2414,2415,2641,2466
58382415159,Auctor Odio Industries,"Arts, Media & Entertainment",3715,3715,42,2467
49802393568,Non Enim Limited,"Lifestyle, Health & Recreation",2577,2577,2322,2468
84810238439,Auctor Mauris Company,"Arts, Media & Entertainment",2520,2515,2444,2469
41424526968,Elit Consulting,"Fashion, Jewelry & Personal Goods",2960,2963,1557,2470
29074473351,Nunc Nulla Corporation,"Home, Garden & Living",2621,2616,2245,2471
20847737557,Tempor LLP,Technology & Professional Services,2420,2423,2649,2472
74959038046,Cras Company,"Arts, Media & Entertainment",2294,2295,2907,2473
79825619910,Dui Quis LLP,Technology & Professional Services,2249,2249,3002,2474
78118727544,Cursus Et Inc.,"Fashion, Jewelry & Personal Goods",3729,3729,43,2475
92202115241,Fames Ac Turpis Limited,"Arts, Media & Entertainment",2288,2287,2926,2476
82487226263,Id Magna Foundation,"Lifestyle, Health & Recreation",2449,2455,2598,2477
64185141673,Maecenas Corp.,"Arts, Media & Entertainment",2398,2401,2706,2478
81692875319,Nullam Scelerisque Neque Foundation,Technology & Professional Services,2492,2490,2524,2479
69073210783,Phasellus Associates,"Lifestyle, Health & Recreation",2427,2425,2654,2480
99009287608,Nunc Risus LLP,Technology & Professional Services,2647,2650,2213,2481
13159730941,Metus LLC,"Arts, Media & Entertainment",2265,2266,2979,2482
95560742626,Urna Nec Institute,"Arts, Media & Entertainment",2221,2215,3078,2483
73836969394,Nunc Laoreet Lectus Industries,"Arts, Media & Entertainment",2359,2358,2802,2484
80893432676,Tincidunt Nibh Incorporated,"Fashion, Jewelry & Personal Goods",2344,2352,2826,2485
88771102187,Sed Foundation,"Fashion, Jewelry & Personal Goods",2192,2196,3134,2486
45426079849,A Company,"Lifestyle, Health & Recreation",3740,3740,44,2487
82636765812,Porttitor Eros Nec Consulting,"Home, Garden & Living",2787,2787,1955,2488
48854820141,Quam Dignissim Pharetra Foundation,"Fashion, Jewelry & Personal Goods",2511,2513,2511,2489
57391651605,Dictum Mi Associates,"Lifestyle, Health & Recreation",2319,2319,2901,2490
12103450178,Tincidunt Tempus Incorporated,Technology & Professional Services,2709,2706,2129,2491
29922107583,Amet Ornare Inc.,"Arts, Media & Entertainment",3752,3752,45,2492
69184324876,Lorem Vitae Odio Industries,"Fashion, Jewelry & Personal Goods",1824,1826,3899,2493
75602537182,Justo Faucibus PC,"Lifestyle, Health & Recreation",2765,2766,2019,2494
91218779711,Risus Donec LLP,Technology & Professional Services,1916,1916,3720,2495
81790520013,Magna Praesent Interdum Incorporated,Technology & Professional Services,1855,1857,3841,2496
48817595168,Elit Pede Malesuada Industries,"Arts, Media & Entertainment",3754,3754,46,2497
21204719156,Quis Diam Pellentesque Limited,"Arts, Media & Entertainment",2426,2427,2702,2498
22792191490,Vulputate Nisi Limited,"Arts, Media & Entertainment",2564,2566,2426,2499
35990744747,Massa Lobortis Incorporated,"Home, Garden & Living",2484,2480,2595,2500
87982653381,Eu Sem Pellentesque PC,"Fashion, Jewelry & Personal Goods",2820,2824,1920,2501
79469416437,Vel Quam Industries,"Home, Garden & Living",2453,2456,2655,2502
44069268193,Sem Mollis LLP,Technology & Professional Services,2746,2748,2076,2503
31400548982,Non Egestas PC,"Arts, Media & Entertainment",2237,2237,3096,2504
42077919948,Nec Tempus Institute,"Arts, Media & Entertainment",3017,3019,1541,2505
38603393734,Amet Inc.,"Home, Garden & Living",2518,2516,2543,2506
32827360566,Et Commodo At Incorporated,"Fashion, Jewelry & Personal Goods",2501,2501,2577,2507
91251207679,Mattis Incorporated,"Fashion, Jewelry & Personal Goods",2315,2316,2948,2508
13272374672,Leo In Incorporated,"Arts, Media & Entertainment",2416,2412,2753,2509
85990355197,Non Justo Proin LLP,"Arts, Media & Entertainment",2411,2410,2760,2510
18737319630,Ut Industries,Technology & Professional Services,2263,2264,3054,2511
32021853619,Commodo Institute,"Arts, Media & Entertainment",2660,2660,2262,2512
28324185214,Ultricies Ornare LLP,"Arts, Media & Entertainment",2404,2402,2778,2513
10995883576,Non Feugiat Incorporated,"Fashion, Jewelry & Personal Goods",2362,2362,2861,2514
54331336835,Aliquet Metus Ltd,"Fashion, Jewelry & Personal Goods",2283,2281,3021,2515
44387175188,Dolor Vitae Industries,"Fashion, Jewelry & Personal Goods",2417,2418,2755,2516
65161304947,Malesuada Inc.,"Lifestyle, Health & Recreation",2457,2448,2687,2517
94110063346,Magna Praesent Interdum Industries,"Arts, Media & Entertainment",3775,3775,47,2518
53074973777,Mus Donec Corporation,"Fashion, Jewelry & Personal Goods",2347,2344,2910,2519
41445137000,Praesent Eu Corp.,"Home, Garden & Living",3778,3778,48,2520
43426057710,Eleifend Vitae Inc.,Technology & Professional Services,2616,2617,2371,2521
93981536412,Pharetra Quisque Ac LLC,Technology & Professional Services,2598,2600,2409,2522
86340649164,Est Corp.,"Lifestyle, Health & Recreation",2556,2555,2496,2523
51890035872,Nulla In Tincidunt Ltd,"Fashion, Jewelry & Personal Goods",2447,2446,2720,2524
92834298371,Id Ante Dictum Limited,"Fashion, Jewelry & Personal Goods",2376,2378,2859,2525
63470567616,Risus Nunc Ac Corporation,"Home, Garden & Living",2715,2714,2190,2526
23078969912,Augue Id Ante Consulting,"Home, Garden & Living",3786,3786,49,2527
41188281214,At Augue Inc.,"Arts, Media & Entertainment",2489,2487,2646,2528
47119663770,Mauris Vel Incorporated,"Lifestyle, Health & Recreation",3791,3791,50,2529
88218638184,Gravida Sagittis Corporation,"Arts, Media & Entertainment",2468,2468,2696,2530
11304124014,Nostra Per Inceptos Ltd,"Fashion, Jewelry & Personal Goods",2346,2347,2940,2531
45577247100,Ante Consulting,"Fashion, Jewelry & Personal Goods",2516,2518,2600,2532
15527324674,Laoreet Libero LLC,"Arts, Media & Entertainment",3793,3793,51,2533
18120123446,Morbi Sit Corporation,"Fashion, Jewelry & Personal Goods",2542,2545,2553,2534
19841142617,Elementum Sem LLP,"Fashion, Jewelry & Personal Goods",2631,2629,2382,2535
79306976993,Congue Elit Industries,"Arts, Media & Entertainment",3796,3796,52,2536
98487769763,Morbi Accumsan Consulting,"Fashion, Jewelry & Personal Goods",2382,2382,2880,2537
32727297124,Sed Industries,"Home, Garden & Living",2571,2571,2503,2538
30299051123,Proin Eget Odio Institute,"Arts, Media & Entertainment",2357,2356,2935,2539
17175760321,Morbi Metus Vivamus Industries,"Arts, Media & Entertainment",3800,3801,53,2540
41566402880,Mus LLC,Technology & Professional Services,2544,2543,2571,2541
53442247174,Sem Limited,"Fashion, Jewelry & Personal Goods",2451,2457,2751,2542
70737217173,Elit Pharetra LLP,"Arts, Media & Entertainment",2472,2474,2714,2543
88848010071,Mauris Limited,Technology & Professional Services,2801,2801,2061,2544
94951665897,Congue In Incorporated,"Arts, Media & Entertainment",2777,2775,2111,2545
52684532353,Sed Hendrerit Corp.,"Home, Garden & Living",2638,2639,2388,2546
54751110960,Nec Malesuada LLP,"Home, Garden & Living",2583,2583,2502,2547
87070475031,Ac Arcu Nunc LLC,Technology & Professional Services,2665,2665,2341,2548
68103126714,Odio Ltd,"Home, Garden & Living",2341,2340,2994,2549
68535898735,A Neque PC,"Lifestyle, Health & Recreation",3812,3812,54,2550
17701272704,Neque In LLC,"Arts, Media & Entertainment",3813,3813,55,2551
74175386039,Accumsan Institute,"Home, Garden & Living",2731,2732,2221,2552
95935115082,Et Magnis Inc.,"Arts, Media & Entertainment",2648,2647,2390,2553
30689045280,Dolor Egestas Institute,"Fashion, Jewelry & Personal Goods",2687,2693,2306,2554
27132352768,Imperdiet Corporation,Technology & Professional Services,2363,2367,2959,2555
21986309398,Ut Dolor Consulting,"Fashion, Jewelry & Personal Goods",3817,3817,56,2556
46062822745,Ligula Donec Luctus LLP,"Fashion, Jewelry & Personal Goods",2561,2561,2568,2557
41027080823,Dolor Donec Ltd,"Home, Garden & Living",3818,3818,57,2558
25166307673,Metus Vivamus LLP,"Home, Garden & Living",3819,3819,58,2559
22191978114,Nec Company,"Arts, Media & Entertainment",3024,3022,1652,2560
13290952071,Eget Foundation,"Lifestyle, Health & Recreation",2282,2288,3131,2561
82317733329,Amet PC,"Lifestyle, Health & Recreation",2360,2361,2983,2562
56597561444,Eget Volutpat Corp.,"Lifestyle, Health & Recreation",3823,3823,59,2563
68257308107,In Scelerisque Scelerisque PC,"Lifestyle, Health & Recreation",2588,2588,2531,2564
35253328405,Mauris Eu Turpis Limited,"Lifestyle, Health & Recreation",2508,2510,2694,2565
47740919232,In Scelerisque Company,"Home, Garden & Living",3827,3827,60,2566
54136363643,Mi Lorem Industries,Technology & Professional Services,2530,2525,2659,2567
29780390141,Arcu Corporation,"Lifestyle, Health & Recreation",2388,2390,2936,2568
87711607508,Augue Malesuada Institute,Technology & Professional Services,2390,2393,2932,2569
47524805326,Gravida Nunc Inc.,"Lifestyle, Health & Recreation",3215,3215,1287,2570
35246778333,Vitae Velit Egestas Industries,"Arts, Media & Entertainment",2513,2514,2692,2571
75475698329,Vulputate Ullamcorper Magna Ltd,Technology & Professional Services,2464,2463,2792,2572
30674020809,Phasellus Nulla Corp.,"Fashion, Jewelry & Personal Goods",2817,2817,2086,2573
13297955415,Adipiscing Mauris Associates,"Home, Garden & Living",2349,2348,3029,2574
99358609752,Egestas Nunc Consulting,"Fashion, Jewelry & Personal Goods",3835,3835,61,2575
40593734741,Duis Foundation,"Home, Garden & Living",2334,2338,3060,2576
39961396807,Sed Dolor Fusce LLP,"Arts, Media & Entertainment",3836,3836,62,2577
35575706403,Tempus Mauris Ltd,"Fashion, Jewelry & Personal Goods",3837,3837,63,2578
37470904997,Lorem Fringilla Industries,"Arts, Media & Entertainment",2386,2383,2968,2579
59969380468,Non Corporation,"Arts, Media & Entertainment",2634,2633,2472,2580
76844649719,Donec Est Nunc Corp.,"Home, Garden & Living",2394,2392,2953,2581
76351957431,Libero Est Congue Ltd,"Fashion, Jewelry & Personal Goods",2533,2533,2674,2582
92201452594,Duis Mi Enim Foundation,"Fashion, Jewelry & Personal Goods",2432,2430,2878,2583
28562620525,Aliquam Vulputate Ullamcorper Corp.,"Arts, Media & Entertainment",2401,2406,2937,2584
93880241546,Arcu Eu Odio LLC,Technology & Professional Services,2536,2534,2676,2585
12516851436,Mollis Corp.,"Fashion, Jewelry & Personal Goods",2408,2409,2929,2586
45558962649,Luctus Industries,"Arts, Media & Entertainment",2397,2397,2952,2587
96334476428,Sed Est Ltd,"Lifestyle, Health & Recreation",2603,2603,2541,2588
88040874613,Dapibus Id Ltd,"Fashion, Jewelry & Personal Goods",3843,3843,64,2589
64040663159,Nec Metus LLP,"Arts, Media & Entertainment",2642,2643,2470,2590
44539609516,Dolor Limited,"Arts, Media & Entertainment",2684,2682,2391,2591
92532402483,Non LLC,"Lifestyle, Health & Recreation",2450,2459,2848,2592
58866359477,Eget Mollis Lectus Inc.,"Home, Garden & Living",2574,2570,2614,2593
82882460979,Sem Molestie Foundation,Technology & Professional Services,2965,2965,1832,2594
28555022437,Gravida Sit Foundation,"Arts, Media & Entertainment",2697,2697,2369,2595
89073186125,Nec Tellus Corporation,Technology & Professional Services,2711,2708,2346,2596
45105237896,Sociis Natoque Limited,"Arts, Media & Entertainment",2592,2591,2584,2597
49811126264,Blandit Nam LLC,"Home, Garden & Living",2490,2481,2798,2598
82218291560,Vitae Mauris Sit PC,"Home, Garden & Living",2361,2360,3049,2599
76655671119,Erat LLC,"Fashion, Jewelry & Personal Goods",2591,2592,2589,2600
41877503091,Lacus Vestibulum Lorem PC,"Arts, Media & Entertainment",3854,3854,65,2601
17965654828,Vitae Posuere Ltd,Technology & Professional Services,2543,2540,2690,2602
89618228232,Molestie Tortor Consulting,Technology & Professional Services,2528,2531,2716,2603
73242832551,Gravida Mauris Ut Corporation,"Arts, Media & Entertainment",2392,2391,2993,2604
37850439589,Mollis Vitae Associates,"Lifestyle, Health & Recreation",2325,2323,3130,2605
36595568885,Euismod Est Arcu Inc.,"Arts, Media & Entertainment",3857,3857,66,2606
45159852190,Turpis Egestas Aliquam Associates,"Arts, Media & Entertainment",2504,2504,2777,2607
16500351705,Sociosqu Corporation,"Arts, Media & Entertainment",2612,2614,2560,2608
18310531307,Nunc Corporation,"Fashion, Jewelry & Personal Goods",2535,2535,2721,2609
89687562876,Mattis Cras Eget Company,"Arts, Media & Entertainment",2322,2322,3149,2610
62940816804,Non Foundation,Technology & Professional Services,2790,2790,2214,2611
24830778398,Fames Ac Turpis Ltd,"Home, Garden & Living",2637,2635,2522,2612
56490929085,Ipsum Nunc LLP,"Home, Garden & Living",2469,2471,2856,2613
60641607697,Non Enim Foundation,"Arts, Media & Entertainment",2705,2704,2394,2614
91584444262,Etiam Gravida Limited,"Home, Garden & Living",3870,3870,67,2615
68656010159,Suspendisse Limited,"Home, Garden & Living",3873,3873,68,2616
46389689213,Enim Diam Vel Foundation,"Home, Garden & Living",3874,3874,69,2617
61941120453,Fringilla Mi Lacinia Incorporated,Technology & Professional Services,2691,2688,2440,2618
86907350198,Dolor Fusce Ltd,Technology & Professional Services,2579,2581,2660,2619
32943566946,Ante Ipsum LLC,"Home, Garden & Living",3877,3877,70,2620
96230979998,Leo Vivamus LLC,"Lifestyle, Health & Recreation",2372,2371,3081,2621
91404276865,Vivamus Nibh Corp.,"Home, Garden & Living",3879,3879,71,2622
89271971543,Duis Cursus PC,"Lifestyle, Health & Recreation",2383,2384,3062,2623
87178039859,Ac Corporation,"Fashion, Jewelry & Personal Goods",2622,2623,2585,2624
82825632196,Arcu Vestibulum PC,"Home, Garden & Living",3881,3881,72,2625
85482742429,Mi Eleifend Egestas LLP,"Fashion, Jewelry & Personal Goods",2654,2653,2528,2626
56259793520,Ligula Aliquam Inc.,"Fashion, Jewelry & Personal Goods",2581,2584,2670,2627
93543412337,In Molestie Industries,"Home, Garden & Living",3882,3882,73,2628
32246751900,Massa Non LLC,"Home, Garden & Living",2628,2628,2582,2629
56766066037,Nam Corp.,Technology & Professional Services,2466,2466,2906,2630
51087215585,Vitae Velit Egestas Foundation,"Fashion, Jewelry & Personal Goods",2041,2042,3759,2631
26259500279,Aliquet Vel Industries,"Arts, Media & Entertainment",2876,2875,2096,2632
40361137142,Porttitor Corp.,"Home, Garden & Living",3887,3887,74,2633
81080057116,Phasellus Libero LLP,Technology & Professional Services,2308,2307,3234,2634
70118030493,Ut Tincidunt Ltd,"Home, Garden & Living",3888,3888,75,2635
60963420870,In Felis LLP,Technology & Professional Services,2525,2523,2803,2636
67810757628,Ligula Donec Limited,"Arts, Media & Entertainment",2507,2508,2836,2637
88712190602,Aliquet Phasellus Fermentum Corporation,"Home, Garden & Living",3889,3889,76,2638
42657888176,Et Lacinia Company,"Home, Garden & Living",3890,3890,77,2639
81454203401,Nam Porttitor Scelerisque LLC,"Fashion, Jewelry & Personal Goods",2710,2711,2437,2640
96644709080,Maecenas Libero Associates,"Home, Garden & Living",3891,3891,78,2641
33026294208,Convallis Est Industries,"Home, Garden & Living",2578,2578,2704,2642
93903889529,Vulputate Foundation,"Home, Garden & Living",2560,2560,2740,2643
50131473008,Urna PC,"Arts, Media & Entertainment",2352,2351,3159,2644
57798993346,Malesuada LLC,"Home, Garden & Living",3892,3892,79,2645
49153780138,Ac Orci Ltd,"Arts, Media & Entertainment",2555,2554,2754,2646
62787106107,Posuere At Velit Incorporated,"Home, Garden & Living",3893,3893,80,2647
45367256033,Nunc Ac Inc.,"Lifestyle, Health & Recreation",2549,2548,2770,2648
60778762062,Ut Associates,"Home, Garden & Living",3894,3894,81,2649
66034737896,Luctus Ut LLC,"Fashion, Jewelry & Personal Goods",2554,2556,2759,2650
13467303030,Duis LLP,"Home, Garden & Living",3895,3895,82,2651
90938232295,Lorem Sit Ltd,"Home, Garden & Living",3896,3896,83,2652
66236596240,Ut Ipsum Incorporated,"Home, Garden & Living",3897,3897,84,2653
26551094436,Convallis Foundation,"Arts, Media & Entertainment",2550,2550,2779,2654
92007575783,Aliquam Nisl Corp.,"Home, Garden & Living",3898,3898,85,2655
30140204602,Neque Associates,Technology & Professional Services,2627,2625,2630,2656
43835684204,Interdum Feugiat Sed Consulting,"Arts, Media & Entertainment",2424,2426,3032,2657
33765505000,Ut Nulla Associates,"Home, Garden & Living",3899,3899,86,2658
11452293720,Sed Neque Sed Inc.,"Arts, Media & Entertainment",2477,2475,2933,2659
33364563448,Lacinia Orci Incorporated,"Fashion, Jewelry & Personal Goods",3900,3900,87,2660
45461747256,Enim Sed Ltd,"Arts, Media & Entertainment",2712,2712,2464,2661
41072674090,Metus Aliquam Erat Institute,"Home, Garden & Living",2656,2652,2580,2662
76414358676,Eget Volutpat LLP,"Arts, Media & Entertainment",2807,2805,2277,2663
93267734067,Curae Foundation,"Fashion, Jewelry & Personal Goods",3901,3901,88,2664
75683621690,Rutrum Magna LLC,"Arts, Media & Entertainment",2452,2458,2982,2665
31416331470,Quis Turpis Corporation,"Fashion, Jewelry & Personal Goods",3902,3902,89,2666
25781502446,Lectus Pede Limited,"Fashion, Jewelry & Personal Goods",3903,3903,90,2667
12208064492,Nullam Ut Industries,"Arts, Media & Entertainment",2443,2444,3010,2668
51267358936,Consectetuer Adipiscing Industries,"Fashion, Jewelry & Personal Goods",3904,3904,91,2669
92596271102,Odio Associates,Technology & Professional Services,2463,2464,2974,2670
91085233749,Vestibulum Lorem Industries,"Arts, Media & Entertainment",2448,2445,3008,2671
46916077029,Mauris Aliquam LLC,"Fashion, Jewelry & Personal Goods",3905,3905,92,2672
37481834976,Ut Dolor Dapibus Consulting,"Fashion, Jewelry & Personal Goods",3906,3906,93,2673
62688594508,Lobortis Nisi Associates,"Fashion, Jewelry & Personal Goods",3907,3907,94,2674
88745863985,Fringilla Ornare Placerat Institute,"Arts, Media & Entertainment",2645,2645,2620,2675
48549026640,Vulputate Risus A Corporation,"Fashion, Jewelry & Personal Goods",3908,3908,95,2676
39469369640,Mauris Sapien Corporation,"Arts, Media & Entertainment",2470,2470,2972,2677
47864961615,Enim Mi Corp.,"Lifestyle, Health & Recreation",3909,3909,96,2678
91062920626,Ac Inc.,Technology & Professional Services,3439,3439,1038,2679
81986777523,Quis Urna Nunc Institute,Technology & Professional Services,3910,3910,97,2680
52448445000,Feugiat Placerat Industries,Technology & Professional Services,3911,3911,98,2681
92935086354,Odio Etiam Corporation,Technology & Professional Services,2693,2689,2538,2682
21548346742,Eu Consulting,"Lifestyle, Health & Recreation",2557,2558,2806,2683
90494976499,Tincidunt Corp.,"Home, Garden & Living",3912,3912,99,2684
86899611571,Euismod Mauris LLP,Technology & Professional Services,2672,2668,2583,2685
53331457650,Non Egestas Industries,"Home, Garden & Living",2324,2326,3274,2686
64859340118,Arcu Imperdiet LLP,"Fashion, Jewelry & Personal Goods",2387,2385,3153,2687
22395185606,Ut Corp.,"Home, Garden & Living",3913,3913,100,2688
14042321810,Ac PC,Technology & Professional Services,2454,2449,3023,2689
21166782413,Ornare Industries,Technology & Professional Services,2600,2598,2730,2690
92293286189,Aliquam Nec Enim Ltd,"Home, Garden & Living",3914,3914,101,2691
92077815673,Euismod Et Corporation,"Arts, Media & Entertainment",2260,2260,3410,2692
38325909884,At Associates,"Lifestyle, Health & Recreation",2403,2396,3132,2693
34775154874,Tellus Ltd,"Home, Garden & Living",3915,3915,102,2694
75987403052,Phasellus Limited,"Arts, Media & Entertainment",3916,3916,103,2695
96111981432,Integer In Magna Corporation,"Home, Garden & Living",2936,2936,2063,2696
66778711798,Nunc Corp.,"Fashion, Jewelry & Personal Goods",2419,2416,3102,2697
17507773571,Libero Nec Limited,"Arts, Media & Entertainment",3917,3917,104,2698
78315017938,Euismod Inc.,"Arts, Media & Entertainment",3918,3918,105,2699
62346852889,Phasellus Vitae Corporation,"Arts, Media & Entertainment",3919,3919,106,2700
20284137308,Nisi Nibh Associates,"Lifestyle, Health & Recreation",3920,3920,107,2701
37534260149,Nulla Limited,"Arts, Media & Entertainment",3921,3921,108,2702
54893491429,Rutrum Eu Incorporated,"Lifestyle, Health & Recreation",2590,2594,2768,2703
98957925622,Quis Massa Mauris LLP,"Home, Garden & Living",2296,2293,3363,2704
15010840269,Elit Erat Ltd,"Arts, Media & Entertainment",3922,3922,109,2705
99100250331,Odio LLC,"Fashion, Jewelry & Personal Goods",2863,2862,2230,2706
39580029434,Nulla Cras Ltd,"Arts, Media & Entertainment",3923,3923,110,2707
21384345425,Magnis Dis Parturient PC,"Lifestyle, Health & Recreation",3924,3924,111,2708
78177627659,Tincidunt Limited,"Lifestyle, Health & Recreation",3925,3925,112,2709
38737299876,Sit Amet Institute,"Home, Garden & Living",2730,2728,2505,2710
17799557745,Sociosqu Company,Technology & Professional Services,2689,2687,2592,2711
93740493847,Interdum Corporation,Technology & Professional Services,2664,2666,2640,2712
42623634273,Lobortis Incorporated,"Home, Garden & Living",2435,2434,3101,2713
17469082744,Condimentum LLP,"Fashion, Jewelry & Personal Goods",2774,2778,2427,2714
90967931475,Donec LLC,"Arts, Media & Entertainment",2902,2897,2182,2715
55096581107,Sagittis Associates,Technology & Professional Services,2440,2441,3103,2716
39354007155,Rutrum Lorem Institute,"Fashion, Jewelry & Personal Goods",2488,2486,3016,2717
51332765081,Tempus Associates,"Arts, Media & Entertainment",2438,2436,3120,2718
31322181845,Magna Sed Institute,"Arts, Media & Entertainment",3243,3243,1509,2719
74509504696,Dolor Quisque Institute,"Arts, Media & Entertainment",2439,2439,3121,2720
41331108470,Ante Ltd,"Home, Garden & Living",2582,2582,2843,2721
82403922740,Risus Quisque Incorporated,"Lifestyle, Health & Recreation",2692,2692,2624,2722
78037042040,Duis Elementum Industries,"Arts, Media & Entertainment",2446,2453,3112,2723
15544195408,Proin Company,Technology & Professional Services,2558,2557,2898,2724
37629693091,Duis A LLP,"Arts, Media & Entertainment",2796,2796,2422,2725
98336281865,Orci Adipiscing Inc.,"Arts, Media & Entertainment",2633,2634,2757,2726
24212300522,Consectetuer Industries,"Fashion, Jewelry & Personal Goods",2854,2853,2320,2727
32165886699,Quisque Inc.,"Arts, Media & Entertainment",2495,2495,3043,2728
81986204097,Donec Fringilla Foundation,"Arts, Media & Entertainment",3261,3263,1511,2729
67419861441,Vel Limited,"Home, Garden & Living",3133,3133,1769,2730
99115883676,Non Enim Corp.,"Arts, Media & Entertainment",2695,2696,2645,2731
75204058478,Aliquam Auctor Velit LLP,"Home, Garden & Living",2708,2707,2628,2732
16218917521,In At Pede LLC,"Home, Garden & Living",2624,2627,2793,2733
91104916025,Id Associates,"Home, Garden & Living",2551,2551,2943,2734
31823794994,Dolor Dapibus LLC,"Arts, Media & Entertainment",2725,2724,2599,2735
31003199153,Augue Sed Corporation,"Home, Garden & Living",2498,2499,3052,2736
19458945909,Purus Industries,Technology & Professional Services,2436,2435,3178,2737
63862862264,Habitant Inc.,"Lifestyle, Health & Recreation",2568,2565,2919,2738
85618614233,Eget Limited,"Fashion, Jewelry & Personal Goods",2567,2567,2920,2739
60876187134,Fusce Mollis Duis Incorporated,"Fashion, Jewelry & Personal Goods",2321,2321,3412,2740
34444004774,Aliquam Associates,Technology & Professional Services,2718,2720,2623,2741
53258875124,Malesuada Company,"Home, Garden & Living",2673,2674,2719,2742
93024392300,Eget Ipsum Foundation,"Lifestyle, Health & Recreation",2772,2773,2525,2743
37835781615,Quis Lectus PC,"Fashion, Jewelry & Personal Goods",2399,2398,3279,2744
92899421466,Molestie Pharetra Inc.,"Fashion, Jewelry & Personal Goods",2812,2811,2458,2745
15700338102,Aliquam Ornare Inc.,"Home, Garden & Living",2385,2388,3308,2746
67392173147,Mus Proin Consulting,"Lifestyle, Health & Recreation",2620,2621,2842,2747
64112855512,Sed Auctor Associates,Technology & Professional Services,2816,2816,2452,2748
73130631030,Risus In Mi Corporation,"Arts, Media & Entertainment",2784,2785,2519,2749
24451148103,Ligula Consectetuer Rhoncus Limited,"Arts, Media & Entertainment",2775,2774,2544,2750
28803237812,Aenean Sed Corporation,"Fashion, Jewelry & Personal Goods",2655,2656,2790,2751
33099767595,Diam At PC,"Fashion, Jewelry & Personal Goods",2562,2563,2976,2752
43458285598,Odio Tristique Ltd,"Arts, Media & Entertainment",2619,2619,2867,2753
86904466480,Lacus Quisque Foundation,Technology & Professional Services,2563,2564,2981,2754
86253699836,Nascetur Ridiculus Mus Foundation,"Fashion, Jewelry & Personal Goods",2713,2713,2683,2755
86681981623,Ac Urna Company,Technology & Professional Services,2806,2809,2497,2756
87369323065,Quam Curabitur Vel Inc.,"Arts, Media & Entertainment",2838,2838,2439,2757
43437492698,In Limited,"Arts, Media & Entertainment",2773,2770,2574,2758
86850237223,Sociis Limited,"Arts, Media & Entertainment",2623,2622,2873,2759
80762852492,Nam Interdum Industries,Technology & Professional Services,2729,2730,2661,2760
79355626551,Id Corp.,Technology & Professional Services,2641,2641,2838,2761
45636462354,Amet Consectetuer Limited,"Home, Garden & Living",2415,2413,3293,2762
14675858680,Sollicitudin Adipiscing LLC,Technology & Professional Services,2719,2721,2682,2763
74116888698,Mauris Ut PC,"Arts, Media & Entertainment",3029,3029,2068,2764
12171241826,Interdum Sed Foundation,Technology & Professional Services,2723,2723,2684,2765
34402763739,Pharetra Nam Foundation,"Fashion, Jewelry & Personal Goods",2727,2726,2678,2766
67220823151,Habitant Morbi Foundation,"Lifestyle, Health & Recreation",2769,2767,2596,2767
66770522370,Dictum Ultricies Institute,"Lifestyle, Health & Recreation",2800,2802,2534,2768
93560646170,Vitae Purus Gravida LLP,"Fashion, Jewelry & Personal Goods",2326,2324,3488,2769
82465857700,Eu Accumsan Sed Industries,Technology & Professional Services,2953,2952,2235,2770
16550028284,In LLP,"Home, Garden & Living",2541,2542,3057,2771
75975626029,Augue Eu Tempor Limited,"Fashion, Jewelry & Personal Goods",2707,2710,2736,2772
56018978883,Egestas Fusce Aliquet Institute,Technology & Professional Services,2894,2893,2370,2773
20017721725,Pellentesque Sed Dictum Foundation,Technology & Professional Services,2506,2506,3146,2774
54654230431,Malesuada Vel Venenatis Limited,"Fashion, Jewelry & Personal Goods",2881,2883,2397,2775
66445536477,Praesent Foundation,"Fashion, Jewelry & Personal Goods",2421,2419,3323,2776
65731681830,Duis Gravida PC,"Fashion, Jewelry & Personal Goods",2706,2709,2750,2777
82998885148,Sed Est Nunc Foundation,"Arts, Media & Entertainment",2456,2451,3261,2778
80699593918,Aenean Gravida Nunc Institute,"Lifestyle, Health & Recreation",2669,2672,2828,2779
42270780873,Quisque Nonummy Corp.,"Lifestyle, Health & Recreation",2485,2484,3205,2780
47192976569,Ultricies Ornare Elit LLC,Technology & Professional Services,2846,2846,2483,2781
56659127324,Mattis Cras Institute,"Home, Garden & Living",2835,2835,2508,2782
74337286955,Lobortis Class Institute,"Arts, Media & Entertainment",2926,2924,2331,2783
45344861464,Convallis Est Vitae Industries,Technology & Professional Services,2683,2683,2817,2784
93942213428,A Magna Inc.,Technology & Professional Services,2994,2990,2204,2785
94973496683,Porttitor Tellus Non Corporation,"Arts, Media & Entertainment",2779,2780,2633,2786
90360585833,Mauris Rhoncus PC,Technology & Professional Services,2681,2680,2832,2787
53635885278,Curabitur Massa LLC,"Home, Garden & Living",2629,2630,2934,2788
59962058395,Pellentesque Tincidunt Associates,"Home, Garden & Living",2963,2959,2273,2789
21901704733,Vehicula Risus Nulla Ltd,"Fashion, Jewelry & Personal Goods",2701,2699,2797,2790
35755909141,Tristique Neque Venenatis Associates,"Home, Garden & Living",2671,2676,2857,2791
53600852724,Laoreet Lectus LLC,Technology & Professional Services,2919,2919,2367,2792
67501420176,Egestas LLC,"Lifestyle, Health & Recreation",2653,2657,2895,2793
13770392625,Suspendisse Institute,"Arts, Media & Entertainment",2572,2574,3068,2794
97353800246,Enim Mi LLC,"Arts, Media & Entertainment",2658,2658,2905,2795
21024150335,Libero Inc.,"Arts, Media & Entertainment",2842,2840,2542,2796
21911286661,Arcu Vivamus LLC,"Arts, Media & Entertainment",2515,2517,3195,2797
77712035156,Ut Dolor Associates,Technology & Professional Services,2418,2417,3393,2798
12185659961,Aliquam Ornare Libero LLP,"Arts, Media & Entertainment",2517,2521,3199,2799
35906534450,Auctor Non Feugiat Corporation,"Arts, Media & Entertainment",2601,2602,3035,2800
28639309109,Vel Sapien Imperdiet Industries,"Fashion, Jewelry & Personal Goods",3103,3099,2038,2801
41697741069,Interdum Curabitur Limited,"Fashion, Jewelry & Personal Goods",2636,2637,2970,2802
92680456497,Semper Pretium LLC,"Fashion, Jewelry & Personal Goods",2512,2511,3221,2803
49736594003,Volutpat Ornare Associates,Technology & Professional Services,2879,2882,2491,2804
24724058205,Congue A Aliquet LLC,"Arts, Media & Entertainment",2607,2605,3041,2805
60714620509,Suspendisse Sagittis Incorporated,"Lifestyle, Health & Recreation",2614,2615,3025,2806
63975991689,Tellus Consulting,Technology & Professional Services,2465,2465,3326,2807
26749181046,Neque Tellus Incorporated,"Fashion, Jewelry & Personal Goods",2751,2747,2764,2808
20422223827,Ut Nisi Limited,"Arts, Media & Entertainment",2996,2996,2271,2809
50766787885,Imperdiet Erat PC,"Arts, Media & Entertainment",2717,2716,2833,2810
30780133873,Pede LLP,Technology & Professional Services,2980,2979,2314,2811
14420598156,Bibendum Sed Est Foundation,"Home, Garden & Living",2939,2940,2396,2812
95402237897,Turpis Company,"Fashion, Jewelry & Personal Goods",2734,2737,2808,2813
82627733660,Vitae Velit Limited,"Arts, Media & Entertainment",2610,2606,3064,2814
56680601741,Lectus Ante Corp.,"Arts, Media & Entertainment",2635,2636,3012,2815
52069051820,A Nunc In LLP,"Lifestyle, Health & Recreation",2783,2791,2712,2816
69853421807,Fusce Mollis Duis Industries,Technology & Professional Services,3000,3000,2289,2817
31759308958,Rhoncus Donec Est Industries,"Lifestyle, Health & Recreation",2552,2552,3187,2818
50931818377,Lobortis Ltd,"Arts, Media & Entertainment",2580,2580,3140,2819
75077143451,Consequat Auctor Nunc Ltd,"Lifestyle, Health & Recreation",2741,2744,2816,2820
99217762645,Non Ante Inc.,"Arts, Media & Entertainment",2682,2679,2944,2821
78279649113,Habitant Morbi Incorporated,"Lifestyle, Health & Recreation",2526,2527,3255,2822
80381533940,Aliquet Incorporated,"Arts, Media & Entertainment",2896,2900,2515,2823
64272336774,Vehicula Et LLC,"Arts, Media & Entertainment",2721,2722,2871,2824
45601456298,Libero Morbi Accumsan Industries,"Arts, Media & Entertainment",2467,2467,3380,2825
45888399278,Nulla Vulputate LLC,"Arts, Media & Entertainment",2430,2433,3451,2826
30775213097,Sed Et Associates,"Home, Garden & Living",2617,2618,3080,2827
52129470223,Imperdiet Corp.,Technology & Professional Services,2924,2926,2471,2828
78526643558,Arcu Institute,"Lifestyle, Health & Recreation",2742,2740,2840,2829
29956692423,Vel Venenatis Vel Limited,"Home, Garden & Living",2569,2569,3191,2830
14522297874,Nonummy Ipsum Non Inc.,"Arts, Media & Entertainment",2990,2994,2349,2831
18180785640,Varius Et Associates,"Fashion, Jewelry & Personal Goods",2757,2753,2824,2832
35267193658,Magna Ltd,Technology & Professional Services,2911,2911,2513,2833
81299585288,Eu Dui Cum Inc.,"Arts, Media & Entertainment",2604,2607,3124,2834
17386856164,Nulla Integer Corp.,"Lifestyle, Health & Recreation",2885,2885,2567,2835
98203593138,Suscipit Nonummy Limited,"Lifestyle, Health & Recreation",2828,2829,2685,2836
86094613754,Arcu Imperdiet Ullamcorper LLP,"Lifestyle, Health & Recreation",2749,2746,2849,2837
15157368385,Tempus Non Lacinia Inc.,"Arts, Media & Entertainment",2677,2678,2989,2838
77593244679,Mattis Ornare Associates,Technology & Professional Services,2602,2601,3145,2839
44344566262,Egestas A PC,"Arts, Media & Entertainment",3075,3075,2200,2840
43270522454,Lacus Ut Institute,"Home, Garden & Living",2887,2887,2576,2841
25704682559,Odio Aliquam Corp.,Technology & Professional Services,2859,2863,2629,2842
85385819407,Vel Corp.,"Arts, Media & Entertainment",2764,2764,2827,2843
45328073484,Metus Sit Amet Ltd,"Fashion, Jewelry & Personal Goods",2732,2731,2896,2844
43611981873,Suscipit LLC,Technology & Professional Services,3485,3486,1389,2845
55997183965,Quam Elementum At LLP,"Arts, Media & Entertainment",2597,2597,3166,2846
20233857661,Sed Eget Industries,"Fashion, Jewelry & Personal Goods",2224,2225,3914,2847
17335347560,Et Eros Institute,"Fashion, Jewelry & Personal Goods",2904,2908,2554,2848
64435268766,Id Enim Institute,"Lifestyle, Health & Recreation",2724,2725,2917,2849
89175693833,Justo Sit Associates,Technology & Professional Services,2675,2671,3026,2850
45247456727,Convallis Ligula Corp.,"Arts, Media & Entertainment",3258,3258,1857,2851
17523010120,Urna Convallis Foundation,"Home, Garden & Living",3131,3135,2108,2852
40751557554,Nisi Cum Industries,"Arts, Media & Entertainment",2755,2755,2868,2853
21166508693,Urna Ut Tincidunt Ltd,"Home, Garden & Living",2630,2626,3123,2854
86081102504,Lorem Fringilla Limited,"Lifestyle, Health & Recreation",2509,2507,3366,2855
24245553756,Vulputate Velit Eu Incorporated,"Lifestyle, Health & Recreation",2862,2864,2657,2856
43152535761,Nibh PC,"Home, Garden & Living",2651,2648,3086,2857
47103021057,Donec Vitae PC,"Arts, Media & Entertainment",3040,3040,2307,2858
17435313552,Ac Fermentum Vel LLP,Technology & Professional Services,3036,3036,2321,2859
18440845368,Ac Turpis Egestas Corp.,"Arts, Media & Entertainment",2679,2681,3033,2860
69994151040,Dolor Elit Pellentesque Corp.,"Arts, Media & Entertainment",3202,3203,1989,2861
97104028372,Vel Arcu LLP,"Lifestyle, Health & Recreation",3051,3051,2292,2862
13555086357,Ipsum LLP,"Home, Garden & Living",2546,2546,3302,2863
64521628277,Augue Sed Limited,"Lifestyle, Health & Recreation",2537,2536,3333,2864
73649365788,Magna Tellus Associates,"Fashion, Jewelry & Personal Goods",3031,3033,2344,2865
39192981624,Eu Eros LLC,"Home, Garden & Living",2889,2889,2631,2866
77702973864,Non Consulting,"Arts, Media & Entertainment",2780,2777,2854,2867
52655785808,Malesuada Id Institute,Technology & Professional Services,2694,2690,3030,2868
63469048699,Eget Massa Ltd,"Arts, Media & Entertainment",2486,2492,3436,2869
63861708370,Morbi Accumsan LLC,Technology & Professional Services,2857,2854,2709,2870
93156930881,Tempus Corp.,Technology & Professional Services,2886,2886,2656,2871
29859203033,Id Limited,"Fashion, Jewelry & Personal Goods",2595,2590,3245,2872
18651012250,Aliquet Sem Ut LLP,Technology & Professional Services,2758,2758,2918,2873
65401793264,A Mi Fringilla PC,"Arts, Media & Entertainment",2639,2640,3155,2874
74044580274,Morbi Tristique Corporation,"Home, Garden & Living",2611,2611,3212,2875
98626476096,At Company,"Fashion, Jewelry & Personal Goods",2666,2663,3106,2876
43551786225,In Mi Consulting,"Lifestyle, Health & Recreation",2596,2595,3244,2877
44674493330,Commodo Incorporated,"Arts, Media & Entertainment",2538,2538,3361,2878
13106608471,Sem Vitae PC,"Lifestyle, Health & Recreation",2540,2541,3357,2879
41549774177,Vitae Nibh Industries,"Home, Garden & Living",2428,2429,3583,2880
13571059405,Dapibus Institute,"Lifestyle, Health & Recreation",2668,2669,3107,2881
95331380653,Auctor Odio Associates,"Lifestyle, Health & Recreation",2674,2673,3100,2882
91000228616,Fringilla Porttitor LLC,"Arts, Media & Entertainment",2786,2786,2876,2883
53501895098,Cursus Corp.,"Arts, Media & Entertainment",2594,2596,3262,2884
91166993316,In Magna LLP,"Arts, Media & Entertainment",2995,2992,2468,2885
80347921120,Faucibus Ltd,Technology & Professional Services,2952,2951,2552,2886
55270512213,Mauris Molestie Corp.,"Arts, Media & Entertainment",2864,2861,2732,2887
17124978176,Enim Etiam PC,"Home, Garden & Living",2855,2859,2749,2888
14555045817,Commodo Auctor Ltd,Technology & Professional Services,2778,2781,2912,2889
49439795725,Ut Molestie LLP,"Home, Garden & Living",2412,2420,3643,2890
47485518426,Quam Curabitur Inc.,"Arts, Media & Entertainment",3019,3020,2438,2891
50859331573,In Tempus PC,"Home, Garden & Living",2396,2400,3690,2892
23541969839,Amet Nulla Ltd,"Arts, Media & Entertainment",3043,3042,2402,2893
11974270529,Dui Fusce Corp.,"Home, Garden & Living",2733,2733,3022,2894
78747520227,Sed Orci Lobortis Inc.,"Fashion, Jewelry & Personal Goods",2570,2572,3351,2895
27094414625,Vitae Aliquet Foundation,"Fashion, Jewelry & Personal Goods",2744,2750,3000,2896
40457357336,Lobortis Quis Industries,"Fashion, Jewelry & Personal Goods",2975,2975,2546,2897
46532597002,Egestas Nunc Industries,Technology & Professional Services,2531,2530,3435,2898
94419910973,Felis Company,"Fashion, Jewelry & Personal Goods",2586,2586,3332,2899
80117428556,Arcu Consulting,"Arts, Media & Entertainment",2875,2876,2763,2900
41329164057,Donec Ltd,"Lifestyle, Health & Recreation",2667,2667,3186,2901
31587341011,Velit Industries,"Fashion, Jewelry & Personal Goods",2663,2664,3202,2902
61562383191,Quis Urna Consulting,"Home, Garden & Living",2646,2651,3232,2903
81917023918,Et Corp.,"Fashion, Jewelry & Personal Goods",2720,2719,3098,2904
54094693762,Pulvinar Arcu Incorporated,"Lifestyle, Health & Recreation",3196,3196,2146,2905
74684382790,Sem Ut Cursus LLP,"Arts, Media & Entertainment",2625,2624,3292,2906
45578529693,Vulputate Company,"Fashion, Jewelry & Personal Goods",2606,2604,3331,2907
78142743559,Sed LLP,"Arts, Media & Entertainment",2770,2771,3005,2908
42454170286,Nunc Institute,"Arts, Media & Entertainment",3069,3068,2414,2909
34178940059,Scelerisque Dui Foundation,"Arts, Media & Entertainment",3107,3106,2342,2910
69418468754,Velit Justo Institute,"Home, Garden & Living",2753,2756,3048,2911
98395101740,Purus Duis Company,"Arts, Media & Entertainment",2704,2702,3152,2912
50457372084,Lacus Nulla Tincidunt Incorporated,"Arts, Media & Entertainment",2626,2632,3300,2913
77421432003,Vehicula Foundation,"Fashion, Jewelry & Personal Goods",2927,2929,2707,2914
12219088747,Velit Corp.,"Fashion, Jewelry & Personal Goods",2915,2917,2734,2915
44780781318,Blandit LLP,"Arts, Media & Entertainment",2903,2904,2766,2916
48770246749,Nisl Arcu Iaculis Foundation,"Fashion, Jewelry & Personal Goods",2644,2644,3285,2917
19988273819,Nascetur Ridiculus Industries,"Lifestyle, Health & Recreation",2700,2701,3180,2918
38990495653,Ut Molestie In Corporation,"Home, Garden & Living",2699,2700,3183,2919
75022145904,In Ornare Corporation,"Arts, Media & Entertainment",2819,2815,2949,2920
14820207872,Vehicula Pellentesque PC,"Lifestyle, Health & Recreation",2934,2937,2718,2921
11076688542,Amet Diam Industries,Technology & Professional Services,3098,3096,2401,2922
92403716863,Torquent Per Associates,"Arts, Media & Entertainment",2680,2685,3231,2923
50951615219,Mauris Aliquam Eu Incorporated,"Home, Garden & Living",2534,2537,3525,2924
56923368251,Eget Lacus Mauris Institute,"Fashion, Jewelry & Personal Goods",2657,2654,3286,2925
19257772092,Dignissim Lacus Corp.,"Arts, Media & Entertainment",2722,2718,3158,2926
97412669819,Sagittis Duis Gravida Industries,"Fashion, Jewelry & Personal Goods",2714,2715,3169,2927
60321593978,Sed Pharetra Felis PC,Technology & Professional Services,2856,2856,2889,2928
78774961599,Nulla Integer Limited,"Arts, Media & Entertainment",2756,2757,3088,2929
15070005651,Vulputate Mauris Inc.,"Fashion, Jewelry & Personal Goods",3053,3053,2499,2930
14762929642,Dolor Nonummy Ac Corporation,"Home, Garden & Living",2892,2890,2831,2931
42330360779,Risus In Consulting,"Fashion, Jewelry & Personal Goods",2652,2655,3309,2932
39646859475,Fames Corp.,Technology & Professional Services,3006,3006,2607,2933
66952421200,Vitae Sodales Institute,Technology & Professional Services,3605,3605,1410,2934
60403857139,Sed Nulla Ante PC,"Home, Garden & Living",2851,2847,2927,2935
63358217962,Nulla Facilisis Suspendisse LLP,"Home, Garden & Living",2745,2742,3138,2936
44997402413,Sapien Cursus In Limited,"Lifestyle, Health & Recreation",2605,2610,3411,2937
24147681440,Turpis Nulla Institute,"Lifestyle, Health & Recreation",2750,2752,3129,2938
74505118182,Velit Quisque Varius Corporation,"Home, Garden & Living",2698,2698,3235,2939
28024035242,Et Magnis Corp.,"Lifestyle, Health & Recreation",3030,3030,2573,2940
52813650988,Commodo Tincidunt Nibh Corp.,"Arts, Media & Entertainment",2950,2955,2731,2941
22528859307,Cum Sociis Corp.,"Fashion, Jewelry & Personal Goods",2593,2589,3454,2942
15353137412,Semper Pretium PC,"Fashion, Jewelry & Personal Goods",2961,2960,2717,2943
47797405944,Sit Amet Incorporated,"Arts, Media & Entertainment",2824,2826,2996,2944
15302620892,Facilisis Suspendisse PC,"Arts, Media & Entertainment",2688,2691,3267,2945
51589191140,Amet Ornare Lectus Corp.,"Arts, Media & Entertainment",3201,3205,2243,2946
82814082077,Quisque Incorporated,"Lifestyle, Health & Recreation",2661,2662,3329,2947
56347643455,Sem Magna Nec Associates,"Lifestyle, Health & Recreation",2739,2738,3177,2948
93669046600,At Libero Morbi PC,"Fashion, Jewelry & Personal Goods",2867,2867,2922,2949
46358962964,Non Egestas A Ltd,"Arts, Media & Entertainment",2802,2804,3056,2950
44837192214,Donec At PC,"Arts, Media & Entertainment",2740,2743,3179,2951
87769349119,Eget Metus Incorporated,"Fashion, Jewelry & Personal Goods",2852,2855,2956,2952
31869958432,In Consectetuer Industries,"Home, Garden & Living",2831,2833,2999,2953
95824231566,Consequat Inc.,"Arts, Media & Entertainment",2822,2820,3027,2954
92822969335,Quam Curabitur Vel Consulting,"Lifestyle, Health & Recreation",2649,2646,3377,2955
52969453577,Molestie Incorporated,"Arts, Media & Entertainment",3110,3109,2456,2956
87453687431,Non Sapien Ltd,"Home, Garden & Living",3021,3025,2638,2957
73973714129,Enim Etiam Institute,Technology & Professional Services,3569,3568,1548,2958
16796167828,Elit Pretium Limited,"Arts, Media & Entertainment",2944,2941,2801,2959
73648278886,Cras Vulputate Velit Incorporated,Technology & Professional Services,2967,2966,2758,2960
83802687736,Molestie PC,"Fashion, Jewelry & Personal Goods",2905,2906,2882,2961
24992522061,Est Ac Facilisis Company,"Home, Garden & Living",2763,2760,3173,2962
37238742140,Aenean Massa Company,"Arts, Media & Entertainment",2840,2839,3018,2963
73909892719,Lorem Fringilla Ltd,Technology & Professional Services,3283,3283,2133,2964
21291463935,Ultrices A LLP,"Home, Garden & Living",2589,2593,3517,2965
54361802955,Varius Ultrices Mauris Inc.,"Fashion, Jewelry & Personal Goods",2678,2677,3345,2966
61335088393,Et Magnis Company,"Fashion, Jewelry & Personal Goods",2823,2823,3055,2967
70027786217,Sed Sem Egestas LLC,"Lifestyle, Health & Recreation",2814,2818,3071,2968
78433042891,Dictum Mi Ac LLP,"Arts, Media & Entertainment",2659,2659,3389,2969
39220770748,Orci In Consequat Associates,"Arts, Media & Entertainment",2761,2765,3182,2970
31363277682,Fermentum Metus Industries,"Lifestyle, Health & Recreation",2737,2741,3230,2971
38425242099,In Felis Foundation,"Home, Garden & Living",3139,3139,2433,2972
48699038894,Consectetuer Ipsum Ltd,Technology & Professional Services,2954,2950,2809,2973
34365441985,Erat Associates,Technology & Professional Services,2685,2686,3343,2974
38612000811,Magna Inc.,"Home, Garden & Living",2768,2772,3176,2975
37320515399,Quisque PC,"Arts, Media & Entertainment",3189,3188,2340,2976
96141360246,Auctor Odio Consulting,"Arts, Media & Entertainment",3321,3321,2080,2977
21003199892,Non Luctus Sit Foundation,"Arts, Media & Entertainment",2957,2957,2818,2978
23867882346,Mollis Phasellus Institute,"Fashion, Jewelry & Personal Goods",2834,2831,3070,2979
12476477880,Egestas A Scelerisque Limited,"Arts, Media & Entertainment",3191,3192,2353,2980
51525959170,Augue Eu Inc.,"Arts, Media & Entertainment",2782,2782,3175,2981
30439702384,At Lacus Quisque Corporation,"Home, Garden & Living",2762,2762,3224,2982
21205587568,Nullam Ut Foundation,Technology & Professional Services,2918,2918,2916,2983
30074252567,Lobortis Ultrices Vivamus Foundation,"Arts, Media & Entertainment",2890,2891,2973,2984
76722958482,Fusce Aliquam Incorporated,Technology & Professional Services,2728,2729,3298,2985
98121323050,Accumsan Convallis Ltd,"Fashion, Jewelry & Personal Goods",3102,3101,2558,2986
38361767065,Penatibus Et PC,"Arts, Media & Entertainment",3035,3034,2697,2987
56014638362,Laoreet Libero Foundation,"Home, Garden & Living",2804,2807,3157,2988
97211373669,Nam Porttitor Inc.,"Home, Garden & Living",2999,2998,2780,2989
69431337574,Ultrices Industries,Technology & Professional Services,3302,3301,2176,2990
39980443411,Integer Urna Limited,"Arts, Media & Entertainment",3171,3171,2441,2991
40916035557,Phasellus Vitae Mauris Limited,Technology & Professional Services,2988,2991,2805,2992
28651583807,Et Libero Associates,"Fashion, Jewelry & Personal Goods",3256,3259,2276,2993
87380473696,Convallis Erat Company,"Arts, Media & Entertainment",3144,3141,2507,2994
35188460630,Tortor Associates,"Home, Garden & Living",2811,2812,3172,2995
60072023557,Tellus Faucibus Associates,Technology & Professional Services,2946,2946,2909,2996
36662964956,Curabitur Associates,Technology & Professional Services,2808,2806,3188,2997
45237488374,Non Lobortis Quis Associates,Technology & Professional Services,3288,3288,2227,2998
66432686430,Lorem Eu Corp.,"Home, Garden & Living",2798,2798,3209,2999
72082377970,Nonummy Fusce LLP,Technology & Professional Services,3207,3207,2395,3000
84647062762,Iaculis Corporation,"Home, Garden & Living",2760,2761,3288,3001
36325756075,Amet Diam Ltd,Technology & Professional Services,2977,2976,2858,3002
58154486337,Malesuada Fringilla Est Institute,"Home, Garden & Living",2676,2675,3463,3003
13631004035,Eu Eleifend Incorporated,"Arts, Media & Entertainment",2947,2945,2924,3004
86402909403,Per Industries,"Arts, Media & Entertainment",3119,3117,2586,3005
51149146502,Sed Malesuada Ltd,"Fashion, Jewelry & Personal Goods",2900,2902,3020,3006
32619416776,Quis Massa Ltd,"Arts, Media & Entertainment",2931,2930,2963,3007
23305324752,Sit Amet Inc.,"Home, Garden & Living",2776,2776,3272,3008
73918814753,Venenatis Lacus Etiam LLC,"Home, Garden & Living",3023,3021,2781,3009
21498909695,Cras Vulputate LLP,Technology & Professional Services,2899,2895,3034,3010
80556041042,Dolor Sit LLP,"Arts, Media & Entertainment",2690,2694,3444,3011
83415851389,Curabitur Egestas Nunc PC,"Lifestyle, Health & Recreation",2866,2871,3094,3012
78908309708,Sed Libero Foundation,"Arts, Media & Entertainment",3334,3334,2165,3013
19468125152,Ut Dolor Corporation,"Lifestyle, Health & Recreation",2925,2925,2984,3014
26925196872,Vehicula Pellentesque Limited,"Fashion, Jewelry & Personal Goods",2908,2909,3017,3015
35195862809,Pede Cras Industries,"Arts, Media & Entertainment",2884,2881,3073,3016
71475747855,Aliquet Molestie Corporation,Technology & Professional Services,3598,3597,1644,3017
10187291046,Ultricies Dignissim Lacus Foundation,"Fashion, Jewelry & Personal Goods",2826,2825,3192,3018
72826002518,Sociis Natoque PC,"Lifestyle, Health & Recreation",2735,2735,3382,3019
94662990903,Elit Associates,"Home, Garden & Living",3329,3329,2195,3020
23322235350,Dui Incorporated,Technology & Professional Services,3004,3004,2846,3021
17465489150,Quam A Company,"Fashion, Jewelry & Personal Goods",3054,3054,2747,3022
80178350391,At Pede Company,Technology & Professional Services,3002,3001,2852,3023
98416715677,Ipsum Curabitur Incorporated,"Lifestyle, Health & Recreation",2873,2872,3111,3024
46429297007,Magnis Dis Institute,"Arts, Media & Entertainment",3011,3011,2837,3025
53378405666,Amet Ultricies Sem Inc.,"Fashion, Jewelry & Personal Goods",2794,2795,3270,3026
78040474274,Non Ante Consulting,Technology & Professional Services,3232,3232,2398,3027
86741096013,Parturient Consulting,"Lifestyle, Health & Recreation",2937,2934,2991,3028
21474173492,Donec Corp.,"Arts, Media & Entertainment",2938,2935,2990,3029
47594307487,Sed Dolor Industries,"Fashion, Jewelry & Personal Goods",2985,2985,2894,3030
16156289887,Aliquet Sem Corp.,"Fashion, Jewelry & Personal Goods",2910,2910,3045,3031
85715076054,Arcu Vestibulum Corporation,"Home, Garden & Living",2850,2851,3164,3032
85881115796,Lorem Inc.,"Home, Garden & Living",2789,2789,3289,3033
14570580767,Lacus Etiam Inc.,"Arts, Media & Entertainment",2830,2830,3220,3034
83992396729,Orci Sem Eget Corporation,"Fashion, Jewelry & Personal Goods",2767,2763,3350,3035
45644137007,Eu Euismod Corporation,"Home, Garden & Living",2791,2788,3303,3036
94040507060,Sed Est Nunc Corp.,"Fashion, Jewelry & Personal Goods",3012,3014,2862,3037
64928973842,Sed Company,Technology & Professional Services,3450,3449,1990,3038
53367901558,Fringilla Mi Corporation,Technology & Professional Services,2670,2670,3549,3039
26500650326,Ac Feugiat Non Consulting,Technology & Professional Services,2759,2759,3379,3040
37440780757,Ante Iaculis Nec Corp.,"Home, Garden & Living",3172,3173,2557,3041
73713369509,Sed Diam Incorporated,"Fashion, Jewelry & Personal Goods",2827,2827,3248,3042
31595398112,Enim Company,Technology & Professional Services,3065,3065,2776,3043
87285933135,Proin Vel Associates,"Fashion, Jewelry & Personal Goods",3393,3393,2125,3044
29276411530,Arcu Vel Corporation,"Arts, Media & Entertainment",3084,3084,2743,3045
62381947723,Sagittis PC,"Home, Garden & Living",3070,3070,2772,3046
16941018799,Eget Laoreet Inc.,Technology & Professional Services,3293,3293,2332,3047
87788702467,Massa Suspendisse Industries,"Lifestyle, Health & Recreation",3052,3047,2820,3048
14559784311,Convallis Ligula Donec Inc.,"Fashion, Jewelry & Personal Goods",3180,3178,2572,3049
70561019208,Nonummy Foundation,Technology & Professional Services,3079,3078,2773,3050
12497320096,Velit Quisque LLP,"Fashion, Jewelry & Personal Goods",3217,3217,2501,3051
14602793938,Cursus Vestibulum LLP,"Home, Garden & Living",2948,2948,3039,3052
58899084497,Sed Auctor Odio PC,Technology & Professional Services,3449,3450,2042,3053
26824240795,Ac Company,"Arts, Media & Entertainment",2810,2810,3322,3054
44576099269,Pretium Neque LLP,Technology & Professional Services,3062,3063,2823,3055
81169447736,Tristique Ac Eleifend LLC,"Lifestyle, Health & Recreation",2928,2931,3090,3056
99974311662,Mollis LLP,"Arts, Media & Entertainment",2849,2850,3250,3057
95594775419,Dolor Fusce Mi Associates,Technology & Professional Services,2956,2956,3038,3058
96215194743,Libero LLC,"Arts, Media & Entertainment",2895,2894,3162,3059
88568633938,Vulputate Dui Foundation,Technology & Professional Services,2799,2800,3353,3060
13611382586,Quisque Tincidunt Pede Limited,Technology & Professional Services,2872,2870,3214,3061
59581212604,Magna Phasellus Foundation,"Lifestyle, Health & Recreation",3331,3332,2298,3062
12183270048,Risus Consulting,"Arts, Media & Entertainment",3033,3031,2897,3063
96884218881,Lobortis Corporation,"Lifestyle, Health & Recreation",2909,2912,3142,3064
56939946451,Neque Et Corporation,Technology & Professional Services,3005,3005,2966,3065
34048570533,Interdum Libero Dui Company,Technology & Professional Services,2970,2969,3040,3066
10746056613,Risus Associates,"Arts, Media & Entertainment",2837,2837,3305,3067
90967287254,Libero Integer PC,"Fashion, Jewelry & Personal Goods",2836,2836,3307,3068
91338194166,Nec Urna Foundation,"Home, Garden & Living",3308,3304,2368,3069
93320824983,Nulla Dignissim Foundation,"Arts, Media & Entertainment",2861,2857,3265,3070
25487349674,Maecenas Iaculis Aliquet LLP,Technology & Professional Services,2993,2993,3004,3071
55039720870,Dignissim Magna PC,Technology & Professional Services,2785,2783,3430,3072
57680172958,Ullamcorper Viverra Incorporated,"Arts, Media & Entertainment",3044,3044,2915,3073
64145901913,A Inc.,"Home, Garden & Living",3010,3009,2985,3074
52606993642,Congue Elit Sed Ltd,"Arts, Media & Entertainment",3255,3254,2498,3075
49368160590,Nulla In LLP,Technology & Professional Services,2871,2873,3268,3076
34530907184,Magna Praesent LLP,"Arts, Media & Entertainment",2870,2868,3277,3077
10346855916,Odio Institute,Technology & Professional Services,3227,3227,2562,3078
42562731929,Et Magnis Incorporated,Technology & Professional Services,3128,3128,2761,3079
26492290179,Amet Orci Ut Associates,"Home, Garden & Living",2841,2842,3334,3080
95799102190,Blandit Mattis Cras LLP,Technology & Professional Services,2940,2938,3143,3081
87214879575,Nulla At Sem Limited,"Lifestyle, Health & Recreation",2818,2819,3384,3082
44486718758,Luctus Et Ultrices LLC,"Lifestyle, Health & Recreation",3056,3056,2914,3083
91363040650,Diam Lorem LLC,Technology & Professional Services,3003,3002,3024,3084
16528286991,Pellentesque Massa Limited,Technology & Professional Services,3206,3208,2616,3085
19925160030,Vestibulum Massa Rutrum Associates,"Arts, Media & Entertainment",3147,3147,2742,3086
42105964394,Ut Erat PC,"Fashion, Jewelry & Personal Goods",2922,2916,3198,3087
77370079637,Donec Sollicitudin Corp.,"Arts, Media & Entertainment",2916,2914,3206,3088
42822345560,Erat Nonummy Ultricies Incorporated,"Fashion, Jewelry & Personal Goods",2809,2808,3422,3089
61812192237,Nunc Mauris Elit Corp.,Technology & Professional Services,3163,3165,2713,3090
56796074347,Aliquam Institute,"Home, Garden & Living",2858,2860,3325,3091
84226109829,Eleifend Nunc LLP,"Fashion, Jewelry & Personal Goods",2868,2866,3310,3092
70196084748,Gravida Incorporated,Technology & Professional Services,2914,2913,3218,3093
12031655138,Tincidunt Aliquam Arcu Corp.,"Fashion, Jewelry & Personal Goods",2874,2874,3297,3094
69890387975,Vitae Incorporated,"Arts, Media & Entertainment",3022,3023,3001,3095
82843556649,Tristique Pellentesque Tellus Ltd,"Arts, Media & Entertainment",2923,2923,3203,3096
73753317382,Gravida Sagittis Ltd,"Arts, Media & Entertainment",3254,3251,2551,3097
77153404511,Purus Accumsan Ltd,"Arts, Media & Entertainment",3109,3108,2844,3098
12578813079,Eros Corporation,"Arts, Media & Entertainment",2792,2784,3485,3099
57230218402,Interdum Feugiat Foundation,Technology & Professional Services,2932,2933,3200,3100
60975088321,Dui Augue Consulting,"Fashion, Jewelry & Personal Goods",2748,2745,3572,3101
35615649088,Tincidunt Congue Turpis Inc.,Technology & Professional Services,2982,2981,3105,3102
80213126311,Elementum Purus Accumsan Inc.,"Arts, Media & Entertainment",3154,3152,2765,3103
60421951083,Risus At Corp.,"Lifestyle, Health & Recreation",2833,2834,3409,3104
36861014911,Eu Euismod Industries,"Fashion, Jewelry & Personal Goods",3094,3093,2893,3105
10860706939,Vitae Aliquet Nec Associates,"Home, Garden & Living",3047,3046,2988,3106
50885695263,Euismod Institute,"Arts, Media & Entertainment",3038,3039,3007,3107
29491615873,Lacus Varius Et Incorporated,"Fashion, Jewelry & Personal Goods",2877,2879,3330,3108
11089768124,Rutrum Corp.,Technology & Professional Services,3138,3138,2812,3109
45337626814,Ligula Associates,"Fashion, Jewelry & Personal Goods",3143,3142,2804,3110
47420343703,Ullamcorper Duis Cursus Institute,"Arts, Media & Entertainment",3008,3010,3076,3111
76006740240,Pharetra Quisque Ac Ltd,Technology & Professional Services,3224,3220,2651,3112
99802335254,Ultrices Associates,"Lifestyle, Health & Recreation",2984,2984,3128,3113
63036541291,Donec Dignissim Associates,"Arts, Media & Entertainment",2888,2888,3321,3114
31905921746,Ut LLP,"Home, Garden & Living",2839,2844,3414,3115
56727542957,Phasellus In Ltd,"Arts, Media & Entertainment",2949,2949,3201,3116
73199959867,Ipsum Leo Associates,"Arts, Media & Entertainment",2747,2749,3603,3117
22961647681,Vestibulum Ante Corporation,"Lifestyle, Health & Recreation",3134,3132,2835,3118
63826476372,Consequat Nec Corp.,"Lifestyle, Health & Recreation",3050,3048,3003,3119
22552769838,Dui Augue LLP,"Home, Garden & Living",2793,2793,3515,3120
21887123887,Nunc Interdum LLP,"Fashion, Jewelry & Personal Goods",3112,3113,2887,3121
50467815381,Justo Eu Inc.,"Arts, Media & Entertainment",2997,2997,3118,3122
43034165541,Sit Amet Lorem Institute,Technology & Professional Services,3237,3237,2642,3123
11975295389,Tortor Corp.,"Arts, Media & Entertainment",3015,3013,3089,3124
66149479735,Eu Dui Institute,"Arts, Media & Entertainment",2880,2880,3359,3125
63948652504,Curabitur Consequat Lectus LLP,"Lifestyle, Health & Recreation",3080,3080,2961,3126
16361981729,Et LLC,Technology & Professional Services,2599,2599,3923,3127
58966366292,Dictum Eu Corp.,"Home, Garden & Living",3504,3504,2117,3128
93720983561,Donec Luctus Aliquet Inc.,Technology & Professional Services,3375,3375,2376,3129
23925773818,Per Conubia Nostra Ltd,"Home, Garden & Living",2825,2822,3480,3130
16863641025,Aliquet Diam LLC,Technology & Professional Services,2865,2865,3403,3131
13986396343,Nulla In Inc.,Technology & Professional Services,2813,2813,3510,3132
83314865468,Dapibus Ligula Institute,"Arts, Media & Entertainment",2844,2841,3452,3133
15297597516,Ornare Lectus Corp.,"Arts, Media & Entertainment",3263,3262,2613,3134
13606543798,Odio Phasellus Associates,"Lifestyle, Health & Recreation",3013,3015,3117,3135
13061606045,Risus Limited,"Arts, Media & Entertainment",3132,3129,2886,3136
58913632134,Sodales Mauris Company,"Fashion, Jewelry & Personal Goods",3373,3377,2400,3137
38363946876,Gravida LLC,"Arts, Media & Entertainment",3252,3255,2643,3138
92426644718,Orci Quis LLC,"Arts, Media & Entertainment",3092,3091,2967,3139
88644745666,Orci Adipiscing Non LLC,"Arts, Media & Entertainment",3046,3045,3065,3140
92374002696,Lectus Cum Ltd,"Home, Garden & Living",2891,2892,3374,3141
98437998830,Arcu Vivamus Sit Incorporated,"Lifestyle, Health & Recreation",3341,3337,2485,3142
61112604295,Vel Lectus Cum LLC,Technology & Professional Services,3176,3177,2813,3143
30434864008,Aliquet Magna LLC,"Home, Garden & Living",2832,2832,3503,3144
32082195327,Luctus PC,"Fashion, Jewelry & Personal Goods",2935,2939,3295,3145
79707467977,Pede Suspendisse Dui Incorporated,"Arts, Media & Entertainment",2754,2754,3662,3146
10385163239,Sed Et Company,"Home, Garden & Living",2978,2977,3217,3147
76235641670,Neque Venenatis Incorporated,"Arts, Media & Entertainment",2907,2903,3362,3148
66858208767,Mollis Duis Sit Corporation,"Fashion, Jewelry & Personal Goods",2991,2995,3189,3149
83691794327,Porttitor Ltd,"Arts, Media & Entertainment",3400,3400,2379,3150
52266154043,Lobortis Tellus Justo Foundation,"Arts, Media & Entertainment",3170,3168,2841,3151
99785979138,Elit Curabitur LLP,"Arts, Media & Entertainment",3042,3043,3097,3152
63796115293,Vitae Semper Egestas Institute,"Arts, Media & Entertainment",2981,2982,3223,3153
72932341819,Malesuada Fringilla Est Inc.,"Fashion, Jewelry & Personal Goods",3120,3119,2950,3154
33885350311,Vel Pede LLC,"Home, Garden & Living",2781,2779,3633,3155
10854978569,Dui Cras Pellentesque Limited,Technology & Professional Services,2974,2974,3247,3156
70344541271,Dui Nec Ltd,"Home, Garden & Living",2897,2899,3399,3157
75547072158,Velit Institute,Technology & Professional Services,2882,2877,3443,3158
39929271871,Risus Donec Egestas Corp.,"Arts, Media & Entertainment",3037,3035,3135,3159
73745079397,Dictum Incorporated,"Arts, Media & Entertainment",2716,2717,3774,3160
71035024987,Sem Ltd,"Lifestyle, Health & Recreation",3020,3018,3171,3161
27407519046,Nam Ac Nulla LLP,"Arts, Media & Entertainment",3299,3298,2618,3162
83808438024,Quis LLP,Technology & Professional Services,2906,2905,3405,3163
22575615382,Enim Non LLP,"Lifestyle, Health & Recreation",2983,2983,3251,3164
37322527524,Nunc Nulla Incorporated,"Arts, Media & Entertainment",3359,3358,2504,3165
26945291705,Molestie Sodales Associates,"Home, Garden & Living",2848,2849,3524,3166
96550897244,Donec Elementum Lorem Corporation,Technology & Professional Services,3090,3089,3044,3167
27470466523,Ornare Facilisis Eget Foundation,"Arts, Media & Entertainment",2912,2907,3406,3168
13108046922,Luctus Limited,"Home, Garden & Living",3150,3154,2923,3169
82225148007,Magna Nam Incorporated,"Arts, Media & Entertainment",2869,2869,3490,3170
95532818035,Ultrices Vivamus Rhoncus Incorporated,"Arts, Media & Entertainment",2736,2736,3757,3171
88487804108,Penatibus Et Magnis Industries,"Lifestyle, Health & Recreation",3001,3003,3228,3172
79287836711,Per Company,Technology & Professional Services,3338,3338,2563,3173
70067721091,Aenean LLC,"Home, Garden & Living",2845,2845,3550,3174
82949994030,Mus Proin Inc.,"Home, Garden & Living",2860,2858,3523,3175
87203239896,Mauris Ltd,Technology & Professional Services,3417,3417,2411,3176
53599011106,Sed Dictum Inc.,"Lifestyle, Health & Recreation",2771,2769,3706,3177
12840456630,Purus Inc.,"Arts, Media & Entertainment",2821,2821,3607,3178
74207689493,Mauris Sagittis Industries,"Arts, Media & Entertainment",3210,3209,2834,3179
15347709593,Eget Corp.,"Arts, Media & Entertainment",2803,2803,3655,3180
67610254313,A Felis Ullamcorper LLP,Technology & Professional Services,3297,3302,2664,3181
22883189698,Quam Vel PC,"Arts, Media & Entertainment",3407,3404,2454,3182
41081202656,Nam Ligula Industries,Technology & Professional Services,3724,3724,1819,3183
27657048362,Elementum Purus Foundation,"Lifestyle, Health & Recreation",3140,3140,2992,3184
88202878932,Tellus Id Limited,"Fashion, Jewelry & Personal Goods",3130,3131,3011,3185
72660843393,Augue Porttitor Interdum Ltd,"Fashion, Jewelry & Personal Goods",3041,3041,3196,3186
93700243350,Penatibus Et Magnis Institute,"Fashion, Jewelry & Personal Goods",2901,2901,3476,3187
99307259953,Ultricies Adipiscing Enim Company,Technology & Professional Services,2966,2967,3346,3188
29839336901,Sollicitudin Orci Inc.,"Fashion, Jewelry & Personal Goods",3071,3073,3136,3189
42061762079,Nunc Interdum LLC,"Arts, Media & Entertainment",3108,3107,3067,3190
99861963809,Pretium Aliquet Limited,"Arts, Media & Entertainment",3018,3017,3249,3191
18293836021,Orci Adipiscing Non Corporation,"Fashion, Jewelry & Personal Goods",3301,3300,2689,3192
33070920679,Aliquet Magna Incorporated,"Home, Garden & Living",3104,3105,3087,3193
35790530993,Venenatis Vel LLC,"Lifestyle, Health & Recreation",2917,2920,3472,3194
35713332328,Nisi Magna Sed LLC,"Fashion, Jewelry & Personal Goods",2989,2988,3337,3195
63307448428,Aliquam Rutrum Industries,"Lifestyle, Health & Recreation",2788,2792,3734,3196
48807515867,Magna A Foundation,Technology & Professional Services,3061,3061,3193,3197
41704070214,Tellus Company,Technology & Professional Services,2972,2973,3381,3198
71029007948,Est Ac Inc.,"Lifestyle, Health & Recreation",2920,2921,3486,3199
71640437036,Proin Ultrices Associates,"Home, Garden & Living",2973,2972,3385,3200
84790489548,Odio Aliquam Foundation,"Arts, Media & Entertainment",2986,2987,3358,3201
81906511933,Sodales Purus In Ltd,"Lifestyle, Health & Recreation",2971,2968,3392,3202
31681476434,Lorem Sit LLC,"Arts, Media & Entertainment",3257,3256,2819,3203
85580030308,Condimentum Associates,"Fashion, Jewelry & Personal Goods",2898,2898,3537,3204
42633587085,Lorem Sit Amet Incorporated,"Lifestyle, Health & Recreation",3039,3038,3257,3205
32380337852,Urna Convallis Inc.,"Lifestyle, Health & Recreation",3078,3077,3181,3206
70751543592,Orci Ut Incorporated,"Lifestyle, Health & Recreation",3049,3052,3238,3207
85085859341,Id Nunc LLP,"Arts, Media & Entertainment",2933,2932,3479,3208
24976666868,Duis Dignissim Institute,"Arts, Media & Entertainment",3640,3639,2066,3209
69107197788,In Lorem LLP,"Fashion, Jewelry & Personal Goods",3157,3157,3037,3210
14939466370,Nunc Ac LLP,"Lifestyle, Health & Recreation",2942,2943,3469,3211
65278963534,Sed Pede Cum Incorporated,Technology & Professional Services,3146,3146,3063,3212
58380745308,Auctor Quis Tristique Incorporated,"Lifestyle, Health & Recreation",2943,2947,3471,3213
95856918319,Scelerisque Scelerisque Dui Incorporated,"Arts, Media & Entertainment",2766,2768,3827,3214
32069730393,Eget Metus LLP,Technology & Professional Services,2853,2852,3658,3215
51258621486,Dis Ltd,"Arts, Media & Entertainment",2883,2884,3598,3216
35194643826,Orci Industries,"Arts, Media & Entertainment",2958,2958,3460,3217
53427619838,Eu Erat Semper Inc.,Technology & Professional Services,3353,3353,2673,3218
72267722034,Donec Egestas Consulting,Technology & Professional Services,3333,3331,2715,3219
35387407637,Sollicitudin Orci Sem Incorporated,"Arts, Media & Entertainment",3016,3016,3349,3220
47480497674,Sem Nulla LLP,"Arts, Media & Entertainment",3204,3202,2978,3221
33806831488,Quis Massa Limited,Technology & Professional Services,2829,2828,3730,3222
91582338269,Cursus Diam Industries,Technology & Professional Services,2930,2927,3535,3223
37578923779,Cras Incorporated,"Arts, Media & Entertainment",3156,3155,3085,3224
50027089877,Phasellus Fermentum PC,"Lifestyle, Health & Recreation",3137,3137,3126,3225
14089706307,Donec Institute,Technology & Professional Services,3099,3097,3204,3226
87092867947,Egestas Urna Limited,Technology & Professional Services,3162,3162,3077,3227
11766327188,Ante Maecenas Mi Incorporated,"Fashion, Jewelry & Personal Goods",3091,3094,3216,3228
33969442512,Sit Amet Corp.,"Lifestyle, Health & Recreation",3165,3163,3075,3229
51906535389,Consectetuer Company,"Arts, Media & Entertainment",3195,3195,3015,3230
15577036924,Euismod Ac Corporation,"Fashion, Jewelry & Personal Goods",3145,3145,3115,3231
23812588784,Porttitor Vulputate Institute,"Fashion, Jewelry & Personal Goods",3225,3225,2957,3232
45677220012,Dolor Fusce Associates,"Arts, Media & Entertainment",3114,3112,3190,3233
93018282444,Quis Pede Ltd,"Lifestyle, Health & Recreation",3167,3167,3083,3234
54994826109,Augue Ut Industries,"Lifestyle, Health & Recreation",3066,3067,3284,3235
31153557593,Ut Semper Corporation,Technology & Professional Services,3541,3541,2336,3236
36479085063,Lacinia Orci Consectetuer Company,"Fashion, Jewelry & Personal Goods",3530,3528,2360,3237
48100934293,Natoque Penatibus Et Limited,"Lifestyle, Health & Recreation",2969,2971,3482,3238
62499158977,Convallis Est Ltd,"Home, Garden & Living",2968,2970,3487,3239
76419655212,Suspendisse Sagittis Nullam Company,Technology & Professional Services,3468,3467,2492,3240
89245892885,Lacus Associates,"Arts, Media & Entertainment",3190,3191,3047,3241
26788127465,Donec Tincidunt LLP,"Arts, Media & Entertainment",3233,3234,2964,3242
25880142934,Sit Corp.,"Lifestyle, Health & Recreation",3085,3085,3264,3243
99063901069,Pede Ultrices Institute,"Lifestyle, Health & Recreation",3076,3076,3282,3244
65739256790,Adipiscing Elit Company,"Arts, Media & Entertainment",3220,3221,2995,3245
25545080719,Eget Dictum Placerat Incorporated,"Arts, Media & Entertainment",2998,2999,3439,3246
55446764764,Turpis Nulla Incorporated,"Home, Garden & Living",3414,3415,2610,3247
27332799149,Parturient Montes Nascetur Incorporated,"Fashion, Jewelry & Personal Goods",3149,3149,3141,3248
98844249092,Aliquet Industries,"Lifestyle, Health & Recreation",2893,2896,3650,3249
58680132589,Ut Nec Urna PC,"Arts, Media & Entertainment",3229,3230,2986,3250
61728854460,Elit Pharetra PC,Technology & Professional Services,3048,3050,3348,3251
41378282924,Vulputate PC,Technology & Professional Services,3339,3341,2769,3252
87284273126,Libero Mauris Inc.,Technology & Professional Services,3186,3186,3082,3253
34473591341,Dui Semper PC,"Home, Garden & Living",2987,2986,3483,3254
32594843603,Tincidunt Dui Associates,"Lifestyle, Health & Recreation",3456,3457,2545,3255
74526386577,Imperdiet Nec Limited,"Home, Garden & Living",2795,2794,3869,3256
75453677512,In Magna Foundation,Technology & Professional Services,3489,3489,2482,3257
48381670641,Mi Pede Associates,"Home, Garden & Living",3284,3282,2902,3258
66748498849,Eleifend Nec Institute,Technology & Professional Services,3582,3583,2310,3259
35632109137,Natoque Penatibus Industries,"Fashion, Jewelry & Personal Goods",3340,3340,2795,3260
89389708676,Sit Incorporated,"Arts, Media & Entertainment",2959,2962,3558,3261
56993545247,Integer Vitae LLP,"Home, Garden & Living",3234,3236,3013,3262
27207000299,Egestas Sed Pharetra Limited,"Lifestyle, Health & Recreation",3621,3621,2242,3263
68581310909,Et Rutrum LLP,"Home, Garden & Living",2945,2944,3595,3264
50100476535,Praesent Corp.,"Fashion, Jewelry & Personal Goods",3315,3315,2860,3265
24314208971,Metus Ltd,Technology & Professional Services,3376,3374,2746,3266
18547244547,Sem Nulla Interdum Corp.,"Fashion, Jewelry & Personal Goods",3166,3164,3167,3267
34591758600,A Consulting,Technology & Professional Services,3390,3388,2726,3268
19119901659,Ante Dictum Mi Inc.,Technology & Professional Services,3179,3179,3150,3269
68731179079,Lacinia Limited,Technology & Professional Services,3392,3392,2727,3270
87824427219,Phasellus Fermentum Consulting,"Arts, Media & Entertainment",3212,3211,3092,3271
18253795725,Quam Pellentesque Corporation,Technology & Professional Services,3486,3484,2547,3272
58382897215,Erat Volutpat Incorporated,"Home, Garden & Living",3100,3103,3318,3273
50551188214,Mauris Nulla Integer LLC,"Home, Garden & Living",3296,3297,2930,3274
33108281623,Lectus LLP,"Home, Garden & Living",3093,3092,3339,3275
62774554856,Dolor Foundation,"Lifestyle, Health & Recreation",3058,3058,3408,3276
12710873213,Maecenas Mi Felis Limited,"Lifestyle, Health & Recreation",2992,2989,3543,3277
28880110118,Mauris Nulla Integer Ltd,"Arts, Media & Entertainment",3253,3252,3028,3278
66943181420,Nisl Elementum Foundation,Technology & Professional Services,3087,3087,3364,3279
84507210939,Fermentum Convallis Ligula Foundation,"Home, Garden & Living",2976,2978,3585,3280
55433932875,Nullam Vitae Diam PC,"Lifestyle, Health & Recreation",3689,3688,2168,3281
24120162361,Ut Pellentesque Eget Inc.,"Arts, Media & Entertainment",3073,3071,3402,3282
90739983707,Cras Lorem Associates,"Arts, Media & Entertainment",3148,3148,3252,3283
61766463985,Integer Vulputate Foundation,"Lifestyle, Health & Recreation",3089,3086,3373,3284
38074504441,Metus In Lorem Associates,"Fashion, Jewelry & Personal Goods",3425,3425,2701,3285
76934435529,Tellus Id Nunc Inc.,Technology & Professional Services,3027,3026,3502,3286
68840051984,In Ornare Sagittis PC,"Arts, Media & Entertainment",3111,3110,3342,3287
75875494789,Ut Pharetra Incorporated,"Arts, Media & Entertainment",3117,3118,3336,3288
63491526748,Neque Non Company,Technology & Professional Services,3126,3127,3319,3289
16903677169,Quis Lectus Nullam PC,"Fashion, Jewelry & Personal Goods",3083,3083,3407,3290
19378069235,Massa Vestibulum Incorporated,"Home, Garden & Living",3169,3170,3236,3291
47342527664,Ligula Aenean Euismod Foundation,"Arts, Media & Entertainment",3129,3130,3317,3292
12847992240,Nec Enim Company,Technology & Professional Services,3067,3066,3446,3293
13747603419,Fermentum Vel Mauris Institute,Technology & Professional Services,3591,3589,2405,3294
50585758076,Orci Luctus Et Corp.,"Arts, Media & Entertainment",3238,3238,3109,3295
82803045102,Lobortis Class Aptent Incorporated,"Fashion, Jewelry & Personal Goods",3219,3219,3147,3296
63948574402,Elit Pharetra Incorporated,"Arts, Media & Entertainment",3187,3187,3211,3297
62249204345,Iaculis Inc.,"Lifestyle, Health & Recreation",3153,3153,3283,3298
66759753333,Aliquet Molestie Corp.,"Arts, Media & Entertainment",3077,3079,3433,3299
26945243832,Nisi Magna Inc.,"Fashion, Jewelry & Personal Goods",3240,3241,3110,3300
85730774549,Vel Company,"Lifestyle, Health & Recreation",3422,3422,2756,3301
13103397121,Litora Torquent Limited,"Fashion, Jewelry & Personal Goods",3142,3143,3315,3302
56519940783,Malesuada Limited,"Fashion, Jewelry & Personal Goods",3435,3435,2735,3303
54474048212,Leo Morbi Limited,Technology & Professional Services,3379,3380,2851,3304
21156812402,Enim Mi Limited,"Lifestyle, Health & Recreation",3026,3027,3559,3305
12182018430,Integer In Ltd,Technology & Professional Services,3369,3370,2874,3306
19894828184,Arcu Vel Associates,Technology & Professional Services,3113,3114,3386,3307
55402538421,Orci Ut Semper Incorporated,"Home, Garden & Living",2929,2928,3762,3308
25876985396,Vitae Erat Vivamus Corp.,Technology & Professional Services,3275,3274,3072,3309
99319455478,Senectus LLP,"Fashion, Jewelry & Personal Goods",3045,3049,3529,3310
76628269361,Odio Consulting,Technology & Professional Services,3088,3088,3448,3311
59153557367,Magna Ut Incorporated,"Lifestyle, Health & Recreation",3184,3182,3260,3312
22019281430,Ipsum Suspendisse Corporation,"Arts, Media & Entertainment",3324,3324,2980,3313
74423856957,Convallis Ligula Donec Corp.,"Home, Garden & Living",3282,3286,3061,3314
43980535151,Justo Corp.,"Arts, Media & Entertainment",3057,3057,3516,3315
22184299297,Mus Inc.,"Home, Garden & Living",3009,3008,3615,3316
86028994742,Turpis In Industries,"Arts, Media & Entertainment",2878,2878,3876,3317
26482181417,A Purus Duis Consulting,Technology & Professional Services,3344,3344,2945,3318
59737558413,Sem Foundation,"Home, Garden & Living",3007,3007,3619,3319
22900076341,In Consequat LLC,Technology & Professional Services,3178,3180,3280,3320
62241198510,Imperdiet Ltd,"Lifestyle, Health & Recreation",3316,3318,3006,3321
45162888565,Risus Morbi LLC,Technology & Professional Services,2979,2980,3681,3322
96809815920,Elit Elit PC,"Lifestyle, Health & Recreation",3123,3122,3404,3323
21635402842,Aliquet Phasellus Limited,"Fashion, Jewelry & Personal Goods",2955,2953,3742,3324
34861537920,Hendrerit A Ltd,"Arts, Media & Entertainment",3095,3095,3466,3325
39660241973,Facilisis Foundation,"Home, Garden & Living",3199,3199,3259,3326
32610248934,Mauris Non Dui PC,"Arts, Media & Entertainment",3280,3277,3104,3327
74845501802,Aliquam Ltd,"Lifestyle, Health & Recreation",3072,3072,3519,3328
88539253623,Purus Mauris Company,"Home, Garden & Living",3082,3082,3501,3329
30769373086,Massa Vestibulum Ltd,"Fashion, Jewelry & Personal Goods",3481,3481,2711,3330
35393810060,Arcu Eu Odio Limited,"Arts, Media & Entertainment",3059,3059,3555,3331
20352820919,A Feugiat Inc.,"Arts, Media & Entertainment",3122,3121,3434,3332
18924241226,At Velit Pellentesque Ltd,Technology & Professional Services,3549,3548,2581,3333
21437482304,Consectetuer Adipiscing Corp.,Technology & Professional Services,3115,3115,3449,3334
35385390863,Augue Id Ante Corporation,Technology & Professional Services,3208,3206,3266,3335
89097490915,Quisque Libero Lacus Limited,"Arts, Media & Entertainment",3235,3233,3213,3336
79925938654,Turpis Vitae Ltd,"Home, Garden & Living",3034,3037,3612,3337
91134280199,Metus In Industries,"Arts, Media & Entertainment",3193,3190,3301,3338
81621391082,Faucibus Id Corp.,"Arts, Media & Entertainment",3121,3123,3445,3339
46456684596,Mi Aliquam LLC,"Lifestyle, Health & Recreation",3064,3064,3562,3340
94780037589,Elit Company,"Home, Garden & Living",3367,3366,2958,3341
47694806294,Viverra PC,Technology & Professional Services,3159,3158,3378,3342
11700214701,Vitae Aliquam Incorporated,"Home, Garden & Living",3028,3028,3639,3343
83841202959,Risus Morbi Metus Institute,Technology & Professional Services,3239,3239,3226,3344
18923178136,Eu PC,Technology & Professional Services,3552,3552,2603,3345
23399930700,Elementum LLC,"Home, Garden & Living",3097,3102,3509,3346
62743415502,Auctor Vitae Aliquet Foundation,"Lifestyle, Health & Recreation",3443,3442,2825,3347
56210484274,Eget Odio PC,"Arts, Media & Entertainment",3245,3242,3227,3348
86596364671,Pellentesque Eget Foundation,"Home, Garden & Living",3055,3055,3608,3349
56683290946,Duis Mi LLC,"Fashion, Jewelry & Personal Goods",3413,3413,2899,3350
78957925458,Volutpat Nunc Institute,"Lifestyle, Health & Recreation",3244,3244,3240,3351
30772059502,Egestas Sed Pharetra Corp.,"Fashion, Jewelry & Personal Goods",3106,3111,3512,3352
72677672233,At Nisi Cum LLP,"Arts, Media & Entertainment",3096,3098,3542,3353
84124629080,Aliquet Corp.,Technology & Professional Services,3306,3309,3125,3354
19811355860,Senectus Et PC,"Lifestyle, Health & Recreation",3218,3218,3304,3355
82329510503,Orci Ut Institute,Technology & Professional Services,3782,3782,2188,3356
16771252290,Nonummy Corp.,"Lifestyle, Health & Recreation",3515,3514,2723,3357
80821603856,Semper Erat Inc.,Technology & Professional Services,3198,3198,3356,3358
20036872831,In Industries,"Arts, Media & Entertainment",3307,3307,3139,3359
61745157507,Scelerisque Neque Nullam Ltd,"Arts, Media & Entertainment",3348,3350,3058,3360
43698901053,Pede Praesent Ltd,"Home, Garden & Living",2964,2964,3832,3361
32897338221,Vel Nisl Incorporated,"Fashion, Jewelry & Personal Goods",3105,3104,3565,3362
66698569367,Arcu Nunc Mauris Institute,"Arts, Media & Entertainment",3141,3144,3492,3363
13822969155,Pellentesque Habitant Morbi Associates,"Home, Garden & Living",3074,3074,3629,3364
41334628518,Vitae Inc.,"Home, Garden & Living",3318,3317,3144,3365
41528904756,Molestie Dapibus Corporation,"Home, Garden & Living",3221,3223,3338,3366
26821904622,Donec Tempor Est Incorporated,"Arts, Media & Entertainment",3295,3295,3194,3367
93238141799,Integer Sem Corp.,"Arts, Media & Entertainment",3209,3210,3367,3368
71002398501,Ipsum Phasellus Corp.,"Lifestyle, Health & Recreation",3276,3276,3239,3369
23055736061,Pede Inc.,"Fashion, Jewelry & Personal Goods",3464,3464,2864,3370
67696830978,Ante Ipsum Primis Ltd,"Fashion, Jewelry & Personal Goods",3436,3434,2931,3371
47087026221,Mauris Sit LLC,"Lifestyle, Health & Recreation",3025,3024,3755,3372
28755901991,Dictum Proin Eget Corp.,Technology & Professional Services,3671,3669,2465,3373
48080014857,Mauris Eu Incorporated,"Fashion, Jewelry & Personal Goods",3278,3271,3258,3374
80398579170,Mauris Erat Industries,"Lifestyle, Health & Recreation",3374,3373,3066,3375
41081871148,Sem Consequat Institute,"Arts, Media & Entertainment",3465,3469,2881,3376
33150692829,Mauris LLP,"Lifestyle, Health & Recreation",3726,3727,2364,3377
44496269421,Nisl Sem Industries,"Fashion, Jewelry & Personal Goods",3646,3646,2526,3378
71703054238,Faucibus Orci Consulting,"Home, Garden & Living",3168,3169,3481,3379
63710240186,Mauris Integer Sem Foundation,"Lifestyle, Health & Recreation",3203,3201,3418,3380
84056759251,Non Arcu Industries,Technology & Professional Services,3525,3523,2775,3381
17496459532,Nonummy Ultricies Ornare Institute,"Lifestyle, Health & Recreation",3346,3345,3133,3382
52763133264,Dui Lectus LLP,"Fashion, Jewelry & Personal Goods",3226,3226,3372,3383
29687247370,Eget Metus PC,"Arts, Media & Entertainment",3063,3062,3700,3384
70734215049,Nonummy Fusce Corp.,"Arts, Media & Entertainment",3211,3214,3401,3385
19401969640,Vestibulum Accumsan Incorporated,"Arts, Media & Entertainment",3136,3134,3557,3386
29032530325,Duis Incorporated,"Fashion, Jewelry & Personal Goods",3354,3354,3127,3387
31323293694,Tellus Faucibus Leo Consulting,"Lifestyle, Health & Recreation",3471,3466,2900,3388
93732268717,Tellus Nunc Industries,Technology & Professional Services,3560,3559,2722,3389
25867961009,Lorem Ipsum LLP,"Arts, Media & Entertainment",3285,3285,3271,3390
63275985428,Cras Pellentesque Sed Corp.,"Home, Garden & Living",3014,3012,3822,3391
45865544833,Sociosqu Ad Associates,"Lifestyle, Health & Recreation",3427,3428,2997,3392
48791943923,Nunc Pulvinar LLC,"Lifestyle, Health & Recreation",3381,3379,3093,3393
27452194956,Dictum Magna Ut Foundation,Technology & Professional Services,3181,3181,3496,3394
82830773225,Eget Odio Inc.,"Home, Garden & Living",3160,3160,3539,3395
26710073457,Est Ac Limited,"Arts, Media & Entertainment",3395,3394,3074,3396
33223110337,Cras Lorem Lorem LLP,"Arts, Media & Entertainment",3266,3266,3340,3397
22629400849,Auctor Non Incorporated,Technology & Professional Services,3101,3100,3671,3398
91744809343,Egestas Associates,"Home, Garden & Living",3185,3184,3504,3399
45281821904,Mollis Nec Cursus Corp.,"Fashion, Jewelry & Personal Goods",3118,3120,3642,3400
53042661217,Proin Velit Sed Ltd,Technology & Professional Services,3322,3323,3241,3401
80338507655,Arcu Sed Incorporated,"Lifestyle, Health & Recreation",3124,3124,3646,3402
52985233084,Feugiat Non Inc.,"Lifestyle, Health & Recreation",3810,3811,2274,3403
68252147715,Eget Laoreet Posuere Incorporated,"Fashion, Jewelry & Personal Goods",3151,3150,3599,3404
88923351769,Malesuada Augue Ut Associates,"Fashion, Jewelry & Personal Goods",3633,3633,2637,3405
81578465750,Nec Cursus PC,"Arts, Media & Entertainment",3347,3349,3208,3406
21817899740,In Tincidunt Congue LLP,"Arts, Media & Entertainment",3345,3342,3219,3407
51291561948,Porttitor Interdum Associates,"Home, Garden & Living",3336,3343,3229,3408
51759688899,Duis Risus Corp.,"Fashion, Jewelry & Personal Goods",3241,3240,3428,3409
87898093521,Donec Felis Orci Corporation,Technology & Professional Services,3164,3166,3580,3410
74275445911,Sodales At Velit Industries,"Home, Garden & Living",3286,3287,3341,3411
60429241521,Vitae Corp.,"Lifestyle, Health & Recreation",3264,3264,3387,3412
83702983188,Nunc In PC,Technology & Professional Services,3387,3387,3156,3413
98006646106,Eget Magna Suspendisse Inc.,"Lifestyle, Health & Recreation",3188,3189,3554,3414
37228343237,Odio A Purus Associates,"Fashion, Jewelry & Personal Goods",3327,3327,3278,3415
43329313854,Rutrum Fusce Dolor LLP,"Lifestyle, Health & Recreation",3161,3161,3610,3416
75475421683,Magna Tellus Limited,"Fashion, Jewelry & Personal Goods",3487,3487,2962,3417
75239540583,Eget Volutpat Ornare Institute,"Fashion, Jewelry & Personal Goods",3127,3126,3685,3418
25607153542,Diam Sed Inc.,Technology & Professional Services,3618,3617,2705,3419
67437008946,Id Magna Institute,"Home, Garden & Living",3216,3216,3514,3420
35176289951,Risus Ltd,Technology & Professional Services,3246,3246,3458,3421
10364012396,Rutrum Justo Ltd,"Arts, Media & Entertainment",3328,3328,3296,3422
91633658840,Aenean Sed LLP,"Lifestyle, Health & Recreation",3177,3176,3600,3423
28175132063,Nec Urna Industries,"Arts, Media & Entertainment",3174,3174,3606,3424
67698554653,Dui Nec Tempus Inc.,"Fashion, Jewelry & Personal Goods",3314,3314,3328,3425
95276443363,Erat LLP,"Arts, Media & Entertainment",3247,3247,3462,3426
22615718811,Et Ipsum Cursus LLC,"Home, Garden & Living",3152,3151,3657,3427
32350997564,Donec Vitae Corporation,"Home, Garden & Living",3269,3269,3424,3428
33783846300,Suspendisse Non Leo LLP,"Fashion, Jewelry & Personal Goods",3155,3156,3654,3429
12037481016,Consequat LLP,"Lifestyle, Health & Recreation",3272,3270,3426,3430
86137100428,Orci Company,"Fashion, Jewelry & Personal Goods",3081,3081,3811,3431
56738437245,Fringilla Corp.,"Arts, Media & Entertainment",3408,3405,3165,3432
54785263912,Eget Tincidunt Dui LLC,"Lifestyle, Health & Recreation",3483,3482,3019,3433
82499272010,Sed Eget Foundation,"Lifestyle, Health & Recreation",3197,3197,3593,3434
77617184086,Metus Vivamus Euismod LLP,"Lifestyle, Health & Recreation",3625,3626,2738,3435
78914491399,Laoreet Lectus Quis Corporation,"Arts, Media & Entertainment",3183,3185,3625,3436
50940521426,Vel Est Tempor Ltd,Technology & Professional Services,3520,3520,2954,3437
13401263605,Fames Inc.,"Home, Garden & Living",3416,3416,3168,3438
30378250411,Congue Turpis Ltd,"Home, Garden & Living",3411,3411,3185,3439
82931448033,Augue Limited,Technology & Professional Services,3391,3391,3225,3440
25027599663,Pharetra Nam Ac Limited,"Arts, Media & Entertainment",3259,3260,3493,3441
96885194635,Sociis Ltd,"Home, Garden & Living",3551,3551,2913,3442
44779505142,Mauris Integer Corp.,"Arts, Media & Entertainment",3429,3429,3160,3443
55883454313,Vitae Orci Phasellus Foundation,"Lifestyle, Health & Recreation",3620,3619,2782,3444
20073297612,Dictum Sapien Associates,"Arts, Media & Entertainment",3430,3430,3161,3445
81572403264,Interdum Curabitur Company,"Arts, Media & Entertainment",3442,3443,3137,3446
48687812209,Eu Enim LLC,"Fashion, Jewelry & Personal Goods",3568,3567,2890,3447
15514494276,Et Euismod Et Associates,Technology & Professional Services,3304,3308,3415,3448
12296390138,Montes Nascetur Ridiculus Industries,"Home, Garden & Living",3270,3275,3489,3449
93113531213,Non Enim Mauris Ltd,"Arts, Media & Entertainment",3692,3692,2653,3450
51221851716,Ac Turpis Inc.,"Home, Garden & Living",3086,3090,3862,3451
69655310165,Elit Pharetra Corporation,"Arts, Media & Entertainment",3385,3385,3269,3452
51266227991,Neque Et Corp.,Technology & Professional Services,3588,3590,2863,3453
60318067173,Placerat Velit LLP,"Fashion, Jewelry & Personal Goods",3325,3325,3391,3454
46185641901,Velit Limited,"Lifestyle, Health & Recreation",3498,3498,3050,3455
22298599094,Hymenaeos Ltd,"Lifestyle, Health & Recreation",3405,3408,3233,3456
69327757904,Ut Ipsum Ltd,"Home, Garden & Living",3230,3228,3589,3457
93679380088,Quam Dignissim Corporation,"Lifestyle, Health & Recreation",3173,3172,3702,3458
53284532894,Dignissim Lacus Foundation,"Arts, Media & Entertainment",3555,3553,2941,3459
63735907565,Vel Associates,"Lifestyle, Health & Recreation",3572,3572,2908,3460
68398369995,Ultricies Ornare Consulting,"Lifestyle, Health & Recreation",3388,3389,3275,3461
72886104064,Sit Amet LLC,"Arts, Media & Entertainment",3236,3235,3581,3462
87852604073,Dolor Elit Company,"Arts, Media & Entertainment",3231,3231,3597,3463
94848797110,Nunc Incorporated,Technology & Professional Services,3537,3537,2987,3464
55948741668,Orci Sem Eget Foundation,"Arts, Media & Entertainment",3309,3305,3447,3465
11208869091,Cursus Et Eros LLP,"Arts, Media & Entertainment",3249,3249,3564,3466
78004123157,Nisl Nulla Corporation,"Fashion, Jewelry & Personal Goods",3175,3175,3713,3467
78980774216,Laoreet Company,"Lifestyle, Health & Recreation",3777,3776,2516,3468
43861698351,Commodo PC,Technology & Professional Services,3438,3438,3197,3469
37023533442,Ipsum Nunc Foundation,"Home, Garden & Living",3277,3281,3520,3470
24462154202,Cursus Limited,"Arts, Media & Entertainment",3192,3193,3693,3471
72692207411,Suspendisse PC,"Lifestyle, Health & Recreation",3222,3222,3636,3472
81231087950,Quisque Tincidunt Incorporated,"Arts, Media & Entertainment",3251,3250,3582,3473
33043043175,Ipsum Leo Consulting,"Arts, Media & Entertainment",3565,3564,2960,3474
16019856141,Dignissim Magna Incorporated,"Arts, Media & Entertainment",3271,3273,3545,3475
93936767851,Orci Phasellus Corporation,Technology & Professional Services,3441,3441,3210,3476
91760304024,Morbi Accumsan Corporation,"Arts, Media & Entertainment",3421,3419,3254,3477
63286055458,Maecenas Libero Est Inc.,"Arts, Media & Entertainment",3289,3289,3521,3478
34978524408,Nec Imperdiet LLP,"Home, Garden & Living",3228,3229,3648,3479
93090969200,Eu Eleifend Nec PC,"Arts, Media & Entertainment",3194,3194,3721,3480
79989686193,Lorem Ipsum Dolor LLC,"Home, Garden & Living",3350,3348,3419,3481
79390569536,Montes Nascetur Ridiculus Associates,"Lifestyle, Health & Recreation",3349,3347,3429,3482
80269355438,Massa Non Ante Foundation,"Arts, Media & Entertainment",3410,3410,3311,3483
31570712230,Pharetra Nam Corporation,"Lifestyle, Health & Recreation",3317,3316,3498,3484
94793419942,Eget LLP,Technology & Professional Services,3424,3424,3287,3485
44010826572,Eros Non LLP,"Home, Garden & Living",3303,3303,3531,3486
86441371046,Malesuada Fames Ltd,Technology & Professional Services,3512,3511,3116,3487
52351039440,Luctus Institute,"Arts, Media & Entertainment",3378,3378,3383,3488
73205504863,At Pretium Limited,"Arts, Media & Entertainment",3833,3833,2474,3489
61547674285,Ipsum Suspendisse PC,Technology & Professional Services,3676,3676,2789,3490
75393511037,Curabitur Dictum Phasellus LLC,"Fashion, Jewelry & Personal Goods",3434,3436,3273,3491
31861513116,Parturient Montes Nascetur Corp.,"Arts, Media & Entertainment",3356,3359,3431,3492
46050001394,Donec Associates,"Home, Garden & Living",3310,3310,3526,3493
16432242544,Aliquam Eros Company,"Arts, Media & Entertainment",3363,3364,3421,3494
83901679234,Mauris Quis Turpis Associates,"Home, Garden & Living",3214,3212,3723,3495
19687751331,Nulla Semper LLP,"Fashion, Jewelry & Personal Goods",3182,3183,3785,3496
13900607417,Pharetra Institute,"Arts, Media & Entertainment",3158,3159,3834,3497
83147343261,Porttitor Scelerisque Neque Ltd,"Fashion, Jewelry & Personal Goods",3135,3136,3886,3498
17028880379,Sem Mollis Inc.,"Home, Garden & Living",3273,3272,3616,3499
34322206505,Ac Mattis Semper Corporation,"Lifestyle, Health & Recreation",3433,3432,3299,3500
53872162300,Cursus LLP,"Fashion, Jewelry & Personal Goods",3394,3395,3375,3501
86670100004,Ipsum Suspendisse Non Ltd,"Home, Garden & Living",3260,3257,3649,3502
53769121598,Nullam Corp.,"Home, Garden & Living",3558,3558,3053,3503
88475230162,Urna Nullam Lobortis Institute,"Home, Garden & Living",3364,3365,3441,3504
40819329493,Cursus PC,"Fashion, Jewelry & Personal Goods",3250,3253,3670,3505
64581529554,Tempus Eu Ligula Inc.,Technology & Professional Services,3802,3803,2570,3506
73668345880,Tincidunt Nunc Ac LLP,"Home, Garden & Living",3372,3372,3432,3507
20131680113,Adipiscing Lacus Ut Corp.,"Home, Garden & Living",3287,3284,3605,3508
62040991164,Augue Inc.,"Arts, Media & Entertainment",3242,3245,3692,3509
79485323533,Libero Donec Associates,"Arts, Media & Entertainment",3402,3402,3376,3510
86201172910,Ut Semper Incorporated,Technology & Professional Services,3492,3491,3207,3511
43078277216,Fermentum Risus Ltd,"Home, Garden & Living",3320,3320,3552,3512
17189523131,Fusce Aliquet Limited,Technology & Professional Services,3511,3512,3170,3513
93072925663,Consequat Dolor Corp.,"Lifestyle, Health & Recreation",3265,3265,3664,3514
92516609757,Consectetuer Ltd,"Arts, Media & Entertainment",3473,3472,3253,3515
61813633430,Nunc Pulvinar Arcu Foundation,"Fashion, Jewelry & Personal Goods",3281,3279,3641,3516
99445005261,Nibh Vulputate Incorporated,"Home, Garden & Living",3262,3261,3679,3517
85684792409,Risus Donec Nibh LLC,"Lifestyle, Health & Recreation",3223,3224,3756,3518
30749472383,Pharetra Sed Foundation,"Arts, Media & Entertainment",3292,3291,3622,3519
60061618643,Aliquet Vel Vulputate Ltd,Technology & Professional Services,3200,3200,3805,3520
23455487331,Egestas PC,"Lifestyle, Health & Recreation",3423,3423,3360,3521
92594285117,Donec Foundation,Technology & Professional Services,3319,3319,3569,3522
95566253960,Fermentum Metus Inc.,"Home, Garden & Living",3268,3267,3674,3523
25103945596,Gravida Sagittis Limited,Technology & Professional Services,3337,3336,3538,3524
98649976089,Egestas Fusce Industries,"Home, Garden & Living",3444,3444,3324,3525
52375327397,A Purus Consulting,"Fashion, Jewelry & Personal Goods",3205,3204,3804,3526
63265918828,Diam At Pretium Inc.,"Lifestyle, Health & Recreation",3274,3280,3663,3527
86416078719,Quisque Porttitor Associates,"Home, Garden & Living",3213,3213,3792,3528
61867784114,Pharetra Felis Limited,"Lifestyle, Health & Recreation",3564,3565,3099,3529
35883675055,Tellus Justo Institute,"Arts, Media & Entertainment",3461,3463,3306,3530
97465686404,Ipsum Non Arcu Consulting,Technology & Professional Services,3460,3460,3314,3531
50446282783,Volutpat Ornare Corp.,"Home, Garden & Living",3248,3248,3738,3532
16334864366,Curabitur LLP,"Lifestyle, Health & Recreation",3335,3335,3566,3533
75079342466,Turpis Non Associates,"Arts, Media & Entertainment",3330,3330,3577,3534
52379134298,Eu Foundation,Technology & Professional Services,3323,3322,3592,3535
78563968372,Lorem Incorporated,"Fashion, Jewelry & Personal Goods",3458,3458,3335,3536
69030600619,Sit Inc.,"Home, Garden & Living",3380,3381,3494,3537
70356719692,Nunc Lectus Associates,"Arts, Media & Entertainment",3396,3396,3470,3538
33076003501,Sem Eget Limited,"Home, Garden & Living",3455,3456,3352,3539
16199101110,Et Magnis Dis Corporation,"Arts, Media & Entertainment",3294,3294,3675,3540
87233538213,Posuere At Incorporated,"Arts, Media & Entertainment",3305,3306,3656,3541
71305424518,Vivamus Molestie Corporation,"Arts, Media & Entertainment",3389,3390,3491,3542
71118957552,Suscipit Nonummy Consulting,"Lifestyle, Health & Recreation",3362,3362,3546,3543
60654402457,Lacus Quisque Imperdiet Institute,"Arts, Media & Entertainment",3371,3369,3534,3544
37419282352,Tristique Senectus Corp.,"Arts, Media & Entertainment",3368,3368,3541,3545
42497793396,Nunc Id LLP,"Fashion, Jewelry & Personal Goods",3404,3403,3473,3546
87931914124,Felis Nulla Foundation,Technology & Professional Services,3360,3360,3560,3547
77834689084,Gravida Sagittis Duis Foundation,"Home, Garden & Living",3482,3483,3316,3548
47124041214,Congue Turpis Institute,"Lifestyle, Health & Recreation",3447,3445,3390,3549
37802138328,Nunc Ullamcorper Velit Corporation,Technology & Professional Services,3415,3414,3455,3550
73046248717,Donec Fringilla Limited,"Arts, Media & Entertainment",3326,3326,3632,3551
43590095676,Fermentum Fermentum Corporation,"Lifestyle, Health & Recreation",3521,3521,3246,3552
54171624416,Dolor Corporation,Technology & Professional Services,3386,3386,3518,3553
90058425621,Pellentesque Ut Associates,Technology & Professional Services,3290,3290,3710,3554
33084912594,Sed Nulla Ante Foundation,"Lifestyle, Health & Recreation",3604,3603,3084,3555
80551528183,Ac Ipsum LLC,"Home, Garden & Living",3291,3292,3708,3556
62379298278,Vitae Purus Industries,"Fashion, Jewelry & Personal Goods",3343,3346,3604,3557
10385011947,Tellus Foundation,"Arts, Media & Entertainment",3342,3339,3623,3558
18135911314,Ac Arcu Inc.,"Arts, Media & Entertainment",3600,3600,3113,3559
54528548574,Consectetuer Rhoncus Institute,"Lifestyle, Health & Recreation",3545,3546,3222,3560
65345485504,Elementum Dui Limited,"Arts, Media & Entertainment",3418,3418,3478,3561
41544083714,Convallis Dolor Foundation,"Fashion, Jewelry & Personal Goods",3426,3427,3464,3562
22090875218,Aliquam Auctor Institute,"Fashion, Jewelry & Personal Goods",3469,3465,3395,3563
79572520294,Viverra LLC,"Home, Garden & Living",3357,3355,3617,3564
25349409223,Penatibus Et Ltd,"Lifestyle, Health & Recreation",3311,3313,3705,3565
69381712591,Primis In LLC,"Home, Garden & Living",3352,3352,3647,3566
12711807314,Senectus Foundation,"Lifestyle, Health & Recreation",3707,3708,2939,3567
62854571289,Nibh Quisque Institute,"Fashion, Jewelry & Personal Goods",3759,3759,2839,3568
28034382339,Elit Pretium Industries,"Arts, Media & Entertainment",3622,3622,3114,3569
28504709344,Consequat Corp.,"Fashion, Jewelry & Personal Goods",3785,3785,2796,3570
78150905875,Pharetra Nibh Consulting,"Fashion, Jewelry & Personal Goods",3626,3625,3122,3571
98162727883,Enim Diam Corporation,"Arts, Media & Entertainment",3627,3628,3119,3572
49867386620,A Malesuada Id Ltd,"Arts, Media & Entertainment",3267,3268,3840,3573
20877828351,Semper Dui LLP,"Lifestyle, Health & Recreation",3399,3399,3579,3574
86269318582,Mauris Ut Mi Corporation,"Fashion, Jewelry & Personal Goods",3477,3477,3425,3575
71376104230,Aliquam Rutrum Company,"Arts, Media & Entertainment",3751,3751,2884,3576
29917527785,Ullamcorper Corp.,"Arts, Media & Entertainment",3495,3494,3397,3577
95720895543,Amet Dapibus Corp.,"Arts, Media & Entertainment",3497,3497,3396,3578
64033337945,In Lobortis Limited,"Home, Garden & Living",3365,3367,3659,3579
31471800699,Egestas Aliquam Corp.,"Lifestyle, Health & Recreation",3570,3571,3256,3580
33967237843,Commodo At Corp.,"Lifestyle, Health & Recreation",3499,3500,3400,3581
90909339288,A Arcu Sed Corporation,Technology & Professional Services,3508,3508,3388,3582
78585563847,Hendrerit Industries,"Home, Garden & Living",3351,3351,3707,3583
34268093162,Mi Felis Adipiscing Corp.,Technology & Professional Services,3358,3357,3703,3584
88987269041,Commodo Tincidunt Corp.,"Home, Garden & Living",3312,3311,3807,3585
93346068525,Ipsum Curabitur Institute,"Lifestyle, Health & Recreation",3300,3299,3831,3586
70401028896,Suspendisse Company,"Home, Garden & Living",3279,3278,3874,3587
19770897283,Risus Duis Inc.,"Arts, Media & Entertainment",3401,3401,3635,3588
18714755910,Feugiat Non Lobortis Ltd,"Fashion, Jewelry & Personal Goods",3397,3397,3644,3589
75517762890,Cursus Et Corporation,"Lifestyle, Health & Recreation",3332,3333,3773,3590
83159206648,At Lacus LLC,"Fashion, Jewelry & Personal Goods",3403,3406,3631,3591
22812667768,Feugiat Tellus Lorem Ltd,"Arts, Media & Entertainment",3446,3447,3548,3592
74752814665,Aliquam Erat Volutpat Associates,"Lifestyle, Health & Recreation",3539,3539,3368,3593
98065308169,Magna A Corp.,Technology & Professional Services,3507,3507,3438,3594
51420872378,Facilisis Suspendisse Corporation,"Arts, Media & Entertainment",3462,3461,3533,3595
87451351990,Feugiat Sed Nec Foundation,"Lifestyle, Health & Recreation",3682,3685,3095,3596
75726900852,Erat Semper Rutrum Corporation,"Home, Garden & Living",3466,3468,3528,3597
85414931149,Lorem Limited,"Home, Garden & Living",3361,3361,3744,3598
26465868807,Volutpat Ornare LLC,"Lifestyle, Health & Recreation",3484,3485,3506,3599
11470993597,Sed Associates,"Fashion, Jewelry & Personal Goods",3619,3620,3237,3600
86145109204,Non Quam Incorporated,"Lifestyle, Health & Recreation",3580,3581,3320,3601
76541333930,Tempus Scelerisque Corporation,"Arts, Media & Entertainment",3743,3743,2998,3602
62711420968,Volutpat Ornare LLP,"Fashion, Jewelry & Personal Goods",3544,3542,3398,3603
38864597115,Convallis Est Foundation,Technology & Professional Services,3536,3535,3417,3604
39354019183,Ac Risus Morbi Industries,"Home, Garden & Living",3519,3519,3450,3605
92068365770,Magnis Dis Parturient Foundation,"Lifestyle, Health & Recreation",3540,3540,3427,3606
25963848680,Vitae Foundation,"Lifestyle, Health & Recreation",3366,3363,3780,3607
68889885215,Faucibus Lectus A Inc.,"Arts, Media & Entertainment",3664,3664,3184,3608
83113618128,Cras Sed Incorporated,"Home, Garden & Living",3472,3474,3567,3609
96381568282,Quisque LLC,"Lifestyle, Health & Recreation",3788,3788,2938,3610
87070619541,Enim Industries,"Arts, Media & Entertainment",3529,3530,3457,3611
31840064969,Suspendisse Dui Institute,"Lifestyle, Health & Recreation",3575,3574,3369,3612
98003940525,Sapien LLC,"Lifestyle, Health & Recreation",3313,3312,3893,3613
26025787253,Felis Donec Limited,"Home, Garden & Living",3603,3604,3313,3614
80132164373,Integer Sem Corporation,"Home, Garden & Living",3505,3506,3513,3615
55702861356,Donec Feugiat Metus Associates,"Lifestyle, Health & Recreation",3437,3437,3651,3616
87566366459,Amet Foundation,"Lifestyle, Health & Recreation",3474,3475,3578,3617
14955471775,A Associates,"Lifestyle, Health & Recreation",3412,3412,3704,3618
96545108198,Eget PC,Technology & Professional Services,3428,3426,3684,3619
87759704856,Neque Vitae LLC,"Arts, Media & Entertainment",3451,3451,3638,3620
85350608395,Cursus Et Magna PC,"Lifestyle, Health & Recreation",3383,3382,3776,3621
29166700531,Ac Eleifend PC,Technology & Professional Services,3767,3766,3009,3622
23388327799,Id Enim Corp.,"Home, Garden & Living",3563,3562,3420,3623
57862801023,Nisi A Odio Associates,"Lifestyle, Health & Recreation",3596,3596,3355,3624
32598536052,Feugiat Lorem Ipsum Industries,"Home, Garden & Living",3420,3420,3709,3625
94449176518,Erat Vel Corp.,"Home, Garden & Living",3654,3655,3243,3626
94601812317,Ornare Lectus Ltd,"Arts, Media & Entertainment",3579,3580,3394,3627
78080443264,Nullam Enim Sed Incorporated,"Home, Garden & Living",3844,3844,2866,3628
13803154777,Lorem Auctor LLC,"Arts, Media & Entertainment",3594,3594,3370,3629
34262348703,Mattis Semper Dui Foundation,Technology & Professional Services,3550,3550,3465,3630
98596134379,Nostra Per Limited,"Arts, Media & Entertainment",3432,3433,3701,3631
81325516978,Auctor Velit Industries,"Fashion, Jewelry & Personal Goods",3768,3768,3031,3632
17866919544,Orci Sem LLP,"Arts, Media & Entertainment",3801,3800,2969,3633
12404803031,Porttitor Scelerisque Neque Limited,"Arts, Media & Entertainment",3644,3644,3290,3634
18112900644,Lacus Etiam Institute,Technology & Professional Services,3538,3538,3505,3635
50142652861,Vel Lectus Cum Inc.,"Lifestyle, Health & Recreation",3453,3453,3677,3636
36494504426,Metus Aliquam Industries,"Arts, Media & Entertainment",3463,3462,3661,3637
34440496342,Mauris Nulla Integer Industries,"Lifestyle, Health & Recreation",3419,3421,3751,3638
35475436187,Orci Lacus Vestibulum Institute,"Fashion, Jewelry & Personal Goods",3624,3624,3347,3639
70306626982,Posuere Cubilia Curae Institute,"Lifestyle, Health & Recreation",3454,3454,3688,3640
72300821269,Sem Egestas Blandit Consulting,Technology & Professional Services,3440,3440,3717,3641
48952879715,Mauris Sagittis Placerat Consulting,"Fashion, Jewelry & Personal Goods",3561,3563,3474,3642
66499078575,Enim Sed Corp.,"Home, Garden & Living",3546,3545,3508,3643
33654290585,Lacus Pede Corporation,"Lifestyle, Health & Recreation",3370,3371,3858,3644
72436557937,Dui Cras Consulting,"Fashion, Jewelry & Personal Goods",3571,3570,3459,3645
95149235949,Et Nunc Inc.,"Arts, Media & Entertainment",3382,3383,3838,3646
69726000438,Auctor Velit Eget Corp.,"Arts, Media & Entertainment",3517,3515,3575,3647
72762528640,Sit Amet Risus Associates,"Lifestyle, Health & Recreation",3535,3536,3540,3648
40836710601,Velit Eu Sem Foundation,"Lifestyle, Health & Recreation",3491,3492,3634,3649
51163531045,Turpis In LLP,"Arts, Media & Entertainment",3557,3556,3511,3650
32196789327,Vestibulum Accumsan Neque Industries,"Arts, Media & Entertainment",3586,3585,3456,3651
85151559066,Imperdiet Inc.,"Lifestyle, Health & Recreation",3445,3448,3735,3652
39247174689,Vulputate Ullamcorper Magna LLC,"Home, Garden & Living",3475,3473,3683,3653
29317230624,Ligula Elit Corp.,"Home, Garden & Living",3467,3471,3695,3654
68275485458,Morbi Sit Inc.,"Arts, Media & Entertainment",3522,3522,3590,3655
18064155652,Lectus Justo Ltd,"Home, Garden & Living",3670,3671,3294,3656
28855451293,Purus Nullam Scelerisque Corporation,"Fashion, Jewelry & Personal Goods",3584,3588,3467,3657
36105169298,Amet Diam Company,"Lifestyle, Health & Recreation",3602,3602,3437,3658
72780061668,Mattis Velit Justo Company,"Arts, Media & Entertainment",3784,3784,3079,3659
17978936678,Congue A Aliquet Ltd,"Lifestyle, Health & Recreation",3638,3638,3371,3660
76191648069,Cras PC,"Lifestyle, Health & Recreation",3574,3575,3507,3661
71729809380,In Consectetuer Ipsum Foundation,"Arts, Media & Entertainment",3566,3566,3527,3662
40711681376,Lorem Eu Consulting,"Lifestyle, Health & Recreation",3548,3549,3563,3663
35381098677,Egestas Corp.,"Lifestyle, Health & Recreation",3384,3384,3905,3664
69202616607,Sit Amet Consectetuer Incorporated,"Lifestyle, Health & Recreation",3683,3682,3312,3665
49715970676,Lobortis Quis Foundation,"Home, Garden & Living",3542,3543,3594,3666
42940970845,Erat Eget Ipsum Industries,Technology & Professional Services,3632,3632,3416,3667
87211363921,Mauris Non PC,"Fashion, Jewelry & Personal Goods",3695,3695,3291,3668
82882476966,Montes Nascetur Ltd,Technology & Professional Services,3722,3723,3242,3669
75783319472,Non Leo Foundation,"Home, Garden & Living",3510,3509,3673,3670
42724910979,Vitae Nibh Donec Institute,"Lifestyle, Health & Recreation",3480,3480,3733,3671
20213430114,Dui Fusce Incorporated,"Home, Garden & Living",3547,3547,3602,3672
18126169589,Elit A PC,"Home, Garden & Living",3583,3582,3532,3673
59477140425,Amet Orci Ut LLP,"Lifestyle, Health & Recreation",3534,3534,3637,3674
85363843407,Lectus Ante Corporation,"Arts, Media & Entertainment",3513,3516,3680,3675
65453072511,Vehicula Aliquet LLC,Technology & Professional Services,3749,3749,3215,3676
88106318416,Ac Mi LLC,"Fashion, Jewelry & Personal Goods",3607,3607,3499,3677
13067850740,Felis Eget Industries,"Home, Garden & Living",3409,3409,3895,3678
89029397913,Elit Incorporated,"Fashion, Jewelry & Personal Goods",3694,3694,3327,3679
79786100790,Consectetuer Adipiscing PC,"Arts, Media & Entertainment",3573,3573,3576,3680
69936752900,Neque Morbi Quis Industries,"Arts, Media & Entertainment",3406,3407,3909,3681
34377873597,Ridiculus Mus Corp.,"Home, Garden & Living",3514,3513,3698,3682
74353814311,Accumsan Interdum Libero Associates,Technology & Professional Services,3506,3505,3714,3683
59547553329,Phasellus Elit Consulting,"Home, Garden & Living",3452,3452,3824,3684
16315736437,Id Mollis Limited,Technology & Professional Services,3509,3510,3712,3685
50623435704,Fusce Mollis Inc.,"Fashion, Jewelry & Personal Goods",3616,3618,3500,3686
95013376739,Tristique Aliquet Phasellus Corporation,"Arts, Media & Entertainment",3459,3459,3828,3687
61333423388,Ligula Nullam LLP,"Arts, Media & Entertainment",3592,3592,3570,3688
59873499253,Velit Associates,"Fashion, Jewelry & Personal Goods",3503,3502,3750,3689
25619276404,Blandit Mattis PC,Technology & Professional Services,3576,3576,3609,3690
30571576650,Tellus Sem Mollis Institute,"Home, Garden & Living",3661,3661,3440,3691
42399949944,Interdum Ligula Institute,"Arts, Media & Entertainment",3478,3478,3806,3692
10922217544,Justo Associates,"Fashion, Jewelry & Personal Goods",3744,3744,3276,3693
99053443481,Nunc Ac Incorporated,"Home, Garden & Living",3524,3524,3716,3694
12353567572,Quam Curabitur Company,"Arts, Media & Entertainment",3609,3609,3547,3695
96336573256,Sit Industries,"Arts, Media & Entertainment",3838,3838,3091,3696
79890957413,Sed Orci Corp.,"Fashion, Jewelry & Personal Goods",3553,3554,3669,3697
30440941247,Sit Amet Company,Technology & Professional Services,3610,3610,3561,3698
15093767253,Arcu Curabitur Limited,"Arts, Media & Entertainment",3652,3652,3484,3699
74990074874,Non LLP,"Lifestyle, Health & Recreation",3599,3599,3591,3700
94380689142,Aliquet Ltd,"Lifestyle, Health & Recreation",3611,3611,3568,3701
83137200038,Nisi Nibh LLP,"Lifestyle, Health & Recreation",3494,3495,3810,3702
55306852930,Pede Nunc LLC,"Arts, Media & Entertainment",3606,3606,3588,3703
36436872469,Dui Cras Pellentesque Corporation,"Lifestyle, Health & Recreation",3526,3527,3748,3704
64464998822,Vitae Semper LLP,"Lifestyle, Health & Recreation",3476,3476,3849,3705
68977708301,Amet Nulla Incorporated,"Fashion, Jewelry & Personal Goods",3479,3479,3846,3706
36758807067,Pellentesque Ut Ipsum Institute,"Fashion, Jewelry & Personal Goods",3829,3829,3148,3707
97164071366,Augue Sed Institute,Technology & Professional Services,3593,3593,3626,3708
22168725907,Sed Neque Limited,"Home, Garden & Living",3648,3649,3522,3709
78207255639,Vitae Institute,"Home, Garden & Living",3502,3503,3820,3710
97748234104,Vitae Diam PC,"Home, Garden & Living",3516,3517,3796,3711
31202988152,Justo Eu Corporation,"Home, Garden & Living",3637,3637,3556,3712
51493378591,Fusce Aliquet Magna LLC,"Lifestyle, Health & Recreation",3523,3525,3783,3713
38251474462,Ipsum Dolor LLC,"Fashion, Jewelry & Personal Goods",3634,3634,3573,3714
41594644510,Dolor Incorporated,"Lifestyle, Health & Recreation",3556,3557,3737,3715
70498641647,Elit Corporation,"Home, Garden & Living",3488,3488,3879,3716
57508813253,Vivamus Non LLC,"Home, Garden & Living",3641,3641,3574,3717
82851440438,Egestas Blandit Institute,"Lifestyle, Health & Recreation",3518,3518,3826,3718
13248824465,Convallis Erat Limited,"Home, Garden & Living",3612,3612,3640,3719
81271508783,Auctor Mauris PC,"Home, Garden & Living",3533,3533,3802,3720
14796275705,In Tincidunt Congue Institute,"Home, Garden & Living",3559,3560,3753,3721
20415536115,Nibh Phasellus Nulla Industries,"Home, Garden & Living",3532,3532,3809,3722
59739116052,Ultrices Mauris Foundation,"Home, Garden & Living",3645,3645,3584,3723
61968317984,Ante Ipsum Ltd,"Lifestyle, Health & Recreation",3807,3807,3263,3724
66650274915,Gravida Praesent Industries,"Home, Garden & Living",3543,3544,3791,3725
92836597532,A Magna Lorem Ltd,"Home, Garden & Living",3500,3499,3888,3726
35979239098,Pede Nunc Sed Incorporated,"Lifestyle, Health & Recreation",3501,3501,3896,3727
15704713883,Faucibus Ut Nulla Ltd,"Lifestyle, Health & Recreation",3719,3719,3461,3728
66690609706,Non Corp.,"Arts, Media & Entertainment",3673,3673,3553,3729
25019506172,Proin Vel Inc.,Technology & Professional Services,3863,3863,3174,3730
48294754935,Placerat Eget Institute,"Home, Garden & Living",3587,3587,3726,3731
75522897148,Vestibulum Lorem Inc.,Technology & Professional Services,3776,3777,3354,3732
52618285087,Fusce Diam Incorporated,"Arts, Media & Entertainment",3531,3531,3847,3733
65741331791,Tellus Faucibus Inc.,"Arts, Media & Entertainment",3527,3529,3857,3734
58317155743,Ante Dictum Associates,"Fashion, Jewelry & Personal Goods",3562,3561,3793,3735
62807084929,Pede Ac Urna LLP,Technology & Professional Services,3666,3666,3587,3736
66302484683,Accumsan PC,"Lifestyle, Health & Recreation",3659,3659,3601,3737
60152133722,Amet Ornare Company,"Lifestyle, Health & Recreation",3613,3613,3694,3738
33754604709,Nullam Suscipit Ltd,"Lifestyle, Health & Recreation",3716,3716,3497,3739
90477374366,Montes Limited,"Home, Garden & Living",3653,3653,3624,3740
23600565711,Ut Nulla Ltd,"Home, Garden & Living",3660,3660,3614,3741
27674806739,Tortor Nibh Industries,"Arts, Media & Entertainment",3608,3608,3727,3742
17429613585,Vel Convallis Company,Technology & Professional Services,3589,3586,3768,3743
20774839004,Laoreet Lectus Limited,"Lifestyle, Health & Recreation",3657,3657,3630,3744
70417126663,Fermentum Fermentum Arcu Industries,"Arts, Media & Entertainment",3601,3601,3743,3745
60470829287,Phasellus Nulla Incorporated,"Arts, Media & Entertainment",3567,3569,3812,3746
20450624188,Nullam Nisl Maecenas PC,"Fashion, Jewelry & Personal Goods",3554,3555,3839,3747
37750618930,Consectetuer Ipsum PC,"Arts, Media & Entertainment",3630,3630,3691,3748
50921929340,Aliquet Odio Ltd,"Arts, Media & Entertainment",3804,3804,3344,3749
43168490529,Quis Diam PC,"Arts, Media & Entertainment",3528,3526,3898,3750
31770481079,Enim Diam Associates,"Lifestyle, Health & Recreation",3577,3577,3800,3751
17294075449,In Faucibus Incorporated,"Arts, Media & Entertainment",3773,3773,3413,3752
63442187477,Vestibulum Lorem Corp.,"Arts, Media & Entertainment",3635,3635,3697,3753
48185232979,At Limited,"Home, Garden & Living",3650,3650,3672,3754
48883076820,Enim Consequat Corporation,Technology & Professional Services,3597,3598,3778,3755
67138995619,Pede Cum Inc.,"Arts, Media & Entertainment",3617,3616,3741,3756
64523396248,Sapien Nunc Pulvinar Foundation,"Lifestyle, Health & Recreation",3581,3579,3815,3757
60196678179,Ac Fermentum Associates,Technology & Professional Services,3762,3762,3453,3758
93658191062,Ridiculus Mus Industries,Technology & Professional Services,3578,3578,3830,3759
96458464738,Non Luctus Sit Incorporated,"Fashion, Jewelry & Personal Goods",3628,3627,3732,3760
55670302206,Nulla Donec Ltd,"Home, Garden & Living",3595,3595,3803,3761
65600957125,Orci Luctus Inc.,"Arts, Media & Entertainment",3639,3640,3722,3762
99272161508,Mauris Molestie Inc.,"Arts, Media & Entertainment",3585,3584,3833,3763
71616292306,Ipsum Porta Incorporated,"Arts, Media & Entertainment",3629,3629,3749,3764
58409055337,Commodo Auctor Velit Corporation,"Lifestyle, Health & Recreation",3699,3698,3611,3765
54292545196,Et Pede Inc.,"Lifestyle, Health & Recreation",3865,3865,3281,3766
46666227102,Nulla Semper Corp.,"Home, Garden & Living",3615,3615,3781,3767
12374632228,Posuere Enim Incorporated,"Arts, Media & Entertainment",3787,3787,3442,3768
93095540883,Ut Molestie Incorporated,"Lifestyle, Health & Recreation",3590,3591,3836,3769
32821775372,Mollis Phasellus Libero Inc.,"Home, Garden & Living",3738,3738,3544,3770
85717338751,Convallis Company,"Lifestyle, Health & Recreation",3677,3677,3666,3771
38700038932,Etiam Bibendum Industries,"Home, Garden & Living",3672,3672,3676,3772
96323146873,A Facilisis Limited,"Home, Garden & Living",3739,3739,3551,3773
61243536058,Facilisis Corporation,"Lifestyle, Health & Recreation",3730,3730,3571,3774
58786009971,Tortor Integer Aliquam Incorporated,"Lifestyle, Health & Recreation",3636,3636,3764,3775
31468420954,Non Hendrerit Id LLC,Technology & Professional Services,3693,3693,3653,3776
64931596817,Malesuada Fringilla Incorporated,"Arts, Media & Entertainment",3614,3614,3813,3777
29413883988,Commodo Auctor Incorporated,"Arts, Media & Entertainment",3679,3679,3687,3778
71922512366,Ligula Consectetuer Institute,"Fashion, Jewelry & Personal Goods",3691,3691,3667,3779
30203637111,Orci Luctus LLP,"Lifestyle, Health & Recreation",3712,3712,3628,3780
67223193770,Proin LLP,"Home, Garden & Living",3734,3734,3586,3781
91374143276,Nunc Ullamcorper Associates,"Home, Garden & Living",3631,3631,3801,3782
82417485604,Aenean Massa Corporation,"Home, Garden & Living",3669,3670,3728,3783
52536215795,Non Cursus Foundation,"Home, Garden & Living",3703,3703,3668,3784
43892584139,Molestie Dapibus Ligula Corp.,"Lifestyle, Health & Recreation",3725,3725,3627,3785
11215815177,Scelerisque Scelerisque Ltd,"Home, Garden & Living",3658,3658,3761,3786
31029589578,Semper Et Lacinia Company,"Fashion, Jewelry & Personal Goods",3647,3647,3789,3787
95475413965,Nisl Quisque Fringilla LLP,"Arts, Media & Entertainment",3685,3684,3718,3788
66015997670,A Ultricies Ltd,"Arts, Media & Entertainment",3746,3746,3596,3789
41333655501,Leo Elementum LLP,"Arts, Media & Entertainment",3713,3713,3665,3790
76021079177,Pede Malesuada Vel LLP,"Arts, Media & Entertainment",3651,3651,3790,3791
25245001422,Enim Sit Amet Industries,"Arts, Media & Entertainment",3702,3702,3689,3792
86369183535,Neque Non Industries,Technology & Professional Services,3643,3643,3814,3793
19995295153,Risus Nulla Institute,"Lifestyle, Health & Recreation",3842,3842,3423,3794
83808082504,Ut Nisi A Corp.,"Lifestyle, Health & Recreation",3732,3732,3652,3795
56023220219,Nam Interdum Company,Technology & Professional Services,3623,3623,3872,3796
81776569986,Ante Nunc Consulting,"Home, Garden & Living",3668,3668,3784,3797
52451319982,Aenean Euismod Industries,"Arts, Media & Entertainment",3686,3686,3752,3798
55622580330,Lacus LLP,"Arts, Media & Entertainment",3883,3883,3365,3799
85722411612,Ornare Placerat Industries,"Home, Garden & Living",3697,3697,3740,3800
45504841435,Donec Vitae Company,"Arts, Media & Entertainment",3803,3802,3536,3801
56479646937,Curabitur Vel LLC,"Arts, Media & Entertainment",3662,3662,3817,3802
34430258507,Arcu Vivamus Sit Foundation,"Lifestyle, Health & Recreation",3728,3728,3686,3803
93349773784,Facilisis Vitae LLC,"Home, Garden & Living",3765,3765,3618,3804
43909512451,Libero Consulting,"Lifestyle, Health & Recreation",3688,3689,3771,3805
15073534664,Dignissim Tempor Arcu Ltd,"Home, Garden & Living",3721,3722,3715,3806
49647278647,Suspendisse Sagittis Institute,"Arts, Media & Entertainment",3667,3667,3825,3807
93351929638,Est Mauris PC,Technology & Professional Services,3706,3706,3754,3808
46391946761,Libero Nec Ligula LLP,Technology & Professional Services,3845,3845,3477,3809
33587480673,Egestas Blandit Nam LLP,"Home, Garden & Living",3763,3763,3645,3810
59358011432,Lacinia Orci Associates,"Arts, Media & Entertainment",3841,3841,3495,3811
89598973352,Ipsum LLC,"Fashion, Jewelry & Personal Goods",3663,3663,3855,3812
90058450104,Vel Turpis Consulting,"Arts, Media & Entertainment",3642,3642,3897,3813
38180882926,Mauris Quis Corp.,"Lifestyle, Health & Recreation",3718,3718,3747,3814
52746698475,Semper Et Lacinia PC,"Lifestyle, Health & Recreation",3656,3656,3873,3815
56002073911,Sapien Cras Dolor LLC,"Home, Garden & Living",3675,3675,3837,3816
57079678065,Hendrerit Donec Limited,"Arts, Media & Entertainment",3861,3861,3468,3817
66532942314,Per Conubia LLC,"Lifestyle, Health & Recreation",3723,3721,3746,3818
63937753588,Ac Metus Vitae Company,"Home, Garden & Living",3674,3674,3842,3819
28537603098,Sodales Purus Incorporated,"Lifestyle, Health & Recreation",3789,3789,3620,3820
13945345356,Nibh Donec Est Associates,"Home, Garden & Living",3655,3654,3892,3821
67279397175,Malesuada Fames Limited,"Lifestyle, Health & Recreation",3745,3745,3719,3822
79008028287,Feugiat Nec Diam LLC,Technology & Professional Services,3840,3840,3530,3823
53778690950,Nisl Maecenas Malesuada Corporation,"Home, Garden & Living",3710,3710,3794,3824
64648788229,Nisl Maecenas LLC,"Fashion, Jewelry & Personal Goods",3684,3683,3851,3825
79446222046,Ridiculus Mus PC,"Home, Garden & Living",3799,3799,3621,3826
66527348775,Sem Egestas Inc.,"Home, Garden & Living",3720,3720,3779,3827
33925457242,Non Quam LLP,"Lifestyle, Health & Recreation",3701,3701,3821,3828
99990536339,Massa PC,"Lifestyle, Health & Recreation",3875,3875,3475,3829
63523606379,Parturient Montes Nascetur Limited,"Home, Garden & Living",3687,3687,3852,3830
74247444320,Enim Corporation,"Home, Garden & Living",3681,3681,3866,3831
75454398468,Tempus Non Lacinia Corporation,"Home, Garden & Living",3750,3750,3729,3832
62596784370,Nec Imperdiet Company,"Arts, Media & Entertainment",3708,3707,3816,3833
51561881468,Tristique Pellentesque Tellus LLP,"Arts, Media & Entertainment",3731,3731,3775,3834
34768249497,Gravida Molestie Institute,"Lifestyle, Health & Recreation",3764,3764,3711,3835
37706925794,Purus Nullam Associates,"Lifestyle, Health & Recreation",3665,3665,3910,3836
75452980559,Proin Eget Corporation,Technology & Professional Services,3737,3737,3769,3837
52838486584,Interdum PC,"Home, Garden & Living",3678,3678,3890,3838
38986645707,Lectus Justo LLC,"Lifestyle, Health & Recreation",3742,3742,3767,3839
43698886228,Nec Quam Corp.,"Fashion, Jewelry & Personal Goods",3696,3696,3859,3840
48666632255,Aliquam Nec Enim LLP,"Home, Garden & Living",3821,3821,3613,3841
56482885504,Libero Morbi Company,"Arts, Media & Entertainment",3690,3690,3875,3842
42420316138,Ipsum Corp.,"Arts, Media & Entertainment",3761,3761,3736,3843
58812213085,Fusce Aliquet Incorporated,"Lifestyle, Health & Recreation",3704,3704,3853,3844
69983246412,Quam Quis Company,"Arts, Media & Entertainment",3700,3700,3861,3845
52441951858,Erat Eget Tincidunt Consulting,"Arts, Media & Entertainment",3698,3699,3868,3846
18142272571,Ligula Nullam Inc.,"Lifestyle, Health & Recreation",3709,3709,3850,3847
53035587173,Iaculis Lacus Ltd,"Home, Garden & Living",3756,3756,3760,3848
84895141974,Quam Quis Diam Consulting,"Arts, Media & Entertainment",3680,3680,3913,3849
45785438987,Sit Amet Limited,"Home, Garden & Living",3748,3748,3782,3850
27529271582,Pharetra Ltd,"Arts, Media & Entertainment",3781,3781,3724,3851
90689166680,Ante Nunc Mauris Corp.,Technology & Professional Services,3758,3757,3777,3852
68548907085,Dui Limited,Technology & Professional Services,3717,3717,3865,3853
24092849628,Duis Ac Foundation,"Home, Garden & Living",3805,3805,3699,3854
23506252960,Etiam Incorporated,"Arts, Media & Entertainment",3727,3726,3863,3855
23222608112,Proin Vel Nisl PC,"Lifestyle, Health & Recreation",3714,3714,3889,3856
25117003509,A Tortor LLP,"Arts, Media & Entertainment",3831,3831,3660,3857
21667845371,Ante Vivamus Company,"Lifestyle, Health & Recreation",3733,3733,3860,3858
96911331900,Lacus Nulla Foundation,"Home, Garden & Living",3794,3794,3739,3859
22267067774,Viverra Maecenas Iaculis Ltd,"Home, Garden & Living",3736,3736,3864,3860
18600250054,Est Vitae Ltd,"Home, Garden & Living",3747,3747,3845,3861
89741543872,Felis Ullamcorper Corp.,Technology & Professional Services,3735,3735,3871,3862
83004629651,Auctor Odio Company,"Arts, Media & Entertainment",3839,3839,3678,3863
89575340835,Sodales Mauris Corp.,"Arts, Media & Entertainment",3779,3779,3798,3864
66610548417,Nulla Inc.,"Home, Garden & Living",3814,3814,3731,3865
27573216953,Adipiscing Inc.,"Home, Garden & Living",3811,3810,3745,3866
80597774208,Arcu Iaculis Enim Institute,"Lifestyle, Health & Recreation",3798,3798,3770,3867
85529538986,Sed Neque Associates,"Home, Garden & Living",3795,3795,3787,3868
89129047209,Suspendisse Tristique Neque LLC,"Fashion, Jewelry & Personal Goods",3790,3790,3799,3869
94785155422,Tempus Eu Ltd,"Home, Garden & Living",3772,3772,3835,3870
76241460849,Ullamcorper Duis Cursus Associates,"Home, Garden & Living",3774,3774,3848,3871
88299699256,Et Ultrices Posuere Associates,"Home, Garden & Living",3816,3816,3765,3872
78916025936,Urna Nec Corporation,"Home, Garden & Living",3860,3860,3682,3873
27580593799,Gravida Praesent Incorporated,"Lifestyle, Health & Recreation",3770,3770,3867,3874
82063890289,Phasellus In Felis Associates,"Home, Garden & Living",3741,3741,3925,3875
57782107253,Sagittis Felis PC,"Arts, Media & Entertainment",3757,3758,3894,3876
55902748589,Sociis Natoque Penatibus Associates,"Home, Garden & Living",3755,3755,3901,3877
51401317633,Proin Inc.,"Home, Garden & Living",3806,3806,3808,3878
25794433887,Lacus Cras Interdum Corporation,"Arts, Media & Entertainment",3753,3753,3922,3879
97444574441,Adipiscing Foundation,"Arts, Media & Entertainment",3783,3783,3870,3880
93977601095,Primis LLC,"Home, Garden & Living",3780,3780,3877,3881
49418428210,Aliquet Magna A LLP,"Home, Garden & Living",3871,3871,3696,3882
88253903277,Ultrices Iaculis Inc.,"Arts, Media & Entertainment",3769,3769,3900,3883
22644977942,At Risus Nunc Foundation,"Home, Garden & Living",3822,3822,3795,3884
38523766800,Elit Elit Fermentum Foundation,"Home, Garden & Living",3766,3767,3906,3885
29745128769,Justo Sit Incorporated,"Home, Garden & Living",3760,3760,3920,3886
65175701530,Sed Leo Cras Industries,"Home, Garden & Living",3771,3771,3903,3887
47393015569,Nonummy Ultricies Ornare Inc.,"Lifestyle, Health & Recreation",3797,3797,3856,3888
25219450983,Sed Nunc Limited,"Home, Garden & Living",3867,3867,3725,3889
97443126375,Bibendum Sed Associates,"Home, Garden & Living",3830,3830,3818,3890
22678591293,Tellus Id Industries,"Lifestyle, Health & Recreation",3849,3849,3786,3891
68096660401,Orci Incorporated,"Home, Garden & Living",3792,3792,3902,3892
14336275166,Euismod Est Associates,"Home, Garden & Living",3824,3824,3843,3893
84478592825,Ac Orci Ut Foundation,"Arts, Media & Entertainment",3825,3825,3844,3894
62607401721,Tellus Phasellus Industries,"Home, Garden & Living",3808,3808,3878,3895
71063445046,Eget Laoreet Consulting,"Home, Garden & Living",3851,3850,3797,3896
96568074533,Placerat Associates,"Home, Garden & Living",3858,3858,3788,3897
57082085511,Euismod Est Ltd,"Home, Garden & Living",3868,3868,3772,3898
31068797937,Magna Praesent Industries,"Arts, Media & Entertainment",3809,3809,3891,3899
51253553943,Aliquam Erat LLP,"Home, Garden & Living",3876,3876,3758,3900
55878420190,Ultrices Mauris PC,"Home, Garden & Living",3878,3878,3766,3901
33226000026,Quis Turpis Corp.,"Home, Garden & Living",3885,3885,3763,3902
62818707868,Sollicitudin A Industries,"Home, Garden & Living",3826,3826,3887,3903
64196096120,Turpis Incorporated,"Fashion, Jewelry & Personal Goods",3859,3859,3829,3904
82451618238,Nunc Lectus Pede Institute,"Arts, Media & Entertainment",3815,3815,3917,3905
82843310256,Ipsum Leo Industries,"Home, Garden & Living",3820,3820,3912,3906
46668174318,Risus Nunc PC,"Arts, Media & Entertainment",3828,3828,3907,3907
51423645458,Feugiat Nec Inc.,"Home, Garden & Living",3880,3880,3819,3908
70783350473,Luctus Incorporated,"Home, Garden & Living",3864,3864,3854,3909
92510629620,Fames Ac Turpis Foundation,"Arts, Media & Entertainment",3832,3832,3919,3910
68015860722,Quis Urna PC,"Home, Garden & Living",3850,3851,3884,3911
41670880601,Quam Vel Limited,"Arts, Media & Entertainment",3834,3834,3918,3912
12927607277,Amet Orci Industries,"Home, Garden & Living",3884,3884,3823,3913
18355044772,Sed Nunc LLC,"Home, Garden & Living",3856,3856,3880,3914
93693693468,Ipsum Dolor Corporation,"Home, Garden & Living",3847,3846,3908,3915
29681526553,Cras Vehicula Aliquet Corp.,"Home, Garden & Living",3846,3847,3911,3916
10651113986,Sed Et Libero PC,"Home, Garden & Living",3862,3862,3882,3917
21782713770,Odio A Ltd,"Home, Garden & Living",3848,3848,3916,3918
47436492987,Purus Incorporated,"Home, Garden & Living",3855,3855,3904,3919
84355195068,Sed Est Nunc Institute,"Home, Garden & Living",3866,3866,3885,3920
11848576000,Aenean Eget Corporation,"Arts, Media & Entertainment",3852,3852,3915,3921
54762063900,Eu Erat Corp.,"Home, Garden & Living",3869,3869,3883,3922
42950328371,Tempus Non Corp.,"Home, Garden & Living",3872,3872,3881,3923
18376556220,Sagittis Semper Nam Limited,"Arts, Media & Entertainment",3853,3853,3921,3924
39473654822,Fringilla Ornare Placerat Incorporated,"Home, Garden & Living",3886,3886,3924,3925
